0.35126476300138165,20,CPU_MP,0
0.034559997999167535,4,CPU_MP,0
0.022319200998026645,4,CPU_MP,0
0.019195816999854287,4,CPU_MP,0
0.020533925999188796,4,CPU_MP,0
0.03289145800226834,4,CPU_MP,0
0.01887421799983713,4,CPU_MP,0
0.028979565999179613,4,CPU_MP,0
0.025918071001797216,4,CPU_MP,0
0.029851211002096534,4,CPU_MP,0
0.026694035997934407,4,CPU_MP,0
0.0296894519997295,4,CPU_MP,0
0.03248346000327729,4,CPU_MP,0
0.03035892200205126,4,CPU_MP,0
0.03137383099965518,4,CPU_MP,0
0.02807723200021428,4,CPU_MP,0
0.028856302000349388,4,CPU_MP,0
0.027433713999926113,4,CPU_MP,0
0.026734388000477338,4,CPU_MP,0
0.03485766200174112,4,CPU_MP,0
0.021664898999006255,4,CPU_MP,0
0.024306555002112873,4,CPU_MP,0
0.026033621998067247,4,CPU_MP,0
0.03485826900214306,4,CPU_MP,0
0.024899608997657197,4,CPU_MP,0
0.02507295300165424,4,CPU_MP,0
0.025578967997716973,4,CPU_MP,0
0.030380554002476856,4,CPU_MP,0
0.03779490099987015,4,CPU_MP,0
0.03535455599921988,4,CPU_MP,0
0.029487179999705404,4,CPU_MP,0
0.04431568300060462,4,CPU_MP,0
0.020059431000845507,4,CPU_MP,0
0.027033267000661,4,CPU_MP,0
0.033463777999713784,4,CPU_MP,0
0.0318383099984203,4,CPU_MP,0
0.037753076998342294,4,CPU_MP,0
0.022717312000168022,4,CPU_MP,0
0.021963425999274477,4,CPU_MP,0
0.021072452000225894,4,CPU_MP,0
0.027992976996756624,4,CPU_MP,0
0.02971671600244008,4,CPU_MP,0
0.03455820599992876,4,CPU_MP,0
0.02801428900056635,4,CPU_MP,0
0.020377319000544958,4,CPU_MP,0
0.027867887998581864,4,CPU_MP,0
0.024958744998002658,4,CPU_MP,0
0.028855278997070855,4,CPU_MP,0
0.03150477400049567,4,CPU_MP,0
0.03585932300120476,4,CPU_MP,0
0.032654819999152096,4,CPU_MP,0
0.031109544001083123,4,CPU_MP,0
0.03568981900025392,4,CPU_MP,0
0.02819172800082015,4,CPU_MP,0
0.027250033999735024,4,CPU_MP,0
0.029677067999728024,4,CPU_MP,0
0.026584852999803843,4,CPU_MP,0
0.031124487999477424,4,CPU_MP,0
0.029841387000487885,4,CPU_MP,0
0.026836019998881966,4,CPU_MP,0
0.02940846099954797,4,CPU_MP,0
0.021843617996637477,4,CPU_MP,0
0.028961421001440613,4,CPU_MP,0
0.02760136199867702,4,CPU_MP,0
0.03202432500256691,4,CPU_MP,0
0.03066608900189749,4,CPU_MP,0
0.03112080699793296,4,CPU_MP,0
0.033056161999411415,4,CPU_MP,0
0.02712558699931833,4,CPU_MP,0
0.03259081899886951,4,CPU_MP,0
0.029221132997918176,4,CPU_MP,0
0.03387123200081987,4,CPU_MP,0
0.027363986999262124,4,CPU_MP,0
0.026960180002788547,4,CPU_MP,0
0.028764655002305517,4,CPU_MP,0
0.026675731998693664,4,CPU_MP,0
0.029629132000991376,4,CPU_MP,0
0.030322282000270206,4,CPU_MP,0
0.02513420100149233,4,CPU_MP,0
0.0269746749982005,4,CPU_MP,0
0.025242232000891818,4,CPU_MP,0
0.031839334002143005,4,CPU_MP,0
0.027138546996866353,4,CPU_MP,0
0.03157312600160367,4,CPU_MP,0
0.02647083700139774,4,CPU_MP,0
0.03726782999729039,4,CPU_MP,0
0.02542466400336707,4,CPU_MP,0
0.02766686599716195,4,CPU_MP,0
0.0243947790004313,4,CPU_MP,0
0.024099931000819197,4,CPU_MP,0
0.02820439999777591,4,CPU_MP,0
0.029481932000635425,4,CPU_MP,0
0.025821974999416852,4,CPU_MP,0
0.036044090000359574,4,CPU_MP,0
0.02783304100012174,4,CPU_MP,0
0.0234041250005248,4,CPU_MP,0
0.018864458001189632,4,CPU_MP,0
0.02022439099891926,4,CPU_MP,0
0.025178743999276776,4,CPU_MP,0
0.03449875000296743,4,CPU_MP,0
0.033087491003243485,4,CPU_MP,0
0.02782856100020581,4,CPU_MP,0
0.031841317999351304,4,CPU_MP,0
0.03247194000141462,4,CPU_MP,0
0.027395697998144897,4,CPU_MP,0
0.026528820999374148,4,CPU_MP,0
0.027338641997630475,4,CPU_MP,0
0.028867757999250898,4,CPU_MP,0
0.028514031000668183,4,CPU_MP,0
0.030692008996993536,4,CPU_MP,0
0.02727387399863801,4,CPU_MP,0
0.027114930999232456,4,CPU_MP,0
0.03210614900308428,4,CPU_MP,0
0.029903722999733873,4,CPU_MP,0
0.034528029998909915,4,CPU_MP,0
0.025250840997614432,4,CPU_MP,0
0.028720686997985467,4,CPU_MP,0
0.030485258001135662,4,CPU_MP,0
0.026146357999095926,4,CPU_MP,0
0.029649419997440418,4,CPU_MP,0
0.02881918200000655,4,CPU_MP,0
0.03188128499823506,4,CPU_MP,0
0.02836830399974133,4,CPU_MP,0
0.025566583997715497,4,CPU_MP,0
0.03067351299978327,4,CPU_MP,0
0.03829720300200279,4,CPU_MP,0
0.024432987000182038,4,CPU_MP,0
0.022943774001760175,4,CPU_MP,0
0.02218339300088701,4,CPU_MP,0
0.020533285998681094,4,CPU_MP,0
0.025937847000022884,4,CPU_MP,0
0.028861678998509888,4,CPU_MP,0
0.027417874000093434,4,CPU_MP,0
0.025803158001508564,4,CPU_MP,0
0.03150160600125673,4,CPU_MP,0
0.026966836001520278,4,CPU_MP,0
0.028888621996884467,4,CPU_MP,0
0.03132931900108815,4,CPU_MP,0
0.02475343299738597,4,CPU_MP,0
0.025751254997885553,4,CPU_MP,0
0.031192839000141248,4,CPU_MP,0
0.02797563200147124,4,CPU_MP,0
0.026654675999452593,4,CPU_MP,0
0.02639925300172763,4,CPU_MP,0
0.02762097699815058,4,CPU_MP,0
0.02930311599993729,4,CPU_MP,0
0.02418089099955978,4,CPU_MP,0
0.033003042997734156,4,CPU_MP,0
0.03358742500131484,4,CPU_MP,0
0.030754311999771744,4,CPU_MP,0
0.03099991199997021,4,CPU_MP,0
0.027700304999598302,4,CPU_MP,0
0.02787156900012633,4,CPU_MP,0
0.032114213001477765,4,CPU_MP,0
0.03177927000069758,4,CPU_MP,0
0.033521920999191934,4,CPU_MP,0
0.03298473800168722,4,CPU_MP,0
0.027731954000046244,4,CPU_MP,0
0.041348777998791775,4,CPU_MP,0
0.02434466699924087,4,CPU_MP,0
0.01926170499791624,4,CPU_MP,0
0.022467615999630652,4,CPU_MP,0
0.025195031998009654,4,CPU_MP,0
0.027014739000151167,4,CPU_MP,0
0.021715715000027558,4,CPU_MP,0
0.028448110999306664,4,CPU_MP,0
0.03565106700261822,4,CPU_MP,0
0.022488704998977482,4,CPU_MP,0
0.032886499000596814,4,CPU_MP,0
0.022880510998220416,4,CPU_MP,0
0.03173264600263792,4,CPU_MP,0
0.03399926400015829,4,CPU_MP,0
0.02277715199670638,4,CPU_MP,0
0.023035774000163656,4,CPU_MP,0
0.029423117000987986,4,CPU_MP,0
0.029974283002957236,4,CPU_MP,0
0.02818680000200402,4,CPU_MP,0
0.032280835999699775,4,CPU_MP,0
0.035654491002787836,4,CPU_MP,0
0.030417706002481282,4,CPU_MP,0
0.035313499996846076,4,CPU_MP,0
0.030375369999092072,4,CPU_MP,0
0.024025083999731578,4,CPU_MP,0
0.03328569799850811,4,CPU_MP,0
0.026727732001745608,4,CPU_MP,0
0.030966728998464532,4,CPU_MP,0
0.025897685998643283,4,CPU_MP,0
0.030892456001311075,4,CPU_MP,0
0.02448777099925792,4,CPU_MP,0
0.031914309998683166,4,CPU_MP,0
0.02405945200007409,4,CPU_MP,0
0.035979161999421194,4,CPU_MP,0
0.03119498300293344,4,CPU_MP,0
0.025960949998989236,4,CPU_MP,0
0.024327610997715965,4,CPU_MP,0
0.03251398800057359,4,CPU_MP,0
0.033824384001491126,4,CPU_MP,0
0.03137104699999327,4,CPU_MP,0
0.03104682399862213,4,CPU_MP,0
0.023332862001552712,4,CPU_MP,0
0.03757167000003392,4,CPU_MP,0
0.04288445400015917,5,CPU_MP,0
0.037272565998137,5,CPU_MP,0
0.02996727500067209,5,CPU_MP,0
0.04485337699952652,5,CPU_MP,0
0.02731544200287317,5,CPU_MP,0
0.04737640999883297,5,CPU_MP,0
0.03014458600227954,5,CPU_MP,0
0.02402277999863145,5,CPU_MP,0
0.028558894999150652,5,CPU_MP,0
0.03641954500199063,5,CPU_MP,0
0.03477295699849492,5,CPU_MP,0
0.03471100599927013,5,CPU_MP,0
0.03591471400068258,5,CPU_MP,0
0.039702862999547506,5,CPU_MP,0
0.04174032900118618,5,CPU_MP,0
0.032535971000470454,5,CPU_MP,0
0.02704635500049335,5,CPU_MP,0
0.023420573001203593,5,CPU_MP,0
0.03673727099885582,5,CPU_MP,0
0.03612044200053788,5,CPU_MP,0
0.0384211390010023,5,CPU_MP,0
0.045477919000404654,5,CPU_MP,0
0.035550395001337165,5,CPU_MP,0
0.02679537999938475,5,CPU_MP,0
0.02793035300055635,5,CPU_MP,0
0.0346137259984971,5,CPU_MP,0
0.027173650996701326,5,CPU_MP,0
0.0313662150001619,5,CPU_MP,0
0.04299991000152659,5,CPU_MP,0
0.04632230099741719,5,CPU_MP,0
0.023781756000971654,5,CPU_MP,0
0.02138701099829632,5,CPU_MP,0
0.03116074300123728,5,CPU_MP,0
0.03726104599991231,5,CPU_MP,0
0.0321183080013725,5,CPU_MP,0
0.036936374999640975,5,CPU_MP,0
0.033551040000020294,5,CPU_MP,0
0.03885624200120219,5,CPU_MP,0
0.036171449999528704,5,CPU_MP,0
0.033614113002840895,5,CPU_MP,0
0.03662466400055564,5,CPU_MP,0
0.03722629500043695,5,CPU_MP,0
0.032530627999221906,5,CPU_MP,0
0.038024019999284064,5,CPU_MP,0
0.03447404600228765,5,CPU_MP,0
0.04844536699965829,5,CPU_MP,0
0.023824284002330387,5,CPU_MP,0
0.024969976999273058,5,CPU_MP,0
0.02730811400033417,5,CPU_MP,0
0.029085262001899537,5,CPU_MP,0
0.034148606999224285,5,CPU_MP,0
0.023704444996837992,5,CPU_MP,0
0.02659032500014291,5,CPU_MP,0
0.032032037001044955,5,CPU_MP,0
0.03437686300094356,5,CPU_MP,0
0.025499671999568818,5,CPU_MP,0
0.02391583700227784,5,CPU_MP,0
0.03944340800080681,5,CPU_MP,0
0.03563244299948565,5,CPU_MP,0
0.03493903699927614,5,CPU_MP,0
0.03562092300126096,5,CPU_MP,0
0.034273887002200354,5,CPU_MP,0
0.03780856499724905,5,CPU_MP,0
0.04287559099975624,5,CPU_MP,0
0.03028394600187312,5,CPU_MP,0
0.034443038999597775,5,CPU_MP,0
0.029012205999606522,5,CPU_MP,0
0.03282067400141386,5,CPU_MP,0
0.032531266999285435,5,CPU_MP,0
0.033300832998065744,5,CPU_MP,0
0.04492256099911174,5,CPU_MP,0
0.04540351899777306,5,CPU_MP,0
0.038601265998295275,5,CPU_MP,0
0.04496582399951876,5,CPU_MP,0
0.03845758700117585,5,CPU_MP,0
0.034059327001159545,5,CPU_MP,0
0.03610393000053591,5,CPU_MP,0
0.03271760300049209,5,CPU_MP,0
0.03951083100037067,5,CPU_MP,0
0.05747903700103052,5,CPU_MP,0
0.03980014300032053,5,CPU_MP,0
0.037642966002749745,5,CPU_MP,0
0.030484330000035698,5,CPU_MP,0
0.03716309499941417,5,CPU_MP,0
0.032042949002061505,5,CPU_MP,0
0.03968763200100511,5,CPU_MP,0
0.027872593000211054,5,CPU_MP,0
0.03600117799942382,5,CPU_MP,0
0.029351851997489575,5,CPU_MP,0
0.03374086399708176,5,CPU_MP,0
0.02769124900078168,5,CPU_MP,0
0.038901232997886837,5,CPU_MP,0
0.045278751000296324,5,CPU_MP,0
0.02647730099852197,5,CPU_MP,0
0.02641323699936038,5,CPU_MP,0
0.03798098100014613,5,CPU_MP,0
0.033400448999600485,5,CPU_MP,0
0.043786403999547474,5,CPU_MP,0
0.03234758799953852,5,CPU_MP,0
0.036529976001475006,5,CPU_MP,0
0.034013822998531396,5,CPU_MP,0
0.03100928799904068,5,CPU_MP,0
0.037356182001531124,5,CPU_MP,0
0.03020861800177954,5,CPU_MP,0
0.04084858799978974,5,CPU_MP,0
0.03666424800030654,5,CPU_MP,0
0.029069421001622686,5,CPU_MP,0
0.04030779000095208,5,CPU_MP,0
0.034045022999634966,5,CPU_MP,0
0.031831012998736696,5,CPU_MP,0
0.04281821500262595,5,CPU_MP,0
0.02413775500099291,5,CPU_MP,0
0.026839698999538086,5,CPU_MP,0
0.024470905998896342,5,CPU_MP,0
0.023065567002049647,5,CPU_MP,0
0.023095774002285907,5,CPU_MP,0
0.040963339000882115,5,CPU_MP,0
0.04156919399974868,5,CPU_MP,0
0.023330653999437345,5,CPU_MP,0
0.026928339997539297,5,CPU_MP,0
0.02378617300200858,5,CPU_MP,0
0.03346512099960819,5,CPU_MP,0
0.02418524400127353,5,CPU_MP,0
0.031135719997109845,5,CPU_MP,0
0.02571416700084228,5,CPU_MP,0
0.027963344000454526,5,CPU_MP,0
0.0258311590005178,5,CPU_MP,0
0.02553138299845159,5,CPU_MP,0
0.03354540900181746,5,CPU_MP,0
0.02838203099963721,5,CPU_MP,0
0.02399100399998133,5,CPU_MP,0
0.023484862002078444,5,CPU_MP,0
0.030469897003058577,5,CPU_MP,0
0.02884187000017846,5,CPU_MP,0
0.02379046100031701,5,CPU_MP,0
0.025547096000082092,5,CPU_MP,0
0.023809884001821047,5,CPU_MP,0
0.040845835999789415,5,CPU_MP,0
0.026421588998346124,5,CPU_MP,0
0.04679596300047706,5,CPU_MP,0
0.03620543299985002,5,CPU_MP,0
0.0238257880009769,5,CPU_MP,0
0.0248249210017093,5,CPU_MP,0
0.030110185998637462,5,CPU_MP,0
0.0266373320009734,5,CPU_MP,0
0.02213977799692657,5,CPU_MP,0
0.021232068000244908,5,CPU_MP,0
0.025714455001434544,5,CPU_MP,0
0.03473878099975991,5,CPU_MP,0
0.04078717999800574,5,CPU_MP,0
0.02803217600012431,5,CPU_MP,0
0.0246468420009478,5,CPU_MP,0
0.028459023000323214,5,CPU_MP,0
0.03185792599833803,5,CPU_MP,0
0.034178174999397015,5,CPU_MP,0
0.03443151800092892,5,CPU_MP,0
0.03457033399899956,5,CPU_MP,0
0.030467081000097096,5,CPU_MP,0
0.03325209800095763,5,CPU_MP,0
0.033390848999260925,5,CPU_MP,0
0.03209290100130602,5,CPU_MP,0
0.03538130800006911,5,CPU_MP,0
0.03461449399765115,5,CPU_MP,0
0.034020382998278365,5,CPU_MP,0
0.0355494670002372,5,CPU_MP,0
0.033349058001476806,5,CPU_MP,0
0.031207592001010198,5,CPU_MP,0
0.03173485400111531,5,CPU_MP,0
0.036511384001642,5,CPU_MP,0
0.02859339100177749,5,CPU_MP,0
0.03298012999948696,5,CPU_MP,0
0.035941625999839744,5,CPU_MP,0
0.04566204600268975,5,CPU_MP,0
0.02875281400338281,5,CPU_MP,0
0.036643961000663694,5,CPU_MP,0
0.028000465001241537,5,CPU_MP,0
0.030452682000031928,5,CPU_MP,0
0.0240098840004066,5,CPU_MP,0
0.03183133299899055,5,CPU_MP,0
0.03031153000119957,5,CPU_MP,0
0.028820207000535447,5,CPU_MP,0
0.02462700300020515,5,CPU_MP,0
0.02218982499834965,5,CPU_MP,0
0.028140271999291144,5,CPU_MP,0
0.020982852998713497,5,CPU_MP,0
0.024966201999632176,5,CPU_MP,0
0.02264105600261246,5,CPU_MP,0
0.031940614000632195,5,CPU_MP,0
0.03725214999940363,5,CPU_MP,0
0.034364030998403905,5,CPU_MP,0
0.033723680000548484,5,CPU_MP,0
0.037816149000718724,5,CPU_MP,0
0.036894487999234116,5,CPU_MP,0
0.03619634499773383,5,CPU_MP,0
0.03260189100183197,5,CPU_MP,0
0.03415779100032523,5,CPU_MP,0
0.03587913099909201,5,CPU_MP,0
0.035271707998617785,5,CPU_MP,0
0.03305993799949647,5,CPU_MP,0
0.0354047000000719,5,CPU_MP,0
0.04638585200154921,6,CPU_MP,0
0.0355849549996492,6,CPU_MP,0
0.03558345199780888,6,CPU_MP,0
0.032765795000159414,6,CPU_MP,0
0.03552079500150285,6,CPU_MP,0
0.037101591002283385,6,CPU_MP,0
0.031083015997865004,6,CPU_MP,0
0.029733898998529185,6,CPU_MP,0
0.036496823999186745,6,CPU_MP,0
0.033096194001700496,6,CPU_MP,0
0.03587074600000051,6,CPU_MP,0
0.03098058400064474,6,CPU_MP,0
0.03879556899846648,6,CPU_MP,0
0.028595470001164358,6,CPU_MP,0
0.03656562399919494,6,CPU_MP,0
0.03920971300249221,6,CPU_MP,0
0.030259881998063065,6,CPU_MP,0
0.03528069999811123,6,CPU_MP,0
0.0441600029989786,6,CPU_MP,0
0.03462706999926013,6,CPU_MP,0
0.044451393998315325,6,CPU_MP,0
0.04749976899984176,6,CPU_MP,0
0.03918692899969756,6,CPU_MP,0
0.04779877599867177,6,CPU_MP,0
0.03722677400219254,6,CPU_MP,0
0.04755324100187863,6,CPU_MP,0
0.04500591999749304,6,CPU_MP,0
0.041037995000806404,6,CPU_MP,0
0.055978208998567425,6,CPU_MP,0
0.04317206899941084,6,CPU_MP,0
0.034630588997970335,6,CPU_MP,0
0.031082662997505395,6,CPU_MP,0
0.031244968002283713,6,CPU_MP,0
0.039789198999642394,6,CPU_MP,0
0.04138618599972688,6,CPU_MP,0
0.03842622699812637,6,CPU_MP,0
0.04354125199824921,6,CPU_MP,0
0.03928750499835587,6,CPU_MP,0
0.03992609499982791,6,CPU_MP,0
0.05384218399922247,6,CPU_MP,0
0.03391417600141722,6,CPU_MP,0
0.03459276600187877,6,CPU_MP,0
0.04086103600275237,6,CPU_MP,0
0.03874337800152716,6,CPU_MP,0
0.041472842000075616,6,CPU_MP,0
0.04341654900053982,6,CPU_MP,0
0.037957748001645086,6,CPU_MP,0
0.04927650099853054,6,CPU_MP,0
0.03905253000266384,6,CPU_MP,0
0.047249977997125825,6,CPU_MP,0
0.039345648001472,6,CPU_MP,0
0.042765542999404715,6,CPU_MP,0
0.03968747200269718,6,CPU_MP,0
0.040612205000797985,6,CPU_MP,0
0.041445931001362624,6,CPU_MP,0
0.03911918500307365,6,CPU_MP,0
0.048866198001633165,6,CPU_MP,0
0.03118180000092252,6,CPU_MP,0
0.03605071399942972,6,CPU_MP,0
0.04630665300282999,6,CPU_MP,0
0.0309023440022429,6,CPU_MP,0
0.03422899099678034,6,CPU_MP,0
0.04223597600139328,6,CPU_MP,0
0.04944546000115224,6,CPU_MP,0
0.04076916399935726,6,CPU_MP,0
0.035043324998696335,6,CPU_MP,0
0.03626236100171809,6,CPU_MP,0
0.03304256199771771,6,CPU_MP,0
0.028711278002447216,6,CPU_MP,0
0.03377228799945442,6,CPU_MP,0
0.034878204998676665,6,CPU_MP,0
0.038636401997791836,6,CPU_MP,0
0.036224792998837074,6,CPU_MP,0
0.031225608003296657,6,CPU_MP,0
0.04387683599998127,6,CPU_MP,0
0.04248800699861022,6,CPU_MP,0
0.04544329499913147,6,CPU_MP,0
0.03559007500007283,6,CPU_MP,0
0.031553415003145346,6,CPU_MP,0
0.03319753799951286,6,CPU_MP,0
0.04268311099804123,6,CPU_MP,0
0.03285814600167214,6,CPU_MP,0
0.03054183399945032,6,CPU_MP,0
0.03005946700068307,6,CPU_MP,0
0.040929803999461,6,CPU_MP,0
0.03302054600135307,6,CPU_MP,0
0.03466994900009013,6,CPU_MP,0
0.0314917189971311,6,CPU_MP,0
0.03861067400066531,6,CPU_MP,0
0.031020136000734055,6,CPU_MP,0
0.03069066499665496,6,CPU_MP,0
0.045431967002514284,6,CPU_MP,0
0.037421013999846764,6,CPU_MP,0
0.038447730999905616,6,CPU_MP,0
0.04436972999974387,6,CPU_MP,0
0.0325486119982088,6,CPU_MP,0
0.030992999996669823,6,CPU_MP,0
0.03851000299982843,6,CPU_MP,0
0.038319954997859895,6,CPU_MP,0
0.03228506000232301,6,CPU_MP,0
0.04108196399829467,6,CPU_MP,0
0.034157759000663646,6,CPU_MP,0
0.03387852699961513,6,CPU_MP,0
0.028674287001194898,6,CPU_MP,0
0.037084887000673916,6,CPU_MP,0
0.035018973001569975,6,CPU_MP,0
0.03598828199756099,6,CPU_MP,0
0.029484684000635752,6,CPU_MP,0
0.030461898000794463,6,CPU_MP,0
0.04688447500302573,6,CPU_MP,0
0.0367725359974429,6,CPU_MP,0
0.035165627999958815,6,CPU_MP,0
0.038829458000691375,6,CPU_MP,0
0.03230064400122501,6,CPU_MP,0
0.034345566000411054,6,CPU_MP,0
0.029108877999533433,6,CPU_MP,0
0.038645361997623695,6,CPU_MP,0
0.03422918299838784,6,CPU_MP,0
0.035679067001183284,6,CPU_MP,0
0.034369247001450276,6,CPU_MP,0
0.03488447699783137,6,CPU_MP,0
0.03150573499806342,6,CPU_MP,0
0.03433683099865448,6,CPU_MP,0
0.03769586099951994,6,CPU_MP,0
0.033037730001524324,6,CPU_MP,0
0.03333286599809071,6,CPU_MP,0
0.031321992002631305,6,CPU_MP,0
0.03577177000261145,6,CPU_MP,0
0.032604963998892345,6,CPU_MP,0
0.029748523000307614,6,CPU_MP,0
0.037014389999967534,6,CPU_MP,0
0.03435433399863541,6,CPU_MP,0
0.03753582900026231,6,CPU_MP,0
0.037002966997533804,6,CPU_MP,0
0.030570569000701653,6,CPU_MP,0
0.03617007399952854,6,CPU_MP,0
0.03760146200147574,6,CPU_MP,0
0.04402051500073867,6,CPU_MP,0
0.04484441699969466,6,CPU_MP,0
0.03532137200090801,6,CPU_MP,0
0.04252644000007422,6,CPU_MP,0
0.034196511001937324,6,CPU_MP,0
0.0377456850001181,6,CPU_MP,0
0.04112340299980133,6,CPU_MP,0
0.04697570700227516,6,CPU_MP,0
0.039096465003240155,6,CPU_MP,0
0.032141829000465805,6,CPU_MP,0
0.03621509699951275,6,CPU_MP,0
0.03919560100257513,6,CPU_MP,0
0.03411667100226623,6,CPU_MP,0
0.03011034700102755,6,CPU_MP,0
0.0357426820010005,6,CPU_MP,0
0.02970548400116968,6,CPU_MP,0
0.03415292700083228,6,CPU_MP,0
0.03420931099753943,6,CPU_MP,0
0.03161021399864694,6,CPU_MP,0
0.03321548900203197,6,CPU_MP,0
0.02630117399894516,6,CPU_MP,0
0.036360217000037665,6,CPU_MP,0
0.04092554800081416,6,CPU_MP,0
0.042812005998712266,6,CPU_MP,0
0.04136573900177609,6,CPU_MP,0
0.03823371600083192,6,CPU_MP,0
0.03221568499793648,6,CPU_MP,0
0.02916052499858779,6,CPU_MP,0
0.03184515799875953,6,CPU_MP,0
0.03737960599755752,6,CPU_MP,0
0.03417836799781071,6,CPU_MP,0
0.03596482599823503,6,CPU_MP,0
0.03549727499921573,6,CPU_MP,0
0.030873352003254695,6,CPU_MP,0
0.03646796099928906,6,CPU_MP,0
0.03259017999880598,6,CPU_MP,0
0.03442934199847514,6,CPU_MP,0
0.028189776003273437,6,CPU_MP,0
0.03337209700111998,6,CPU_MP,0
0.035947066000517225,6,CPU_MP,0
0.028846510998846497,6,CPU_MP,0
0.04194736900171847,6,CPU_MP,0
0.03870401899985154,6,CPU_MP,0
0.04312045400001807,6,CPU_MP,0
0.038678321998304455,6,CPU_MP,0
0.038373426999896765,6,CPU_MP,0
0.03604056999756722,6,CPU_MP,0
0.03897092899933341,6,CPU_MP,0
0.04224128799978644,6,CPU_MP,0
0.045116831999621354,6,CPU_MP,0
0.03683397599888849,6,CPU_MP,0
0.036732055003085406,6,CPU_MP,0
0.033801792000303976,6,CPU_MP,0
0.029872619001253042,6,CPU_MP,0
0.03412227100125165,6,CPU_MP,0
0.03558197900201776,6,CPU_MP,0
0.03537119600150618,6,CPU_MP,0
0.03982577500210027,6,CPU_MP,0
0.04043825400003698,6,CPU_MP,0
0.040371244998823386,6,CPU_MP,0
0.03837803500209702,6,CPU_MP,0
0.03623858500213828,6,CPU_MP,0
0.04517804699935368,6,CPU_MP,0
0.05632297700140043,7,CPU_MP,0
0.045446366999385646,7,CPU_MP,0
0.03862641800151323,7,CPU_MP,0
0.04307472499931464,7,CPU_MP,0
0.038205139000638155,7,CPU_MP,0
0.039581744000315666,7,CPU_MP,0
0.04033473399977083,7,CPU_MP,0
0.04349997300232644,7,CPU_MP,0
0.03727243799949065,7,CPU_MP,0
0.04183216900128173,7,CPU_MP,0
0.03473874900009832,7,CPU_MP,0
0.03981806299998425,7,CPU_MP,0
0.04364851599893882,7,CPU_MP,0
0.041174730999046005,7,CPU_MP,0
0.04090871600055834,7,CPU_MP,0
0.047023994997289265,7,CPU_MP,0
0.05118020699956105,7,CPU_MP,0
0.04938219600080629,7,CPU_MP,0
0.052789834000577684,7,CPU_MP,0
0.042697542001405964,7,CPU_MP,0
0.04202855300172814,7,CPU_MP,0
0.03966734400091809,7,CPU_MP,0
0.0524817069999699,7,CPU_MP,0
0.05009681800220278,7,CPU_MP,0
0.04426541099746828,7,CPU_MP,0
0.0521576439969067,7,CPU_MP,0
0.053374312999949325,7,CPU_MP,0
0.0557591369979491,7,CPU_MP,0
0.04814808699666173,7,CPU_MP,0
0.04670639599862625,7,CPU_MP,0
0.03584162599872798,7,CPU_MP,0
0.04029498900126782,7,CPU_MP,0
0.043551107999519445,7,CPU_MP,0
0.058362425999803236,7,CPU_MP,0
0.03817944399997941,7,CPU_MP,0
0.057996315001219045,7,CPU_MP,0
0.047101146999921184,7,CPU_MP,0
0.04561334200116107,7,CPU_MP,0
0.04205082500266144,7,CPU_MP,0
0.043644836001476506,7,CPU_MP,0
0.03761486899747979,7,CPU_MP,0
0.043330372998752864,7,CPU_MP,0
0.0422194960010529,7,CPU_MP,0
0.04287501399812754,7,CPU_MP,0
0.043999714998790296,7,CPU_MP,0
0.0460522530011076,7,CPU_MP,0
0.03495554899927811,7,CPU_MP,0
0.03985518300032709,7,CPU_MP,0
0.04032036599892308,7,CPU_MP,0
0.040882411998609314,7,CPU_MP,0
0.03887390499949106,7,CPU_MP,0
0.0404709249996813,7,CPU_MP,0
0.03700485499939532,7,CPU_MP,0
0.0450049279970699,7,CPU_MP,0
0.0430293179997534,7,CPU_MP,0
0.05597120200036443,7,CPU_MP,0
0.0414258989985683,7,CPU_MP,0
0.04390297899954021,7,CPU_MP,0
0.04343811599756009,7,CPU_MP,0
0.04728450600305223,7,CPU_MP,0
0.04455891399993561,7,CPU_MP,0
0.04078551600105129,7,CPU_MP,0
0.04292176599847153,7,CPU_MP,0
0.037351798000599956,7,CPU_MP,0
0.037658772998838685,7,CPU_MP,0
0.04264282299845945,7,CPU_MP,0
0.04035473299882142,7,CPU_MP,0
0.03924004799773684,7,CPU_MP,0
0.0428845509995881,7,CPU_MP,0
0.044134274998214096,7,CPU_MP,0
0.04426953800066258,7,CPU_MP,0
0.03856203400209779,7,CPU_MP,0
0.048791350000101374,7,CPU_MP,0
0.04213811999943573,7,CPU_MP,0
0.0360687299980782,7,CPU_MP,0
0.04193834499892546,7,CPU_MP,0
0.06252571100048954,7,CPU_MP,0
0.043445541003166,7,CPU_MP,0
0.0486730139964493,7,CPU_MP,0
0.04423494599905098,7,CPU_MP,0
0.0424721999988833,7,CPU_MP,0
0.04115994700259762,7,CPU_MP,0
0.044680320999759715,7,CPU_MP,0
0.04480403300112812,7,CPU_MP,0
0.047540345000015805,7,CPU_MP,0
0.038184852000995306,7,CPU_MP,0
0.0388648820007802,7,CPU_MP,0
0.04305703000136418,7,CPU_MP,0
0.04735970600086148,7,CPU_MP,0
0.04067716500139795,7,CPU_MP,0
0.03809736400216934,7,CPU_MP,0
0.03835605099811801,7,CPU_MP,0
0.04510780800046632,7,CPU_MP,0
0.04276538200065261,7,CPU_MP,0
0.04467542500060517,7,CPU_MP,0
0.04790373600189923,7,CPU_MP,0
0.04298755799754872,7,CPU_MP,0
0.038431442000728566,7,CPU_MP,0
0.04772789599883254,7,CPU_MP,0
0.047433080999326194,7,CPU_MP,0
0.041808936999586876,7,CPU_MP,0
0.043748964002588764,7,CPU_MP,0
0.04250448799939477,7,CPU_MP,0
0.04233520799971302,7,CPU_MP,0
0.03911364899977343,7,CPU_MP,0
0.04575807799847098,7,CPU_MP,0
0.03758639000079711,7,CPU_MP,0
0.04045457400206942,7,CPU_MP,0
0.04251328699683654,7,CPU_MP,0
0.038607699003478047,7,CPU_MP,0
0.041160426997521427,7,CPU_MP,0
0.05089374399904045,7,CPU_MP,0
0.042249927999364445,7,CPU_MP,0
0.046861467002599966,7,CPU_MP,0
0.04864885400093044,7,CPU_MP,0
0.04028235000077984,7,CPU_MP,0
0.04139767400192795,7,CPU_MP,0
0.03841681899939431,7,CPU_MP,0
0.04221136799969827,7,CPU_MP,0
0.04866286999822478,7,CPU_MP,0
0.041461066000920255,7,CPU_MP,0
0.03868142599822022,7,CPU_MP,0
0.04626953299884917,7,CPU_MP,0
0.035646427000756375,7,CPU_MP,0
0.034364318002189975,7,CPU_MP,0
0.042288328000722686,7,CPU_MP,0
0.04048107000198797,7,CPU_MP,0
0.04709394599922234,7,CPU_MP,0
0.042007561001810245,7,CPU_MP,0
0.03975390399864409,7,CPU_MP,0
0.04663916299978155,7,CPU_MP,0
0.04689471500023501,7,CPU_MP,0
0.042987045999325346,7,CPU_MP,0
0.04343139699994936,7,CPU_MP,0
0.046848827001667814,7,CPU_MP,0
0.0501314100001764,7,CPU_MP,0
0.04783186400163686,7,CPU_MP,0
0.04059786899961182,7,CPU_MP,0
0.040957483997772215,7,CPU_MP,0
0.03740280599959078,7,CPU_MP,0
0.041821193000942,7,CPU_MP,0
0.0505974250008876,7,CPU_MP,0
0.04959790699649602,7,CPU_MP,0
0.04146209000100498,7,CPU_MP,0
0.05276416999913636,7,CPU_MP,0
0.03761573399970075,7,CPU_MP,0
0.041481577998638386,7,CPU_MP,0
0.04758162500002072,7,CPU_MP,0
0.044975167998927645,7,CPU_MP,0
0.04503023999859579,7,CPU_MP,0
0.04383565200259909,7,CPU_MP,0
0.03809249999903841,7,CPU_MP,0
0.041897129001881694,7,CPU_MP,0
0.04401917100040009,7,CPU_MP,0
0.04185834500094643,7,CPU_MP,0
0.04238596000141115,7,CPU_MP,0
0.04267235900260857,7,CPU_MP,0
0.04429568200066569,7,CPU_MP,0
0.04143533800015575,7,CPU_MP,0
0.04023687700100709,7,CPU_MP,0
0.041432681999140186,7,CPU_MP,0
0.04027499000221724,7,CPU_MP,0
0.040066254001430934,7,CPU_MP,0
0.041768265997234266,7,CPU_MP,0
0.04051761300070211,7,CPU_MP,0
0.05555552300211275,7,CPU_MP,0
0.04221917600079905,7,CPU_MP,0
0.03731333399991854,7,CPU_MP,0
0.044015011000738014,7,CPU_MP,0
0.042601287001161836,7,CPU_MP,0
0.05218983599843341,7,CPU_MP,0
0.04565407799964305,7,CPU_MP,0
0.05762508499901742,7,CPU_MP,0
0.037770069000544026,7,CPU_MP,0
0.05020942500050296,7,CPU_MP,0
0.05762357999992673,7,CPU_MP,0
0.04576441400058684,7,CPU_MP,0
0.046266237000963883,7,CPU_MP,0
0.047350490000098944,7,CPU_MP,0
0.04671292400234961,7,CPU_MP,0
0.049493779999465914,7,CPU_MP,0
0.051019630998780485,7,CPU_MP,0
0.046226172999013215,7,CPU_MP,0
0.045868925997638144,7,CPU_MP,0
0.0389133930002572,7,CPU_MP,0
0.03844437100269715,7,CPU_MP,0
0.03977307099921745,7,CPU_MP,0
0.040781899999274174,7,CPU_MP,0
0.038662705999740865,7,CPU_MP,0
0.04225738400054979,7,CPU_MP,0
0.04894789300306002,7,CPU_MP,0
0.0348313260001305,7,CPU_MP,0
0.04027038200001698,7,CPU_MP,0
0.04335702900061733,7,CPU_MP,0
0.04780012000264833,7,CPU_MP,0
0.04489996799748042,7,CPU_MP,0
0.04711689000032493,7,CPU_MP,0
0.043118022000271594,7,CPU_MP,0
0.04865992600025493,7,CPU_MP,0
0.04406592300074408,7,CPU_MP,0
0.0499828020001587,8,CPU_MP,0
0.04733164099889109,8,CPU_MP,0
0.061835088999941945,8,CPU_MP,0
0.059095192002132535,8,CPU_MP,0
0.06257483100125683,8,CPU_MP,0
0.04675205899911816,8,CPU_MP,0
0.05188980500315665,8,CPU_MP,0
0.056989789998624474,8,CPU_MP,0
0.054828676002216525,8,CPU_MP,0
0.0533806800012826,8,CPU_MP,0
0.06267460600065533,8,CPU_MP,0
0.047749433000717545,8,CPU_MP,0
0.044082115000492195,8,CPU_MP,0
0.0458979819995875,8,CPU_MP,0
0.052480459002254065,8,CPU_MP,0
0.055807329998060595,8,CPU_MP,0
0.05716450899853953,8,CPU_MP,0
0.05856504999974277,8,CPU_MP,0
0.050675023998337565,8,CPU_MP,0
0.05006225800025277,8,CPU_MP,0
0.051978700001200195,8,CPU_MP,0
0.0515677900002629,8,CPU_MP,0
0.05065659200045047,8,CPU_MP,0
0.046955321999121225,8,CPU_MP,0
0.051172622999729356,8,CPU_MP,0
0.0590054330023122,8,CPU_MP,0
0.051117519000399625,8,CPU_MP,0
0.050886158998764586,8,CPU_MP,0
0.05043832099909196,8,CPU_MP,0
0.06016587699923548,8,CPU_MP,0
0.06225134300257196,8,CPU_MP,0
0.05026436899788678,8,CPU_MP,0
0.055368867000652244,8,CPU_MP,0
0.04596738899999764,8,CPU_MP,0
0.050539920997835,8,CPU_MP,0
0.0512056150000717,8,CPU_MP,0
0.04970539499845472,8,CPU_MP,0
0.04706002600141801,8,CPU_MP,0
0.046888539000065066,8,CPU_MP,0
0.05315815300127724,8,CPU_MP,0
0.06180727999890223,8,CPU_MP,0
0.05191438099791412,8,CPU_MP,0
0.05665705600040383,8,CPU_MP,0
0.052389387998118764,8,CPU_MP,0
0.05669385500004864,8,CPU_MP,0
0.04476774500290048,8,CPU_MP,0
0.0547372209985042,8,CPU_MP,0
0.05049262499960605,8,CPU_MP,0
0.06291476499973214,8,CPU_MP,0
0.050857168000220554,8,CPU_MP,0
0.05324426500010304,8,CPU_MP,0
0.050231217999680666,8,CPU_MP,0
0.048072887999296654,8,CPU_MP,0
0.04745772099704482,8,CPU_MP,0
0.054847268998855725,8,CPU_MP,0
0.04876302900083829,8,CPU_MP,0
0.05520528300257865,8,CPU_MP,0
0.053027402002044255,8,CPU_MP,0
0.052197611999872606,8,CPU_MP,0
0.05348999199850368,8,CPU_MP,0
0.05406195799878333,8,CPU_MP,0
0.05098913500114577,8,CPU_MP,0
0.051594413998827804,8,CPU_MP,0
0.05384403899734025,8,CPU_MP,0
0.05470662800144055,8,CPU_MP,0
0.05219908399885753,8,CPU_MP,0
0.06767119999858551,8,CPU_MP,0
0.05286189799880958,8,CPU_MP,0
0.049523347999638645,8,CPU_MP,0
0.050884526997833746,8,CPU_MP,0
0.05353664799986291,8,CPU_MP,0
0.05884268099907786,8,CPU_MP,0
0.05255604300327832,8,CPU_MP,0
0.06150264099778724,8,CPU_MP,0
0.04523775900088367,8,CPU_MP,0
0.05026968200036208,8,CPU_MP,0
0.0572420449971105,8,CPU_MP,0
0.05231652400107123,8,CPU_MP,0
0.06772585599901504,8,CPU_MP,0
0.05373360700104968,8,CPU_MP,0
0.052587754998967284,8,CPU_MP,0
0.05401805400106241,8,CPU_MP,0
0.04671314799998072,8,CPU_MP,0
0.05014324999865494,8,CPU_MP,0
0.05024664099983056,8,CPU_MP,0
0.0491468040017935,8,CPU_MP,0
0.05346090499733691,8,CPU_MP,0
0.05034363300001132,8,CPU_MP,0
0.05084052800157224,8,CPU_MP,0
0.05176161299823434,8,CPU_MP,0
0.04907906100197579,8,CPU_MP,0
0.049767123000492575,8,CPU_MP,0
0.05777705199943739,8,CPU_MP,0
0.050822896002500784,8,CPU_MP,0
0.04894677300035255,8,CPU_MP,0
0.04853982999702566,8,CPU_MP,0
0.050986127000214765,8,CPU_MP,0
0.04549910300193005,8,CPU_MP,0
0.05264506599996821,8,CPU_MP,0
0.058585816997947404,8,CPU_MP,0
0.04778786399765522,8,CPU_MP,0
0.044369441999151604,8,CPU_MP,0
0.052706058999319794,8,CPU_MP,0
0.047722808998514665,8,CPU_MP,0
0.04836773400165839,8,CPU_MP,0
0.04660460399827571,8,CPU_MP,0
0.04866942999797175,8,CPU_MP,0
0.04792853600156377,8,CPU_MP,0
0.0537378320004791,8,CPU_MP,0
0.05408179900041432,8,CPU_MP,0
0.053421897002408514,8,CPU_MP,0
0.04839579799954663,8,CPU_MP,0
0.04743880900059594,8,CPU_MP,0
0.060629907999100396,8,CPU_MP,0
0.04848389399921871,8,CPU_MP,0
0.05974754299677443,8,CPU_MP,0
0.05440394100151025,8,CPU_MP,0
0.051693933997739805,8,CPU_MP,0
0.04690409100294346,8,CPU_MP,0
0.04718556300213095,8,CPU_MP,0
0.047779863998584915,8,CPU_MP,0
0.04697506699812948,8,CPU_MP,0
0.04574505400159978,8,CPU_MP,0
0.04806111200014129,8,CPU_MP,0
0.06843011000091792,8,CPU_MP,0
0.05088113600140787,8,CPU_MP,0
0.04997256199931144,8,CPU_MP,0
0.055386243002431,8,CPU_MP,0
0.050679824002145324,8,CPU_MP,0
0.04775957600213587,8,CPU_MP,0
0.05053003200009698,8,CPU_MP,0
0.051699149000342004,8,CPU_MP,0
0.058740313001180766,8,CPU_MP,0
0.054143751000083284,8,CPU_MP,0
0.05347901600180194,8,CPU_MP,0
0.048484374998224666,8,CPU_MP,0
0.06090901100105839,8,CPU_MP,0
0.05683955100175808,8,CPU_MP,0
0.049845043002278544,8,CPU_MP,0
0.05064049599968712,8,CPU_MP,0
0.04823071099963272,8,CPU_MP,0
0.057471997002721764,8,CPU_MP,0
0.054067558001406724,8,CPU_MP,0
0.052889450002112426,8,CPU_MP,0
0.0549163879986736,8,CPU_MP,0
0.04918366800120566,8,CPU_MP,0
0.04796879200148396,8,CPU_MP,0
0.060597843999858014,8,CPU_MP,0
0.05426054999770713,8,CPU_MP,0
0.06067592399995192,8,CPU_MP,0
0.04877624499931699,8,CPU_MP,0
0.046023933002288686,8,CPU_MP,0
0.06233975899885991,8,CPU_MP,0
0.04715125800066744,8,CPU_MP,0
0.04926040400096099,8,CPU_MP,0
0.04396966700005578,8,CPU_MP,0
0.06350209100128268,8,CPU_MP,0
0.05619148800178664,8,CPU_MP,0
0.05738444500093465,8,CPU_MP,0
0.047354264999739826,8,CPU_MP,0
0.054478277001180686,8,CPU_MP,0
0.05247281099946122,8,CPU_MP,0
0.05203719700148213,8,CPU_MP,0
0.051807084997562924,8,CPU_MP,0
0.04518319999988307,8,CPU_MP,0
0.04686501899777795,8,CPU_MP,0
0.05694553399735014,8,CPU_MP,0
0.048831413998414064,8,CPU_MP,0
0.06169688099907944,8,CPU_MP,0
0.05203357999926084,8,CPU_MP,0
0.05173594900043099,8,CPU_MP,0
0.049417811998864636,8,CPU_MP,0
0.053685414997744374,8,CPU_MP,0
0.05327898500036099,8,CPU_MP,0
0.046659292002004804,8,CPU_MP,0
0.05298205699727987,8,CPU_MP,0
0.04765679300180636,8,CPU_MP,0
0.04084903600232792,8,CPU_MP,0
0.04914552499758429,8,CPU_MP,0
0.04810863199963933,8,CPU_MP,0
0.04988628999853972,8,CPU_MP,0
0.04502326500005438,8,CPU_MP,0
0.0766190469985304,8,CPU_MP,0
0.06786831899808021,8,CPU_MP,0
0.061412785998982145,8,CPU_MP,0
0.051638476998050464,8,CPU_MP,0
0.05033256100068684,8,CPU_MP,0
0.04968587500115973,8,CPU_MP,0
0.04893902899857494,8,CPU_MP,0
0.06266983900059131,8,CPU_MP,0
0.055835361999925226,8,CPU_MP,0
0.05607174500255496,8,CPU_MP,0
0.05029393699805951,8,CPU_MP,0
0.04952021099961712,8,CPU_MP,0
0.04259680699760793,8,CPU_MP,0
0.04842117500083987,8,CPU_MP,0
0.04474224099976709,8,CPU_MP,0
0.04609126099967398,8,CPU_MP,0
0.047256058001948986,8,CPU_MP,0
0.04514140800165478,8,CPU_MP,0
0.056525343999965116,9,CPU_MP,0
0.06105128299896023,9,CPU_MP,0
0.06421882599897799,9,CPU_MP,0
0.06565050100107328,9,CPU_MP,0
0.05979355800081976,9,CPU_MP,0
0.05925621599817532,9,CPU_MP,0
0.07158312500177999,9,CPU_MP,0
0.06692419400133076,9,CPU_MP,0
0.0694734349999635,9,CPU_MP,0
0.06420567399982247,9,CPU_MP,0
0.07141355800195015,9,CPU_MP,0
0.06540381400191109,9,CPU_MP,0
0.0601284049989772,9,CPU_MP,0
0.05423574999804259,9,CPU_MP,0
0.06679897800131585,9,CPU_MP,0
0.07245925099778106,9,CPU_MP,0
0.07693223000023863,9,CPU_MP,0
0.06392561000029673,9,CPU_MP,0
0.06454880900128046,9,CPU_MP,0
0.07578160900084185,9,CPU_MP,0
0.07823139399988577,9,CPU_MP,0
0.05751973999940674,9,CPU_MP,0
0.06310670099992421,9,CPU_MP,0
0.06142475399974501,9,CPU_MP,0
0.058249818001058884,9,CPU_MP,0
0.07468970799891395,9,CPU_MP,0
0.07377246300166007,9,CPU_MP,0
0.07775225899968063,9,CPU_MP,0
0.05684995100091328,9,CPU_MP,0
0.057920155002648244,9,CPU_MP,0
0.06908940400171559,9,CPU_MP,0
0.05962712700056727,9,CPU_MP,0
0.06764294399908977,9,CPU_MP,0
0.06566570100039826,9,CPU_MP,0
0.06611929999780841,9,CPU_MP,0
0.06169800099814893,9,CPU_MP,0
0.05895682499976829,9,CPU_MP,0
0.0706578149984125,9,CPU_MP,0
0.06520589499996277,9,CPU_MP,0
0.07882883199999924,9,CPU_MP,0
0.06884345299840788,9,CPU_MP,0
0.06380743500267272,9,CPU_MP,0
0.06240324700047495,9,CPU_MP,0
0.0748269550022087,9,CPU_MP,0
0.061373714001092594,9,CPU_MP,0
0.05851724199965247,9,CPU_MP,0
0.06080229100189172,9,CPU_MP,0
0.06569053299972438,9,CPU_MP,0
0.0663518759974977,9,CPU_MP,0
0.06329364400153281,9,CPU_MP,0
0.061187089999293676,9,CPU_MP,0
0.06238260700047249,9,CPU_MP,0
0.05986808599845972,9,CPU_MP,0
0.06516976700004307,9,CPU_MP,0
0.06087579499944695,9,CPU_MP,0
0.06942313099716557,9,CPU_MP,0
0.05773337199934758,9,CPU_MP,0
0.05649366400029976,9,CPU_MP,0
0.05640473599851248,9,CPU_MP,0
0.053812743000889895,9,CPU_MP,0
0.05503424299968174,9,CPU_MP,0
0.06624214799740002,9,CPU_MP,0
0.06503783100197325,9,CPU_MP,0
0.06650019499647897,9,CPU_MP,0
0.06193860799976392,9,CPU_MP,0
0.0685214690020075,9,CPU_MP,0
0.07405822199871182,9,CPU_MP,0
0.06794236700079637,9,CPU_MP,0
0.07119013400006224,9,CPU_MP,0
0.05793007600004785,9,CPU_MP,0
0.06576019699787139,9,CPU_MP,0
0.0591108720000193,9,CPU_MP,0
0.059823701998539036,9,CPU_MP,0
0.06926546700196923,9,CPU_MP,0
0.06032690100255422,9,CPU_MP,0
0.05768546800027252,9,CPU_MP,0
0.07221480299995164,9,CPU_MP,0
0.06220014299833565,9,CPU_MP,0
0.06305633300144109,9,CPU_MP,0
0.06080942700282321,9,CPU_MP,0
0.0719734279991826,9,CPU_MP,0
0.0641536740004085,9,CPU_MP,0
0.061593137001182185,9,CPU_MP,0
0.05765375600094558,9,CPU_MP,0
0.055556546001753304,9,CPU_MP,0
0.07302452899966738,9,CPU_MP,0
0.0742847809997329,9,CPU_MP,0
0.06943570699877455,9,CPU_MP,0
0.07484036400273908,9,CPU_MP,0
0.06876060500144376,9,CPU_MP,0
0.06035605299985036,9,CPU_MP,0
0.07126411699937307,9,CPU_MP,0
0.06093256299936911,9,CPU_MP,0
0.07162600399897201,9,CPU_MP,0
0.0611385779993725,9,CPU_MP,0
0.07123154200235149,9,CPU_MP,0
0.06389364300048328,9,CPU_MP,0
0.060982066999713425,9,CPU_MP,0
0.06936341899927356,9,CPU_MP,0
0.06307953299983637,9,CPU_MP,0
0.06536688699998194,9,CPU_MP,0
0.05706630200074869,9,CPU_MP,0
0.05796069899952272,9,CPU_MP,0
0.07303835300263017,9,CPU_MP,0
0.06157332900329493,9,CPU_MP,0
0.06456506500035175,9,CPU_MP,0
0.06475869600035367,9,CPU_MP,0
0.05622403300003498,9,CPU_MP,0
0.05692671799988602,9,CPU_MP,0
0.06312977299967315,9,CPU_MP,0
0.07106008699702215,9,CPU_MP,0
0.05971333500201581,9,CPU_MP,0
0.056126177001715405,9,CPU_MP,0
0.06520355899920105,9,CPU_MP,0
0.05552694700236316,9,CPU_MP,0
0.058932088999426924,9,CPU_MP,0
0.06671388999893679,9,CPU_MP,0
0.06533037400004105,9,CPU_MP,0
0.0558161300032225,9,CPU_MP,0
0.06451581600049394,9,CPU_MP,0
0.0690245080004388,9,CPU_MP,0
0.05931893600063631,9,CPU_MP,0
0.05852946600134601,9,CPU_MP,0
0.058021306998853106,9,CPU_MP,0
0.06014318900270155,9,CPU_MP,0
0.09368901500056381,9,CPU_MP,0
0.07326628800001345,9,CPU_MP,0
0.08133596100014984,9,CPU_MP,0
0.07095954200121923,9,CPU_MP,0
0.07372555099937017,9,CPU_MP,0
0.057261052999820095,9,CPU_MP,0
0.06689497799743549,9,CPU_MP,0
0.06303354899864644,9,CPU_MP,0
0.0646138330012036,9,CPU_MP,0
0.062377103000471834,9,CPU_MP,0
0.06513629499750095,9,CPU_MP,0
0.05487405200256035,9,CPU_MP,0
0.06986229800168076,9,CPU_MP,0
0.055939362002391135,9,CPU_MP,0
0.06494090399792185,9,CPU_MP,0
0.06927650700163213,9,CPU_MP,0
0.06957663399953162,9,CPU_MP,0
0.06662477099962416,9,CPU_MP,0
0.06998728899998241,9,CPU_MP,0
0.05290800900183967,9,CPU_MP,0
0.08362027499970281,9,CPU_MP,0
0.06832390199997462,9,CPU_MP,0
0.059030264001194155,9,CPU_MP,0
0.06329543700121576,9,CPU_MP,0
0.06177326499891933,9,CPU_MP,0
0.06586314100059099,9,CPU_MP,0
0.06719024099948001,9,CPU_MP,0
0.060185237001860514,9,CPU_MP,0
0.0589912559989898,9,CPU_MP,0
0.06674336300056893,9,CPU_MP,0
0.06362250700112781,9,CPU_MP,0
0.06106552300116164,9,CPU_MP,0
0.06915052299882518,9,CPU_MP,0
0.0702205050001794,9,CPU_MP,0
0.07475217200044426,9,CPU_MP,0
0.06335882799976389,9,CPU_MP,0
0.06557712599897059,9,CPU_MP,0
0.06315969299976132,9,CPU_MP,0
0.07624362399656093,9,CPU_MP,0
0.05800415500198142,9,CPU_MP,0
0.06634048299747519,9,CPU_MP,0
0.07367755099767237,9,CPU_MP,0
0.06008818199916277,9,CPU_MP,0
0.06727020900143543,9,CPU_MP,0
0.07352158399953623,9,CPU_MP,0
0.06327294099901337,9,CPU_MP,0
0.060411987997213146,9,CPU_MP,0
0.06516755900156568,9,CPU_MP,0
0.06364068300172221,9,CPU_MP,0
0.06296340500193764,9,CPU_MP,0
0.05989090200091596,9,CPU_MP,0
0.06085736299792188,9,CPU_MP,0
0.07427418999941438,9,CPU_MP,0
0.06240411099861376,9,CPU_MP,0
0.05867740100075025,9,CPU_MP,0
0.0615087210026104,9,CPU_MP,0
0.06319786899985047,9,CPU_MP,0
0.05970575000173994,9,CPU_MP,0
0.07546490599997924,9,CPU_MP,0
0.06067189199893619,9,CPU_MP,0
0.056464799999957904,9,CPU_MP,0
0.0692068750031467,9,CPU_MP,0
0.0620208479995199,9,CPU_MP,0
0.0654275900014909,9,CPU_MP,0
0.06598125199889182,9,CPU_MP,0
0.061668112997722346,9,CPU_MP,0
0.05514989099901868,9,CPU_MP,0
0.060658739999780664,9,CPU_MP,0
0.06660445099987555,9,CPU_MP,0
0.062317070998687996,9,CPU_MP,0
0.060719508001056965,9,CPU_MP,0
0.07215509100205963,9,CPU_MP,0
0.06852188500124612,9,CPU_MP,0
0.061401842001941986,9,CPU_MP,0
0.05566934599846718,9,CPU_MP,0
0.0745779639983084,10,CPU_MP,0
0.0895244819985237,10,CPU_MP,0
0.06569677399966167,10,CPU_MP,0
0.06984242500038818,10,CPU_MP,0
0.06909023600019282,10,CPU_MP,0
0.07253304199912236,10,CPU_MP,0
0.08741687200017623,10,CPU_MP,0
0.0863845539970498,10,CPU_MP,0
0.07815056199979153,10,CPU_MP,0
0.07290536199798225,10,CPU_MP,0
0.09105798200107529,10,CPU_MP,0
0.07544397799938451,10,CPU_MP,0
0.0768797810014803,10,CPU_MP,0
0.08258619700063718,10,CPU_MP,0
0.06529767000029096,10,CPU_MP,0
0.07052357599968673,10,CPU_MP,0
0.07785961899935501,10,CPU_MP,0
0.06789801500053727,10,CPU_MP,0
0.07032818399966345,10,CPU_MP,0
0.08373080299861613,10,CPU_MP,0
0.0802607639998314,10,CPU_MP,0
0.07409684500089497,10,CPU_MP,0
0.06923602800088702,10,CPU_MP,0
0.07537975399827701,10,CPU_MP,0
0.06843007699717418,10,CPU_MP,0
0.0722213949993602,10,CPU_MP,0
0.07672471000114456,10,CPU_MP,0
0.0889282269999967,10,CPU_MP,0
0.08194322300187196,10,CPU_MP,0
0.07554989799973555,10,CPU_MP,0
0.07901158399909036,10,CPU_MP,0
0.06835244600006263,10,CPU_MP,0
0.0833210759992653,10,CPU_MP,0
0.097194476002187,10,CPU_MP,0
0.0887233319990628,10,CPU_MP,0
0.08186629499687115,10,CPU_MP,0
0.07224462700105505,10,CPU_MP,0
0.07526756199877127,10,CPU_MP,0
0.07123432500156923,10,CPU_MP,0
0.08249323799827835,10,CPU_MP,0
0.08687021699734032,10,CPU_MP,0
0.09600116699948558,10,CPU_MP,0
0.07450708499891334,10,CPU_MP,0
0.07790489900071407,10,CPU_MP,0
0.10167334300058428,10,CPU_MP,0
0.06881570800032932,10,CPU_MP,0
0.087856998998177,10,CPU_MP,0
0.09165810799822793,10,CPU_MP,0
0.09425800499957404,10,CPU_MP,0
0.087962598001468,10,CPU_MP,0
0.07184478799899807,10,CPU_MP,0
0.065571462000662,10,CPU_MP,0
0.06851583699972252,10,CPU_MP,0
0.07814505799979088,10,CPU_MP,0
0.07100645500031533,10,CPU_MP,0
0.09596097600297071,10,CPU_MP,0
0.07365591800044058,10,CPU_MP,0
0.06945689100029995,10,CPU_MP,0
0.0751830510016589,10,CPU_MP,0
0.0736772310010565,10,CPU_MP,0
0.07098475900056656,10,CPU_MP,0
0.07252507399971364,10,CPU_MP,0
0.07540695399802644,10,CPU_MP,0
0.07927340699825436,10,CPU_MP,0
0.07539434600039385,10,CPU_MP,0
0.07575824900050065,10,CPU_MP,0
0.08433892900211504,10,CPU_MP,0
0.08641597899986664,10,CPU_MP,0
0.0782653139976901,10,CPU_MP,0
0.07488381999792182,10,CPU_MP,0
0.06888610899841296,10,CPU_MP,0
0.0825982300011674,10,CPU_MP,0
0.06463453700052924,10,CPU_MP,0
0.0684546849988692,10,CPU_MP,0
0.0764573830019799,10,CPU_MP,0
0.06925436399978935,10,CPU_MP,0
0.07079634399997303,10,CPU_MP,0
0.0729758249981387,10,CPU_MP,0
0.07251777799683623,10,CPU_MP,0
0.07123208600023645,10,CPU_MP,0
0.0682891180003935,10,CPU_MP,0
0.07639712700256496,10,CPU_MP,0
0.07435009300024831,10,CPU_MP,0
0.08887577999848872,10,CPU_MP,0
0.08015564499874017,10,CPU_MP,0
0.07604160800110549,10,CPU_MP,0
0.06913125999926706,10,CPU_MP,0
0.07539981900117709,10,CPU_MP,0
0.07875587300077314,10,CPU_MP,0
0.06947845900140237,10,CPU_MP,0
0.08274779700150248,10,CPU_MP,0
0.07869088000006741,10,CPU_MP,0
0.07579460099805146,10,CPU_MP,0
0.07520305099751567,10,CPU_MP,0
0.07047314399824245,10,CPU_MP,0
0.07209474000046612,10,CPU_MP,0
0.07480935499916086,10,CPU_MP,0
0.07299256100304774,10,CPU_MP,0
0.07075560799785308,10,CPU_MP,0
0.06703606500013848,10,CPU_MP,0
0.07746173300256487,10,CPU_MP,0
0.07929395099927206,10,CPU_MP,0
0.06960569099828717,10,CPU_MP,0
0.08523687799970503,10,CPU_MP,0
0.07678567000039038,10,CPU_MP,0
0.0768025020006462,10,CPU_MP,0
0.0789191359981487,10,CPU_MP,0
0.07749091599907842,10,CPU_MP,0
0.07500711499960744,10,CPU_MP,0
0.07603107999966596,10,CPU_MP,0
0.0741155659998185,10,CPU_MP,0
0.08118709700283944,10,CPU_MP,0
0.08016217299882555,10,CPU_MP,0
0.06415914599710959,10,CPU_MP,0
0.06526368699996965,10,CPU_MP,0
0.07534103500074707,10,CPU_MP,0
0.07333739200112177,10,CPU_MP,0
0.08006313300211332,10,CPU_MP,0
0.07051554400095483,10,CPU_MP,0
0.07439735700245365,10,CPU_MP,0
0.08004130900008022,10,CPU_MP,0
0.06426432999796816,10,CPU_MP,0
0.07931423900299706,10,CPU_MP,0
0.06487949499933165,10,CPU_MP,0
0.06874895700093475,10,CPU_MP,0
0.06859945299947867,10,CPU_MP,0
0.0772479730003397,10,CPU_MP,0
0.07727001999955974,10,CPU_MP,0
0.078457570001774,10,CPU_MP,0
0.07682195799861802,10,CPU_MP,0
0.08139512900015689,10,CPU_MP,0
0.10175814299873309,10,CPU_MP,0
0.07902886399824638,10,CPU_MP,0
0.06758233599975938,10,CPU_MP,0
0.07534698599920375,10,CPU_MP,0
0.07928211099715554,10,CPU_MP,0
0.07955926200156682,10,CPU_MP,0
0.07948687800308107,10,CPU_MP,0
0.07895494399781455,10,CPU_MP,0
0.07732762099840329,10,CPU_MP,0
0.07236709100106964,10,CPU_MP,0
0.07761235499856411,10,CPU_MP,0
0.07881439999982831,10,CPU_MP,0
0.07480718000078923,10,CPU_MP,0
0.07388836599784554,10,CPU_MP,0
0.07553127299979678,10,CPU_MP,0
0.07528679499955615,10,CPU_MP,0
0.07962783800030593,10,CPU_MP,0
0.07874524799990468,10,CPU_MP,0
0.07175685200127191,10,CPU_MP,0
0.0705033829981403,10,CPU_MP,0
0.07893087999764248,10,CPU_MP,0
0.0736817750002956,10,CPU_MP,0
0.08064399499926367,10,CPU_MP,0
0.07248833799894783,10,CPU_MP,0
0.07796806700207526,10,CPU_MP,0
0.07586052100305096,10,CPU_MP,0
0.07699494899861747,10,CPU_MP,0
0.07496445899960236,10,CPU_MP,0
0.07308955299959052,10,CPU_MP,0
0.08238943000105792,10,CPU_MP,0
0.07119602199963992,10,CPU_MP,0
0.07296657700135256,10,CPU_MP,0
0.07119291799972416,10,CPU_MP,0
0.08310136499858345,10,CPU_MP,0
0.07353889600199182,10,CPU_MP,0
0.07298702499974752,10,CPU_MP,0
0.06843244500123546,10,CPU_MP,0
0.07787382700189482,10,CPU_MP,0
0.07829292999667814,10,CPU_MP,0
0.07543914599955315,10,CPU_MP,0
0.07518660300047486,10,CPU_MP,0
0.08467585600010352,10,CPU_MP,0
0.0713445010005671,10,CPU_MP,0
0.07275694500276586,10,CPU_MP,0
0.08005513299940503,10,CPU_MP,0
0.0793046390026575,10,CPU_MP,0
0.0724892349971924,10,CPU_MP,0
0.07557805800024653,10,CPU_MP,0
0.08027967599991825,10,CPU_MP,0
0.06892850800068118,10,CPU_MP,0
0.08831495000049472,10,CPU_MP,0
0.10273241300092195,10,CPU_MP,0
0.08394196999870474,10,CPU_MP,0
0.08253630900071585,10,CPU_MP,0
0.07500909900045372,10,CPU_MP,0
0.07779280400063726,10,CPU_MP,0
0.08435540899881744,10,CPU_MP,0
0.07348449599885498,10,CPU_MP,0
0.07867500899737934,10,CPU_MP,0
0.07329857599688694,10,CPU_MP,0
0.07607744799679494,10,CPU_MP,0
0.07637245599835296,10,CPU_MP,0
0.0859022200020263,10,CPU_MP,0
0.07586128899856703,10,CPU_MP,0
0.07852352099871496,10,CPU_MP,0
0.08904557099958765,10,CPU_MP,0
0.06669379400045727,10,CPU_MP,0
0.07363300699944375,10,CPU_MP,0
0.07424702100252034,10,CPU_MP,0
0.0821497190008813,11,CPU_MP,0
0.08384776199818589,11,CPU_MP,0
0.08928704299978563,11,CPU_MP,0
0.08367518700106302,11,CPU_MP,0
0.1064311859990994,11,CPU_MP,0
0.0806802510014677,11,CPU_MP,0
0.07611914399967645,11,CPU_MP,0
0.07917327899849624,11,CPU_MP,0
0.10280044399769395,11,CPU_MP,0
0.0914008930012642,11,CPU_MP,0
0.09438520500043523,11,CPU_MP,0
0.08410065800126176,11,CPU_MP,0
0.09624055899985251,11,CPU_MP,0
0.09921815099733067,11,CPU_MP,0
0.08428961699974025,11,CPU_MP,0
0.07757270799993421,11,CPU_MP,0
0.07814752299964312,11,CPU_MP,0
0.0925430650022463,11,CPU_MP,0
0.09171529200102668,11,CPU_MP,0
0.09453393900184892,11,CPU_MP,0
0.08793872599926544,11,CPU_MP,0
0.08514254200053983,11,CPU_MP,0
0.09544222499971511,11,CPU_MP,0
0.08505927800069912,11,CPU_MP,0
0.08986400100184255,11,CPU_MP,0
0.08898413199858624,11,CPU_MP,0
0.08168367200050852,11,CPU_MP,0
0.10439365599813755,11,CPU_MP,0
0.10004054800083395,11,CPU_MP,0
0.09448126799907186,11,CPU_MP,0
0.09372203900056775,11,CPU_MP,0
0.08715335299712024,11,CPU_MP,0
0.08865501299806056,11,CPU_MP,0
0.097923178000201,11,CPU_MP,0
0.10543989300276735,11,CPU_MP,0
0.09860317600032431,11,CPU_MP,0
0.09782532299868762,11,CPU_MP,0
0.082243925997318,11,CPU_MP,0
0.09488225899985991,11,CPU_MP,0
0.08978454500174848,11,CPU_MP,0
0.07893999999942025,11,CPU_MP,0
0.08178213599967421,11,CPU_MP,0
0.08245970200005104,11,CPU_MP,0
0.08527866999793332,11,CPU_MP,0
0.08319672400102718,11,CPU_MP,0
0.09348437500011642,11,CPU_MP,0
0.08689479399981792,11,CPU_MP,0
0.10315129100126796,11,CPU_MP,0
0.08954816200275673,11,CPU_MP,0
0.08963619399946765,11,CPU_MP,0
0.08866090100127622,11,CPU_MP,0
0.09777815399866085,11,CPU_MP,0
0.09897175099831657,11,CPU_MP,0
0.09584116800033371,11,CPU_MP,0
0.0812815290009894,11,CPU_MP,0
0.09651031799876364,11,CPU_MP,0
0.0861887149985705,11,CPU_MP,0
0.07683309399726568,11,CPU_MP,0
0.09753924399774405,11,CPU_MP,0
0.09293480799897225,11,CPU_MP,0
0.10262732499904814,11,CPU_MP,0
0.10588069200093742,11,CPU_MP,0
0.087871333998919,11,CPU_MP,0
0.0943650119988888,11,CPU_MP,0
0.07968978999997489,11,CPU_MP,0
0.08875331600211211,11,CPU_MP,0
0.08226165499945637,11,CPU_MP,0
0.0817036080006801,11,CPU_MP,0
0.08074636300079874,11,CPU_MP,0
0.09597716799908085,11,CPU_MP,0
0.09700641199742677,11,CPU_MP,0
0.08467716800078051,11,CPU_MP,0
0.10465560699958587,11,CPU_MP,0
0.08743709600094007,11,CPU_MP,0
0.07885225599966361,11,CPU_MP,0
0.08695348100081901,11,CPU_MP,0
0.08508865499970852,11,CPU_MP,0
0.0844831520007574,11,CPU_MP,0
0.07724291700287722,11,CPU_MP,0
0.08764339900153573,11,CPU_MP,0
0.08014591599931009,11,CPU_MP,0
0.09939341400240664,11,CPU_MP,0
0.07887721600127406,11,CPU_MP,0
0.09211314600179321,11,CPU_MP,0
0.08442504099730286,11,CPU_MP,0
0.0944660360000853,11,CPU_MP,0
0.10298498799966183,11,CPU_MP,0
0.09476225900289137,11,CPU_MP,0
0.09083724599986454,11,CPU_MP,0
0.08697252099955222,11,CPU_MP,0
0.08997974500016426,11,CPU_MP,0
0.08340968399716076,11,CPU_MP,0
0.09534587400048622,11,CPU_MP,0
0.08987353699922096,11,CPU_MP,0
0.09661550199962221,11,CPU_MP,0
0.08488635100002284,11,CPU_MP,0
0.08017986800041399,11,CPU_MP,0
0.08275256500201067,11,CPU_MP,0
0.09133327600284247,11,CPU_MP,0
0.08941116999994847,11,CPU_MP,0
0.08432823999828543,11,CPU_MP,0
0.08472023899958003,11,CPU_MP,0
0.08239019800021197,11,CPU_MP,0
0.0958002410006884,11,CPU_MP,0
0.09065990199815133,11,CPU_MP,0
0.085497869997198,11,CPU_MP,0
0.08383432200207608,11,CPU_MP,0
0.08951270600300631,11,CPU_MP,0
0.09463470799892093,11,CPU_MP,0
0.0933071920007933,11,CPU_MP,0
0.08631354700264637,11,CPU_MP,0
0.09078745399892796,11,CPU_MP,0
0.08265163699979894,11,CPU_MP,0
0.08268955699895741,11,CPU_MP,0
0.08881312399898889,11,CPU_MP,0
0.08373099399977946,11,CPU_MP,0
0.0825381020003988,11,CPU_MP,0
0.08741018400178291,11,CPU_MP,0
0.1024937250003859,11,CPU_MP,0
0.08989104099964607,11,CPU_MP,0
0.08538106999912998,11,CPU_MP,0
0.11071722199994838,11,CPU_MP,0
0.09110371000133455,11,CPU_MP,0
0.09479713899781927,11,CPU_MP,0
0.08873014900018461,11,CPU_MP,0
0.09772228300062125,11,CPU_MP,0
0.09586161600236665,11,CPU_MP,0
0.09653662200071267,11,CPU_MP,0
0.08813984600055846,11,CPU_MP,0
0.09857216900127241,11,CPU_MP,0
0.08818790999794146,11,CPU_MP,0
0.09241049000047497,11,CPU_MP,0
0.09534990500105778,11,CPU_MP,0
0.08254379700156278,11,CPU_MP,0
0.0950871230015764,11,CPU_MP,0
0.09519675300180097,11,CPU_MP,0
0.09471057900009328,11,CPU_MP,0
0.09780842699910863,11,CPU_MP,0
0.08150555999964126,11,CPU_MP,0
0.09226098599901889,11,CPU_MP,0
0.09202700300011202,11,CPU_MP,0
0.0932851750003465,11,CPU_MP,0
0.09082332600155496,11,CPU_MP,0
0.08453943999847979,11,CPU_MP,0
0.09112031800032128,11,CPU_MP,0
0.08153791199947591,11,CPU_MP,0
0.09258437799871899,11,CPU_MP,0
0.0822452059983334,11,CPU_MP,0
0.09060358200076735,11,CPU_MP,0
0.09438824400058365,11,CPU_MP,0
0.09343816699765739,11,CPU_MP,0
0.1012371520009765,11,CPU_MP,0
0.09406370199940284,11,CPU_MP,0
0.10165033600060269,11,CPU_MP,0
0.0814074170011736,11,CPU_MP,0
0.08945836999919266,11,CPU_MP,0
0.08289451699965866,11,CPU_MP,0
0.08503620700139436,11,CPU_MP,0
0.09111135700004525,11,CPU_MP,0
0.09601467200263869,11,CPU_MP,0
0.07806768199952785,11,CPU_MP,0
0.09054995099722873,11,CPU_MP,0
0.08575130900135264,11,CPU_MP,0
0.08980668900039745,11,CPU_MP,0
0.08401854600015213,11,CPU_MP,0
0.09008348799761734,11,CPU_MP,0
0.09439163600109168,11,CPU_MP,0
0.09376584599885973,11,CPU_MP,0
0.09160870000050636,11,CPU_MP,0
0.08401717000015196,11,CPU_MP,0
0.09007622500212165,11,CPU_MP,0
0.08815728599802242,11,CPU_MP,0
0.08354897900062497,11,CPU_MP,0
0.08922243500273908,11,CPU_MP,0
0.0860152109999035,11,CPU_MP,0
0.09043180799926631,11,CPU_MP,0
0.08402017800108297,11,CPU_MP,0
0.08265787799973623,11,CPU_MP,0
0.08306177999838837,11,CPU_MP,0
0.09142178900219733,11,CPU_MP,0
0.08211189499706961,11,CPU_MP,0
0.08389486599844531,11,CPU_MP,0
0.08741178300260799,11,CPU_MP,0
0.10315388299932238,11,CPU_MP,0
0.09517976200004341,11,CPU_MP,0
0.10766276600043057,11,CPU_MP,0
0.0961782869999297,11,CPU_MP,0
0.09572395299983327,11,CPU_MP,0
0.08708996100176591,11,CPU_MP,0
0.07810630699896137,11,CPU_MP,0
0.08473380799841834,11,CPU_MP,0
0.08403089800049202,11,CPU_MP,0
0.0868287129997043,11,CPU_MP,0
0.08340379600122105,11,CPU_MP,0
0.08480910299840616,11,CPU_MP,0
0.07928707100290922,11,CPU_MP,0
0.07956415800072136,11,CPU_MP,0
0.08982812900285353,11,CPU_MP,0
0.09370191000198247,11,CPU_MP,0
0.08713287299906369,11,CPU_MP,0
0.11144704399703187,12,CPU_MP,0
0.08789219900063472,12,CPU_MP,0
0.09954867800115608,12,CPU_MP,0
0.09765210700061289,12,CPU_MP,0
0.09512555399851408,12,CPU_MP,0
0.09632481500011636,12,CPU_MP,0
0.09400174999973387,12,CPU_MP,0
0.0938515420020849,12,CPU_MP,0
0.09398776500165695,12,CPU_MP,0
0.09813037799904123,12,CPU_MP,0
0.10354799400010961,12,CPU_MP,0
0.11058704600145575,12,CPU_MP,0
0.10142534399710712,12,CPU_MP,0
0.11305366300075548,12,CPU_MP,0
0.11438121100218268,12,CPU_MP,0
0.09903799099993194,12,CPU_MP,0
0.11471845800042502,12,CPU_MP,0
0.09878039099930902,12,CPU_MP,0
0.10022838800068712,12,CPU_MP,0
0.10722919999898295,12,CPU_MP,0
0.12273763600023813,12,CPU_MP,0
0.12432931100192945,12,CPU_MP,0
0.0979056429969205,12,CPU_MP,0
0.1021299829990312,12,CPU_MP,0
0.11205536300258245,12,CPU_MP,0
0.1102303750012652,12,CPU_MP,0
0.11497362500085728,12,CPU_MP,0
0.10030976400230429,12,CPU_MP,0
0.10640657799740438,12,CPU_MP,0
0.1083595329982927,12,CPU_MP,0
0.12974452799971914,12,CPU_MP,0
0.11036938300094334,12,CPU_MP,0
0.1079103820011369,12,CPU_MP,0
0.10960848900140263,12,CPU_MP,0
0.10987066400048207,12,CPU_MP,0
0.09193973900255514,12,CPU_MP,0
0.11084726999979466,12,CPU_MP,0
0.12086493700189749,12,CPU_MP,0
0.12591049000184285,12,CPU_MP,0
0.1100021199999901,12,CPU_MP,0
0.11422905099971103,12,CPU_MP,0
0.11159830799806514,12,CPU_MP,0
0.1022299819996988,12,CPU_MP,0
0.11847515100089367,12,CPU_MP,0
0.10860657199737034,12,CPU_MP,0
0.0983002650027629,12,CPU_MP,0
0.09023683200211963,12,CPU_MP,0
0.11660475699682138,12,CPU_MP,0
0.10758167899984983,12,CPU_MP,0
0.10816676600006758,12,CPU_MP,0
0.11125363600149285,12,CPU_MP,0
0.10370501699799206,12,CPU_MP,0
0.10828071699870634,12,CPU_MP,0
0.10710523200032185,12,CPU_MP,0
0.09693204499853891,12,CPU_MP,0
0.10372610600097687,12,CPU_MP,0
0.11134381200099597,12,CPU_MP,0
0.11079293399961898,12,CPU_MP,0
0.10192668699892238,12,CPU_MP,0
0.1122806089988444,12,CPU_MP,0
0.125689082997269,12,CPU_MP,0
0.09675284500190173,12,CPU_MP,0
0.11495733800256858,12,CPU_MP,0
0.11490853800205514,12,CPU_MP,0
0.1009762249996129,12,CPU_MP,0
0.1045659439987503,12,CPU_MP,0
0.10270172499804175,12,CPU_MP,0
0.10825466899768799,12,CPU_MP,0
0.09645188699869323,12,CPU_MP,0
0.09068876699893735,12,CPU_MP,0
0.09770967499935068,12,CPU_MP,0
0.10469199100043625,12,CPU_MP,0
0.10768017400187091,12,CPU_MP,0
0.12190679000195814,12,CPU_MP,0
0.12467331099833245,12,CPU_MP,0
0.10131168000225443,12,CPU_MP,0
0.12072813700069673,12,CPU_MP,0
0.10490360599942505,12,CPU_MP,0
0.10680993700225372,12,CPU_MP,0
0.09883687099863891,12,CPU_MP,0
0.1111779890015896,12,CPU_MP,0
0.10063161800280795,12,CPU_MP,0
0.10353324200332281,12,CPU_MP,0
0.09697242900074343,12,CPU_MP,0
0.09196326000164845,12,CPU_MP,0
0.15411466599834966,12,CPU_MP,0
0.10718356800134643,12,CPU_MP,0
0.10597416300151963,12,CPU_MP,0
0.12234445300055086,12,CPU_MP,0
0.10062096299952827,12,CPU_MP,0
0.11254649599868571,12,CPU_MP,0
0.10641115399994305,12,CPU_MP,0
0.11755787400034023,12,CPU_MP,0
0.0965475660013908,12,CPU_MP,0
0.12102042400147184,12,CPU_MP,0
0.09665866999785067,12,CPU_MP,0
0.10306418799882522,12,CPU_MP,0
0.1041432559977693,12,CPU_MP,0
0.10128963299939642,12,CPU_MP,0
0.11312505500245607,12,CPU_MP,0
0.09424344499711879,12,CPU_MP,0
0.09758378699916648,12,CPU_MP,0
0.09742484399976092,12,CPU_MP,0
0.10187289500026964,12,CPU_MP,0
0.10387125799752539,12,CPU_MP,0
0.10169462399790064,12,CPU_MP,0
0.09893754299991997,12,CPU_MP,0
0.10294633100056672,12,CPU_MP,0
0.10744407899983344,12,CPU_MP,0
0.10044022700094501,12,CPU_MP,0
0.10314649100109818,12,CPU_MP,0
0.10033661100169411,12,CPU_MP,0
0.09957885299809277,12,CPU_MP,0
0.09489589000077103,12,CPU_MP,0
0.11596991099941079,12,CPU_MP,0
0.10279740400073933,12,CPU_MP,0
0.10711918400193099,12,CPU_MP,0
0.1050384859991027,12,CPU_MP,0
0.14725449400066282,12,CPU_MP,0
0.14413021500149625,12,CPU_MP,0
0.10048275499866577,12,CPU_MP,0
0.10566929999913555,12,CPU_MP,0
0.10677748900343431,12,CPU_MP,0
0.09513841800071532,12,CPU_MP,0
0.09892560799926287,12,CPU_MP,0
0.10298370799864642,12,CPU_MP,0
0.10009290000016335,12,CPU_MP,0
0.09924519000196597,12,CPU_MP,0
0.09761978700043983,12,CPU_MP,0
0.11431913200067356,12,CPU_MP,0
0.11813732799782883,12,CPU_MP,0
0.11613781499909237,12,CPU_MP,0
0.11001802400278393,12,CPU_MP,0
0.10676008100199397,12,CPU_MP,0
0.10374498500095797,12,CPU_MP,0
0.10801146900121239,12,CPU_MP,0
0.09999293299915735,12,CPU_MP,0
0.10506562199952896,12,CPU_MP,0
0.10876829900007579,12,CPU_MP,0
0.1098091599997133,12,CPU_MP,0
0.09988810099821421,12,CPU_MP,0
0.10226703800071846,12,CPU_MP,0
0.10568968399820733,12,CPU_MP,0
0.09986144399954355,12,CPU_MP,0
0.09375240599911194,12,CPU_MP,0
0.1025891169992974,12,CPU_MP,0
0.10807892500088201,12,CPU_MP,0
0.09648900600222987,12,CPU_MP,0
0.12251622800249606,12,CPU_MP,0
0.09413643700099783,12,CPU_MP,0
0.10668526500012376,12,CPU_MP,0
0.10812097300004098,12,CPU_MP,0
0.11232537699834211,12,CPU_MP,0
0.1091996899995138,12,CPU_MP,0
0.10841470000013942,12,CPU_MP,0
0.10289596399888978,12,CPU_MP,0
0.10228691000156687,12,CPU_MP,0
0.11621381399891106,12,CPU_MP,0
0.09606203099974664,12,CPU_MP,0
0.11247094400096103,12,CPU_MP,0
0.09910384700197028,12,CPU_MP,0
0.09838461699837353,12,CPU_MP,0
0.10449612000229536,12,CPU_MP,0
0.10659240199674969,12,CPU_MP,0
0.10656264099816326,12,CPU_MP,0
0.09259512999778963,12,CPU_MP,0
0.09235996200004593,12,CPU_MP,0
0.09629691100053606,12,CPU_MP,0
0.10860221999973874,12,CPU_MP,0
0.10968893699828186,12,CPU_MP,0
0.10643880200223066,12,CPU_MP,0
0.12045072999899276,12,CPU_MP,0
0.12161731900050654,12,CPU_MP,0
0.11693906000073184,12,CPU_MP,0
0.12352009800088126,12,CPU_MP,0
0.09848253599921009,12,CPU_MP,0
0.1119027870008722,12,CPU_MP,0
0.11331929500011029,12,CPU_MP,0
0.11331730999881984,12,CPU_MP,0
0.1015881920029642,12,CPU_MP,0
0.10271756500151241,12,CPU_MP,0
0.10336997899867129,12,CPU_MP,0
0.10300479600118706,12,CPU_MP,0
0.09688567699777195,12,CPU_MP,0
0.09551649700006237,12,CPU_MP,0
0.08995369599870173,12,CPU_MP,0
0.09673995000048308,12,CPU_MP,0
0.09800049000114086,12,CPU_MP,0
0.1025090219991398,12,CPU_MP,0
0.10947767399920849,12,CPU_MP,0
0.08867245199871832,12,CPU_MP,0
0.10107993699784856,12,CPU_MP,0
0.10937444199953461,12,CPU_MP,0
0.10931472999800462,12,CPU_MP,0
0.09010320000015781,12,CPU_MP,0
0.10223279800266027,12,CPU_MP,0
0.1045919270000013,12,CPU_MP,0
0.11709323600007338,12,CPU_MP,0
0.11384918100156938,12,CPU_MP,0
0.10984205700151506,12,CPU_MP,0
0.1378520890029904,13,CPU_MP,0
0.12636111300162156,13,CPU_MP,0
0.13492950500221923,13,CPU_MP,0
0.11359116600215202,13,CPU_MP,0
0.10859489200083772,13,CPU_MP,0
0.12243837200003327,13,CPU_MP,0
0.1277370140014682,13,CPU_MP,0
0.12720587899821112,13,CPU_MP,0
0.10989060000065365,13,CPU_MP,0
0.1139084759997786,13,CPU_MP,0
0.12991966399931698,13,CPU_MP,0
0.147504126001877,13,CPU_MP,0
0.13730933900296804,13,CPU_MP,0
0.11292799999864656,13,CPU_MP,0
0.12333753799975966,13,CPU_MP,0
0.13434464300007676,13,CPU_MP,0
0.125010525000107,13,CPU_MP,0
0.1173537149988988,13,CPU_MP,0
0.12058580200027791,13,CPU_MP,0
0.13540675200056285,13,CPU_MP,0
0.1373248269992473,13,CPU_MP,0
0.124869438001042,13,CPU_MP,0
0.12249715700090746,13,CPU_MP,0
0.13432624299821327,13,CPU_MP,0
0.13420355600101175,13,CPU_MP,0
0.12115984900083276,13,CPU_MP,0
0.1327264390019991,13,CPU_MP,0
0.14149950299906777,13,CPU_MP,0
0.12749832600093214,13,CPU_MP,0
0.1267563120018167,13,CPU_MP,0
0.12276739600201836,13,CPU_MP,0
0.1443841660002363,13,CPU_MP,0
0.122654019996844,13,CPU_MP,0
0.12630012199952034,13,CPU_MP,0
0.10842109999794047,13,CPU_MP,0
0.12914718499814626,13,CPU_MP,0
0.12123626399989007,13,CPU_MP,0
0.1123926410000422,13,CPU_MP,0
0.11282348700115108,13,CPU_MP,0
0.11961905299904174,13,CPU_MP,0
0.126141689997894,13,CPU_MP,0
0.14378858399868477,13,CPU_MP,0
0.12199840599714662,13,CPU_MP,0
0.13389897999877576,13,CPU_MP,0
0.13595087800058536,13,CPU_MP,0
0.12737957400167943,13,CPU_MP,0
0.12136583200117457,13,CPU_MP,0
0.12878241900034482,13,CPU_MP,0
0.12272339599803672,13,CPU_MP,0
0.1297277279991249,13,CPU_MP,0
0.11562172000049031,13,CPU_MP,0
0.11216176100060693,13,CPU_MP,0
0.1248149419989204,13,CPU_MP,0
0.12100756099971477,13,CPU_MP,0
0.1247922219990869,13,CPU_MP,0
0.11828696099837543,13,CPU_MP,0
0.13617833299940685,13,CPU_MP,0
0.11831739199988078,13,CPU_MP,0
0.1296481120007229,13,CPU_MP,0
0.11786129800020717,13,CPU_MP,0
0.10846833200048422,13,CPU_MP,0
0.12011274700125796,13,CPU_MP,0
0.12580345099922852,13,CPU_MP,0
0.11864407900065999,13,CPU_MP,0
0.10703646500041941,13,CPU_MP,0
0.12570114800109877,13,CPU_MP,0
0.12232285299978685,13,CPU_MP,0
0.125967258001765,13,CPU_MP,0
0.13392931599810254,13,CPU_MP,0
0.12240205299895024,13,CPU_MP,0
0.12248214799910784,13,CPU_MP,0
0.12614850599857164,13,CPU_MP,0
0.12023345099805738,13,CPU_MP,0
0.1210107609986153,13,CPU_MP,0
0.1293374889974075,13,CPU_MP,0
0.11942673299927264,13,CPU_MP,0
0.12459702200067113,13,CPU_MP,0
0.13102743600029498,13,CPU_MP,0
0.11467439400075818,13,CPU_MP,0
0.13792696800010162,13,CPU_MP,0
0.12637093699959223,13,CPU_MP,0
0.12165514300068025,13,CPU_MP,0
0.1137970210002095,13,CPU_MP,0
0.10854913200091687,13,CPU_MP,0
0.12416044799829251,13,CPU_MP,0
0.10910093799975584,13,CPU_MP,0
0.1325124879986106,13,CPU_MP,0
0.11822555300022941,13,CPU_MP,0
0.11970273199767689,13,CPU_MP,0
0.11965511699963827,13,CPU_MP,0
0.13204701699942234,13,CPU_MP,0
0.13211712900010752,13,CPU_MP,0
0.11491170600129408,13,CPU_MP,0
0.11498626599859563,13,CPU_MP,0
0.12982737600032124,13,CPU_MP,0
0.12921380999978282,13,CPU_MP,0
0.12287139499676414,13,CPU_MP,0
0.11952535700038425,13,CPU_MP,0
0.12426287999915075,13,CPU_MP,0
0.13290026300091995,13,CPU_MP,0
0.1101639750013419,13,CPU_MP,0
0.11846286400032113,13,CPU_MP,0
0.1300313110004936,13,CPU_MP,0
0.12877045099958195,13,CPU_MP,0
0.13234727300005034,13,CPU_MP,0
0.12328243400042993,13,CPU_MP,0
0.11865755200051353,13,CPU_MP,0
0.14055556899984367,13,CPU_MP,0
0.1181143850008084,13,CPU_MP,0
0.11664478899911046,13,CPU_MP,0
0.11152294700150378,13,CPU_MP,0
0.124934845000098,13,CPU_MP,0
0.11664283699792577,13,CPU_MP,0
0.13601055799881578,13,CPU_MP,0
0.11659858100028941,13,CPU_MP,0
0.12117149700134178,13,CPU_MP,0
0.13277139899946633,13,CPU_MP,0
0.12632840900187148,13,CPU_MP,0
0.13036855799873592,13,CPU_MP,0
0.12418889599939575,13,CPU_MP,0
0.12960795300023165,13,CPU_MP,0
0.12862261100235628,13,CPU_MP,0
0.12889940999957616,13,CPU_MP,0
0.11903050999899278,13,CPU_MP,0
0.11387807700157282,13,CPU_MP,0
0.13677330800055643,13,CPU_MP,0
0.11795384099968942,13,CPU_MP,0
0.13058631700187107,13,CPU_MP,0
0.1263418169983197,13,CPU_MP,0
0.11156541099990136,13,CPU_MP,0
0.1308926199999405,13,CPU_MP,0
0.11530191299971193,13,CPU_MP,0
0.12172704600016004,13,CPU_MP,0
0.11779707399909967,13,CPU_MP,0
0.13483676899704733,13,CPU_MP,0
0.12132199100233265,13,CPU_MP,0
0.12556268299886142,13,CPU_MP,0
0.14263908300199546,13,CPU_MP,0
0.12035335499967914,13,CPU_MP,0
0.11329510300129186,13,CPU_MP,0
0.13028913400194142,13,CPU_MP,0
0.12769691799985594,13,CPU_MP,0
0.11728856400077348,13,CPU_MP,0
0.1197668929999054,13,CPU_MP,0
0.12675365600080113,13,CPU_MP,0
0.11988814000142156,13,CPU_MP,0
0.1264422980020754,13,CPU_MP,0
0.12005485899862833,13,CPU_MP,0
0.10761582299892325,13,CPU_MP,0
0.1287850430016988,13,CPU_MP,0
0.12426812699777656,13,CPU_MP,0
0.126310009000008,13,CPU_MP,0
0.11821748900183593,13,CPU_MP,0
0.12517964500148082,13,CPU_MP,0
0.11734318700109725,13,CPU_MP,0
0.12633736999850953,13,CPU_MP,0
0.1193619019977632,13,CPU_MP,0
0.13749279400144587,13,CPU_MP,0
0.14458413400279824,13,CPU_MP,0
0.12310512300246046,13,CPU_MP,0
0.12699797499954002,13,CPU_MP,0
0.11652658099774271,13,CPU_MP,0
0.11214493000079528,13,CPU_MP,0
0.12900548999823513,13,CPU_MP,0
0.12076935400182265,13,CPU_MP,0
0.1347353290002502,13,CPU_MP,0
0.12473058999967179,13,CPU_MP,0
0.12265337999997428,13,CPU_MP,0
0.1287893940025242,13,CPU_MP,0
0.1269515109997883,13,CPU_MP,0
0.13514704100089148,13,CPU_MP,0
0.1096851609981968,13,CPU_MP,0
0.12251325300167082,13,CPU_MP,0
0.11694206800166285,13,CPU_MP,0
0.11761233799916226,13,CPU_MP,0
0.1192707980007981,13,CPU_MP,0
0.11239187299725018,13,CPU_MP,0
0.12099370500072837,13,CPU_MP,0
0.12471219099825248,13,CPU_MP,0
0.12203821400180459,13,CPU_MP,0
0.10871066699837684,13,CPU_MP,0
0.1165616529979161,13,CPU_MP,0
0.12613010600034613,13,CPU_MP,0
0.12333913800102891,13,CPU_MP,0
0.13025774299967452,13,CPU_MP,0
0.12007767500108457,13,CPU_MP,0
0.13259760800065123,13,CPU_MP,0
0.11834596799963037,13,CPU_MP,0
0.1303060940008436,13,CPU_MP,0
0.12017901899889694,13,CPU_MP,0
0.1312263800027722,13,CPU_MP,0
0.11642063000181224,13,CPU_MP,0
0.11375510100333486,13,CPU_MP,0
0.12172400700001162,13,CPU_MP,0
0.11918388599951868,13,CPU_MP,0
0.10969799300073646,13,CPU_MP,0
0.11207744200146408,13,CPU_MP,0
0.12167539899746771,13,CPU_MP,0
0.11996346800151514,13,CPU_MP,0
0.12057268199714599,13,CPU_MP,0
0.15026872599992203,14,CPU_MP,0
0.14949717600029544,14,CPU_MP,0
0.14586339400193538,14,CPU_MP,0
0.13857614999869838,14,CPU_MP,0
0.14544553899759194,14,CPU_MP,0
0.13706719500260078,14,CPU_MP,0
0.15345274900028016,14,CPU_MP,0
0.15390698700139183,14,CPU_MP,0
0.14309799399779877,14,CPU_MP,0
0.14848975499990047,14,CPU_MP,0
0.13242285599699244,14,CPU_MP,0
0.14734531000067363,14,CPU_MP,0
0.13747250600135885,14,CPU_MP,0
0.13405177899767295,14,CPU_MP,0
0.14490317200034042,14,CPU_MP,0
0.1428938660028507,14,CPU_MP,0
0.14034625699787284,14,CPU_MP,0
0.13638646099934704,14,CPU_MP,0
0.16122802199970465,14,CPU_MP,0
0.1307368130001123,14,CPU_MP,0
0.13533260799886193,14,CPU_MP,0
0.13283543099896633,14,CPU_MP,0
0.16008105000219075,14,CPU_MP,0
0.13013156699889805,14,CPU_MP,0
0.1605227760010166,14,CPU_MP,0
0.12457318199813017,14,CPU_MP,0
0.14463978099956876,14,CPU_MP,0
0.13814149599784287,14,CPU_MP,0
0.15454807300193352,14,CPU_MP,0
0.1431305699989025,14,CPU_MP,0
0.14015435500186868,14,CPU_MP,0
0.1488209849994746,14,CPU_MP,0
0.13034078300188412,14,CPU_MP,0
0.15435162599897012,14,CPU_MP,0
0.12531247599690687,14,CPU_MP,0
0.1529419020007481,14,CPU_MP,0
0.14568025799962925,14,CPU_MP,0
0.1582263669988606,14,CPU_MP,0
0.1728379730011511,14,CPU_MP,0
0.16552929099998437,14,CPU_MP,0
0.1500371419970179,14,CPU_MP,0
0.13658943700284,14,CPU_MP,0
0.1354757109984348,14,CPU_MP,0
0.14241697200122871,14,CPU_MP,0
0.1297515040023427,14,CPU_MP,0
0.14514774800045416,14,CPU_MP,0
0.15173512199908146,14,CPU_MP,0
0.13786738499766216,14,CPU_MP,0
0.13752472999840393,14,CPU_MP,0
0.14468883800145704,14,CPU_MP,0
0.13388185999792768,14,CPU_MP,0
0.14042187299855868,14,CPU_MP,0
0.1190637899999274,14,CPU_MP,0
0.1377870010001061,14,CPU_MP,0
0.14365975200053072,14,CPU_MP,0
0.14451101400118205,14,CPU_MP,0
0.14457901399873663,14,CPU_MP,0
0.13045748500007903,14,CPU_MP,0
0.13195876199824852,14,CPU_MP,0
0.1386245659996348,14,CPU_MP,0
0.14397303099758574,14,CPU_MP,0
0.16820221099987975,14,CPU_MP,0
0.14169348599898512,14,CPU_MP,0
0.1389913169987267,14,CPU_MP,0
0.13978805100123282,14,CPU_MP,0
0.13608390200170106,14,CPU_MP,0
0.13977061200057506,14,CPU_MP,0
0.13663273199927062,14,CPU_MP,0
0.16964707000079216,14,CPU_MP,0
0.13955083600012586,14,CPU_MP,0
0.14136606300235144,14,CPU_MP,0
0.13195680900025764,14,CPU_MP,0
0.14465642199866124,14,CPU_MP,0
0.14760655700229108,14,CPU_MP,0
0.13542947199675837,14,CPU_MP,0
0.15133093099939288,14,CPU_MP,0
0.1496151909996115,14,CPU_MP,0
0.14246129099774407,14,CPU_MP,0
0.13204314599715872,14,CPU_MP,0
0.13128007499835803,14,CPU_MP,0
0.15644067599714617,14,CPU_MP,0
0.15097755500028143,14,CPU_MP,0
0.13850322300277185,14,CPU_MP,0
0.1346111060011026,14,CPU_MP,0
0.14117159899979015,14,CPU_MP,0
0.11825454399877344,14,CPU_MP,0
0.13472806600111653,14,CPU_MP,0
0.14570179499787628,14,CPU_MP,0
0.1686108180001611,14,CPU_MP,0
0.13554390400167904,14,CPU_MP,0
0.13410790799753158,14,CPU_MP,0
0.12906798599942704,14,CPU_MP,0
0.1428655150011764,14,CPU_MP,0
0.1660595609973825,14,CPU_MP,0
0.15076456499809865,14,CPU_MP,0
0.15585286900022766,14,CPU_MP,0
0.14814415499859024,14,CPU_MP,0
0.14002654700016137,14,CPU_MP,0
0.1384314480019384,14,CPU_MP,0
0.13317008600279223,14,CPU_MP,0
0.13800699999774224,14,CPU_MP,0
0.14115755099919625,14,CPU_MP,0
0.15254497500063735,14,CPU_MP,0
0.14702511799987406,14,CPU_MP,0
0.15297486199779087,14,CPU_MP,0
0.13920731700272881,14,CPU_MP,0
0.15454173699981766,14,CPU_MP,0
0.14490902900070068,14,CPU_MP,0
0.13202602599994862,14,CPU_MP,0
0.14545472399913706,14,CPU_MP,0
0.14461722199848737,14,CPU_MP,0
0.13644812499842374,14,CPU_MP,0
0.14549427599922637,14,CPU_MP,0
0.14471680600036052,14,CPU_MP,0
0.13778149700010545,14,CPU_MP,0
0.1514990260002378,14,CPU_MP,0
0.13667996400181437,14,CPU_MP,0
0.15664605100027984,14,CPU_MP,0
0.13879195799745503,14,CPU_MP,0
0.143933832001494,14,CPU_MP,0
0.13173220200042124,14,CPU_MP,0
0.12031114599813009,14,CPU_MP,0
0.13636927699917578,14,CPU_MP,0
0.1478457890007121,14,CPU_MP,0
0.13311603799957084,14,CPU_MP,0
0.1436370330011414,14,CPU_MP,0
0.14964475899978424,14,CPU_MP,0
0.13133236300200224,14,CPU_MP,0
0.13909432500076946,14,CPU_MP,0
0.1281050769975991,14,CPU_MP,0
0.12989009500233806,14,CPU_MP,0
0.13557075199787505,14,CPU_MP,0
0.13467760200001067,14,CPU_MP,0
0.15091432400004123,14,CPU_MP,0
0.14743423800246092,14,CPU_MP,0
0.14913765599703765,14,CPU_MP,0
0.13827359200149658,14,CPU_MP,0
0.14334800899814581,14,CPU_MP,0
0.1439679429968237,14,CPU_MP,0
0.14537149099851376,14,CPU_MP,0
0.15320375800001784,14,CPU_MP,0
0.14152507000108017,14,CPU_MP,0
0.1487755140005902,14,CPU_MP,0
0.1447251249992405,14,CPU_MP,0
0.12980936000167276,14,CPU_MP,0
0.13551689499945496,14,CPU_MP,0
0.14490282100086915,14,CPU_MP,0
0.13083316499978537,14,CPU_MP,0
0.12791525300053763,14,CPU_MP,0
0.14720729399778065,14,CPU_MP,0
0.13426195500142057,14,CPU_MP,0
0.1423644280002918,14,CPU_MP,0
0.1357915190019412,14,CPU_MP,0
0.13568889499947545,14,CPU_MP,0
0.14764604499941925,14,CPU_MP,0
0.13039579000178492,14,CPU_MP,0
0.13846306299819844,14,CPU_MP,0
0.14456967000296572,14,CPU_MP,0
0.1476610210011131,14,CPU_MP,0
0.15578147799897124,14,CPU_MP,0
0.15524016799827223,14,CPU_MP,0
0.15600358899973799,14,CPU_MP,0
0.14762838099704823,14,CPU_MP,0
0.15970367500267457,14,CPU_MP,0
0.139118197002972,14,CPU_MP,0
0.13022679800269543,14,CPU_MP,0
0.14682316800099215,14,CPU_MP,0
0.14528080400123144,14,CPU_MP,0
0.15090705900001922,14,CPU_MP,0
0.2951733059999242,14,CPU_MP,0
0.136388316997909,14,CPU_MP,0
0.14396247200056678,14,CPU_MP,0
0.13776892099849647,14,CPU_MP,0
0.12838094800099498,14,CPU_MP,0
0.13924222900095629,14,CPU_MP,0
0.13705266699980712,14,CPU_MP,0
0.13373974899877794,14,CPU_MP,0
0.13934546100063017,14,CPU_MP,0
0.13849637500243261,14,CPU_MP,0
0.14609324999764794,14,CPU_MP,0
0.14205578900146065,14,CPU_MP,0
0.14148919799845316,14,CPU_MP,0
0.14748649399916758,14,CPU_MP,0
0.14130958299938357,14,CPU_MP,0
0.13746232999983476,14,CPU_MP,0
0.14424237400089623,14,CPU_MP,0
0.13347462900128448,14,CPU_MP,0
0.1490065530015272,14,CPU_MP,0
0.14737628599687014,14,CPU_MP,0
0.1485096269971109,14,CPU_MP,0
0.13694549999854644,14,CPU_MP,0
0.13559263899878715,14,CPU_MP,0
0.16051196100306697,14,CPU_MP,0
0.14410880700233974,14,CPU_MP,0
0.15324084500025492,14,CPU_MP,0
0.12471874999755528,14,CPU_MP,0
0.1428073709976161,14,CPU_MP,0
0.12994030300251325,14,CPU_MP,0
0.14629856100145844,14,CPU_MP,0
0.13129290799770388,14,CPU_MP,0
0.16190130099857925,15,CPU_MP,0
0.1588171820003481,15,CPU_MP,0
0.16049452000152087,15,CPU_MP,0
0.1563866920005239,15,CPU_MP,0
0.15015791000041645,15,CPU_MP,0
0.15525799199895118,15,CPU_MP,0
0.16662586299935356,15,CPU_MP,0
0.17282766999778687,15,CPU_MP,0
0.1492680890005431,15,CPU_MP,0
0.14786585299953003,15,CPU_MP,0
0.1593055320008716,15,CPU_MP,0
0.14487939700120478,15,CPU_MP,0
0.1552493199997116,15,CPU_MP,0
0.15833228699921165,15,CPU_MP,0
0.16531047500029672,15,CPU_MP,0
0.155902757000149,15,CPU_MP,0
0.16728221399898757,15,CPU_MP,0
0.1639427030022489,15,CPU_MP,0
0.16374676700070268,15,CPU_MP,0
0.17337496399704833,15,CPU_MP,0
0.14778662100070505,15,CPU_MP,0
0.1510115080018295,15,CPU_MP,0
0.18467554000017117,15,CPU_MP,0
0.1795008350018179,15,CPU_MP,0
0.16563034600039828,15,CPU_MP,0
0.16383236699766712,15,CPU_MP,0
0.15247643100155983,15,CPU_MP,0
0.17856694899819558,15,CPU_MP,0
0.1663681350000843,15,CPU_MP,0
0.15392538699961733,15,CPU_MP,0
0.15311140500125475,15,CPU_MP,0
0.15909868399830884,15,CPU_MP,0
0.15766092800186016,15,CPU_MP,0
0.1672928369989677,15,CPU_MP,0
0.1543446820032841,15,CPU_MP,0
0.1759954689987353,15,CPU_MP,0
0.17950742700122646,15,CPU_MP,0
0.1777135759984958,15,CPU_MP,0
0.16909212800237583,15,CPU_MP,0
0.1446692850004183,15,CPU_MP,0
0.17906745900108945,15,CPU_MP,0
0.16671328699885635,15,CPU_MP,0
0.1553563910019875,15,CPU_MP,0
0.1599353860001429,15,CPU_MP,0
0.1944333680003183,15,CPU_MP,0
0.16491431599934003,15,CPU_MP,0
0.19229545499911183,15,CPU_MP,0
0.16762147600093158,15,CPU_MP,0
0.17150735299946973,15,CPU_MP,0
0.14362720799908857,15,CPU_MP,0
0.15531098299834412,15,CPU_MP,0
0.17164520899677882,15,CPU_MP,0
0.15104331499969703,15,CPU_MP,0
0.16511869999885675,15,CPU_MP,0
0.1578585600000224,15,CPU_MP,0
0.15299537400278496,15,CPU_MP,0
0.15815715200005798,15,CPU_MP,0
0.1720366319968889,15,CPU_MP,0
0.1563365169968165,15,CPU_MP,0
0.14998280700092437,15,CPU_MP,0
0.1541810019989498,15,CPU_MP,0
0.16253371499988134,15,CPU_MP,0
0.17874250100067002,15,CPU_MP,0
0.17769700000280864,15,CPU_MP,0
0.1522672799983411,15,CPU_MP,0
0.17246747800163575,15,CPU_MP,0
0.15669936299673282,15,CPU_MP,0
0.166294664999441,15,CPU_MP,0
0.15487236099943402,15,CPU_MP,0
0.1677239400014514,15,CPU_MP,0
0.1557672700000694,15,CPU_MP,0
0.14867308199973195,15,CPU_MP,0
0.15956793099758215,15,CPU_MP,0
0.15627075700103887,15,CPU_MP,0
0.15926290800052811,15,CPU_MP,0
0.17354360299941618,15,CPU_MP,0
0.17333707599755144,15,CPU_MP,0
0.16489038000145229,15,CPU_MP,0
0.164109549998102,15,CPU_MP,0
0.16493604400238837,15,CPU_MP,0
0.16051736800000072,15,CPU_MP,0
0.17286498099929304,15,CPU_MP,0
0.19224614199993084,15,CPU_MP,0
0.1615000540004985,15,CPU_MP,0
0.18168550100017455,15,CPU_MP,0
0.16500497199740494,15,CPU_MP,0
0.1604862000021967,15,CPU_MP,0
0.15953087500020047,15,CPU_MP,0
0.16405879900048603,15,CPU_MP,0
0.18056054399858112,15,CPU_MP,0
0.17765754299762193,15,CPU_MP,0
0.1591777239991643,15,CPU_MP,0
0.1603354170001694,15,CPU_MP,0
0.16127947800123366,15,CPU_MP,0
0.1686181779987237,15,CPU_MP,0
0.16943855899808113,15,CPU_MP,0
0.14852008999878308,15,CPU_MP,0
0.15214059199934127,15,CPU_MP,0
0.13984901100047864,15,CPU_MP,0
0.14210734099833644,15,CPU_MP,0
0.1706642520002788,15,CPU_MP,0
0.14847711499896832,15,CPU_MP,0
0.15174424200085923,15,CPU_MP,0
0.1500403419995564,15,CPU_MP,0
0.17929587499747868,15,CPU_MP,0
0.18441666099897702,15,CPU_MP,0
0.15461831300126505,15,CPU_MP,0
0.1457510740001453,15,CPU_MP,0
0.15650035600265255,15,CPU_MP,0
0.15916111700062174,15,CPU_MP,0
0.15831609499946353,15,CPU_MP,0
0.14794444399740314,15,CPU_MP,0
0.1587082219994045,15,CPU_MP,0
0.16002956200100016,15,CPU_MP,0
0.1541011939989403,15,CPU_MP,0
0.14245329199911794,15,CPU_MP,0
0.15668115600055899,15,CPU_MP,0
0.18595969599846285,15,CPU_MP,0
0.17006092500014347,15,CPU_MP,0
0.15534071199726895,15,CPU_MP,0
0.1679353319996153,15,CPU_MP,0
0.154791049000778,15,CPU_MP,0
0.16903324899976724,15,CPU_MP,0
0.16002764199947705,15,CPU_MP,0
0.16104757499851985,15,CPU_MP,0
0.15328900500026066,15,CPU_MP,0
0.15359757999976864,15,CPU_MP,0
0.16164751000178512,15,CPU_MP,0
0.16357195200180286,15,CPU_MP,0
0.16990207799972268,15,CPU_MP,0
0.1681586269987747,15,CPU_MP,0
0.14855343399904086,15,CPU_MP,0
0.16463018899958115,15,CPU_MP,0
0.14857884199955151,15,CPU_MP,0
0.14421696699719178,15,CPU_MP,0
0.16827811400071369,15,CPU_MP,0
0.15362442799960263,15,CPU_MP,0
0.1636276959980023,15,CPU_MP,0
0.15860214199710754,15,CPU_MP,0
0.17492075200061663,15,CPU_MP,0
0.1800735690012516,15,CPU_MP,0
0.17921539499729988,15,CPU_MP,0
0.1772119129964267,15,CPU_MP,0
0.15618506100145169,15,CPU_MP,0
0.1624794430026668,15,CPU_MP,0
0.17107349800062366,15,CPU_MP,0
0.14857288999701268,15,CPU_MP,0
0.1702979170004255,15,CPU_MP,0
0.1678542119989288,15,CPU_MP,0
0.1740937140020833,15,CPU_MP,0
0.17098831399925984,15,CPU_MP,0
0.16157259799729218,15,CPU_MP,0
0.15749225699983072,15,CPU_MP,0
0.1564886119995208,15,CPU_MP,0
0.15978277899921522,15,CPU_MP,0
0.16567879400099628,15,CPU_MP,0
0.1595284110007924,15,CPU_MP,0
0.1761947320010222,15,CPU_MP,0
0.16762416400160873,15,CPU_MP,0
0.16170763699847157,15,CPU_MP,0
0.16086866299883695,15,CPU_MP,0
0.15593626099871472,15,CPU_MP,0
0.14891976999933831,15,CPU_MP,0
0.14715113499914878,15,CPU_MP,0
0.16579015300158062,15,CPU_MP,0
0.14721894199828967,15,CPU_MP,0
0.1774997530010296,15,CPU_MP,0
0.1663347280009475,15,CPU_MP,0
0.14814495600148803,15,CPU_MP,0
0.158546173999639,15,CPU_MP,0
0.16658688700044877,15,CPU_MP,0
0.15821721500105923,15,CPU_MP,0
0.16025535299922922,15,CPU_MP,0
0.18909309500304516,15,CPU_MP,0
0.15369140399707248,15,CPU_MP,0
0.15639552399807144,15,CPU_MP,0
0.16130488599810633,15,CPU_MP,0
0.16719290200126125,15,CPU_MP,0
0.16791059599927394,15,CPU_MP,0
0.1635534560009546,15,CPU_MP,0
0.15406013800020446,15,CPU_MP,0
0.1468610229967453,15,CPU_MP,0
0.16787872399800108,15,CPU_MP,0
0.1670087419988704,15,CPU_MP,0
0.15100885200081393,15,CPU_MP,0
0.1761992760002613,15,CPU_MP,0
0.1667291589983506,15,CPU_MP,0
0.16465681300178403,15,CPU_MP,0
0.16543597899726592,15,CPU_MP,0
0.16597143300168682,15,CPU_MP,0
0.175777165000909,15,CPU_MP,0
0.18363205499917967,15,CPU_MP,0
0.14468454899906646,15,CPU_MP,0
0.1412811030022567,15,CPU_MP,0
0.1533192130009411,15,CPU_MP,0
0.15675936299885507,15,CPU_MP,0
0.16476606099968194,15,CPU_MP,0
0.1553585990004649,15,CPU_MP,0
0.14283754699863493,15,CPU_MP,0
0.16082226400249056,15,CPU_MP,0
0.19001024500175845,16,CPU_MP,0
0.21230640599969774,16,CPU_MP,0
0.1752131350003765,16,CPU_MP,0
0.1710149700011243,16,CPU_MP,0
0.19761336000010488,16,CPU_MP,0
0.20468316299957223,16,CPU_MP,0
0.16868707299727248,16,CPU_MP,0
0.18291944900192902,16,CPU_MP,0
0.19433599300100468,16,CPU_MP,0
0.1807087670022156,16,CPU_MP,0
0.1763124280005286,16,CPU_MP,0
0.17645223500221618,16,CPU_MP,0
0.1916949129990826,16,CPU_MP,0
0.21849051599929226,16,CPU_MP,0
0.30555801299851737,16,CPU_MP,0
0.20639320699774544,16,CPU_MP,0
0.17724442500184523,16,CPU_MP,0
0.17916144400078338,16,CPU_MP,0
0.17495505499755382,16,CPU_MP,0
0.17436299300243263,16,CPU_MP,0
0.20006468100109487,16,CPU_MP,0
0.17856483699870296,16,CPU_MP,0
0.19332553099957295,16,CPU_MP,0
0.16912764800144942,16,CPU_MP,0
0.1874095169987413,16,CPU_MP,0
0.18021030399904703,16,CPU_MP,0
0.18215823600257863,16,CPU_MP,0
0.18428696500268416,16,CPU_MP,0
0.15427255499889725,16,CPU_MP,0
0.18583224099711515,16,CPU_MP,0
0.18729329299821984,16,CPU_MP,0
0.20947038200029056,16,CPU_MP,0
0.17457992100025876,16,CPU_MP,0
0.1668072390020825,16,CPU_MP,0
0.17849840599956224,16,CPU_MP,0
0.1987762360004126,16,CPU_MP,0
0.18105420599749777,16,CPU_MP,0
0.1663154640009452,16,CPU_MP,0
0.18810679399757646,16,CPU_MP,0
0.19844033300250885,16,CPU_MP,0
0.17961395499878563,16,CPU_MP,0
0.19202483099797973,16,CPU_MP,0
0.17710359300326672,16,CPU_MP,0
0.1648916289996123,16,CPU_MP,0
0.1763418360023934,16,CPU_MP,0
0.1715673210019304,16,CPU_MP,0
0.1977526860027865,16,CPU_MP,0
0.1787021169984655,16,CPU_MP,0
0.17780522400062182,16,CPU_MP,0
0.18762695599798462,16,CPU_MP,0
0.17344907599908765,16,CPU_MP,0
0.18338171999857877,16,CPU_MP,0
0.18018294400098966,16,CPU_MP,0
0.19215692699799547,16,CPU_MP,0
0.1868221260010614,16,CPU_MP,0
0.19257631700020283,16,CPU_MP,0
0.18186940399755258,16,CPU_MP,0
0.17237656699944637,16,CPU_MP,0
0.17095807500299998,16,CPU_MP,0
0.20952609300002223,16,CPU_MP,0
0.19081286700020428,16,CPU_MP,0
0.1837345180028933,16,CPU_MP,0
0.187642187000165,16,CPU_MP,0
0.18703514899971196,16,CPU_MP,0
0.17361528399851522,16,CPU_MP,0
0.1868990209986805,16,CPU_MP,0
0.18036412799847312,16,CPU_MP,0
0.16981379000208108,16,CPU_MP,0
0.2002035600016825,16,CPU_MP,0
0.20684075700046378,16,CPU_MP,0
0.17197653599941987,16,CPU_MP,0
0.17093180300071253,16,CPU_MP,0
0.17731751199971768,16,CPU_MP,0
0.1840181980005582,16,CPU_MP,0
0.17958928300140542,16,CPU_MP,0
0.17450936100067338,16,CPU_MP,0
0.23163847899922985,16,CPU_MP,0
0.1874628279983881,16,CPU_MP,0
0.17758580000008806,16,CPU_MP,0
0.18577601699871593,16,CPU_MP,0
0.18059769499814138,16,CPU_MP,0
0.16265061000012793,16,CPU_MP,0
0.1666043590012123,16,CPU_MP,0
0.21041869799955748,16,CPU_MP,0
0.17760295200059772,16,CPU_MP,0
0.17270539800301776,16,CPU_MP,0
0.16368599999987055,16,CPU_MP,0
0.19996240899854456,16,CPU_MP,0
0.17629613999815774,16,CPU_MP,0
0.1937163460024749,16,CPU_MP,0
0.16746010099814157,16,CPU_MP,0
0.19910938700195402,16,CPU_MP,0
0.19995556099820533,16,CPU_MP,0
0.2170594480012369,16,CPU_MP,0
0.19474648799950955,16,CPU_MP,0
0.18960803799927817,16,CPU_MP,0
0.2009002300001157,16,CPU_MP,0
0.19473979900067206,16,CPU_MP,0
0.17191746400203556,16,CPU_MP,0
0.1755171340009838,16,CPU_MP,0
0.2064637990006304,16,CPU_MP,0
0.17728784900100436,16,CPU_MP,0
0.1712295940014883,16,CPU_MP,0
0.2179244690014457,16,CPU_MP,0
0.18347973599884426,16,CPU_MP,0
0.18625390399756725,16,CPU_MP,0
0.1692909760022303,16,CPU_MP,0
0.2022296670002106,16,CPU_MP,0
0.188974471999245,16,CPU_MP,0
0.18564069000058225,16,CPU_MP,0
0.18077353500120807,16,CPU_MP,0
0.19289583700083313,16,CPU_MP,0
0.17720145000203047,16,CPU_MP,0
0.17673108199960552,16,CPU_MP,0
0.17260331899888115,16,CPU_MP,0
0.1771302490014932,16,CPU_MP,0
0.18808791400078917,16,CPU_MP,0
0.2035767980014498,16,CPU_MP,0
0.17898304499976803,16,CPU_MP,0
0.18679258999691228,16,CPU_MP,0
0.17650762800258235,16,CPU_MP,0
0.16509588299959432,16,CPU_MP,0
0.17550126200148952,16,CPU_MP,0
0.1921027829994273,16,CPU_MP,0
0.1825809849979123,16,CPU_MP,0
0.1902347559989721,16,CPU_MP,0
0.1972801759984577,16,CPU_MP,0
0.18353730300077586,16,CPU_MP,0
0.1777778319992649,16,CPU_MP,0
0.2003968069984694,16,CPU_MP,0
0.1882572260001325,16,CPU_MP,0
0.1896531260026677,16,CPU_MP,0
0.1703271330006828,16,CPU_MP,0
0.1846648520004237,16,CPU_MP,0
0.19360245899952133,16,CPU_MP,0
0.20121856500190916,16,CPU_MP,0
0.19357625099655706,16,CPU_MP,0
0.18406011799743283,16,CPU_MP,0
0.1892360070014547,16,CPU_MP,0
0.19285106900133542,16,CPU_MP,0
0.17581143700226676,16,CPU_MP,0
0.19844055700013996,16,CPU_MP,0
0.20576882400200702,16,CPU_MP,0
0.20897457499813754,16,CPU_MP,0
0.17909593999866047,16,CPU_MP,0
0.19059341100000893,16,CPU_MP,0
0.20397970900012297,16,CPU_MP,0
0.17489879999993718,16,CPU_MP,0
0.16987443000107305,16,CPU_MP,0
0.18615742300244165,16,CPU_MP,0
0.17944083399925148,16,CPU_MP,0
0.17711412200151244,16,CPU_MP,0
0.1954701649992785,16,CPU_MP,0
0.17507972699968377,16,CPU_MP,0
0.18139692600016133,16,CPU_MP,0
0.2109560099997907,16,CPU_MP,0
0.1857912169980409,16,CPU_MP,0
0.1969759849998809,16,CPU_MP,0
0.18997411699820077,16,CPU_MP,0
0.18225999499918544,16,CPU_MP,0
0.17305918900092365,16,CPU_MP,0
0.16813843499767245,16,CPU_MP,0
0.16864201800126466,16,CPU_MP,0
0.16911529600110953,16,CPU_MP,0
0.19623656300245784,16,CPU_MP,0
0.18705847700039158,16,CPU_MP,0
0.16954668700054754,16,CPU_MP,0
0.19346741900153575,16,CPU_MP,0
0.1899735730003158,16,CPU_MP,0
0.19891501900201547,16,CPU_MP,0
0.1962520509987371,16,CPU_MP,0
0.18915021499924478,16,CPU_MP,0
0.1996038180004689,16,CPU_MP,0
0.19748753499879967,16,CPU_MP,0
0.16533361099936883,16,CPU_MP,0
0.19207977499900153,16,CPU_MP,0
0.1964515060026315,16,CPU_MP,0
0.19842170899937628,16,CPU_MP,0
0.18334216799848946,16,CPU_MP,0
0.1670389820028504,16,CPU_MP,0
0.21121184799994808,16,CPU_MP,0
0.19823444500070764,16,CPU_MP,0
0.16297944199686754,16,CPU_MP,0
0.18314885599829722,16,CPU_MP,0
0.19681720100197708,16,CPU_MP,0
0.17281509399981587,16,CPU_MP,0
0.19698833700022078,16,CPU_MP,0
0.19996304899905226,16,CPU_MP,0
0.18720170800224878,16,CPU_MP,0
0.1654396270023426,16,CPU_MP,0
0.20342031899781432,16,CPU_MP,0
0.18168706799770007,16,CPU_MP,0
0.1700420769993798,16,CPU_MP,0
0.16665498400107026,16,CPU_MP,0
0.1960099399984756,16,CPU_MP,0
0.18539620900264708,16,CPU_MP,0
0.1676480369969795,16,CPU_MP,0
0.17312949299957836,16,CPU_MP,0
0.16605984900161275,16,CPU_MP,0
0.19048329900033423,16,CPU_MP,0
