1.0083582589977595,20,CPU,0
0.045058880001306534,4,CPU,0
0.04611478099832311,4,CPU,0
0.04648767599792336,4,CPU,0
0.043050566000601975,4,CPU,0
0.04322630900060176,4,CPU,0
0.04303271000026143,4,CPU,0
0.044605473998672096,4,CPU,0
0.045487998999306,4,CPU,0
0.04162567399907857,4,CPU,0
0.0437952669999504,4,CPU,0
0.04173872899991693,4,CPU,0
0.040343533000850584,4,CPU,0
0.04158205799831194,4,CPU,0
0.04155780200017034,4,CPU,0
0.042130472997087054,4,CPU,0
0.04162077799992403,4,CPU,0
0.03986276700015878,4,CPU,0
0.04029204499965999,4,CPU,0
0.04221472800054471,4,CPU,0
0.040851083998859394,4,CPU,0
0.04040916499798186,4,CPU,0
0.041010283999639796,4,CPU,0
0.04045623799902387,4,CPU,0
0.04168439400018542,4,CPU,0
0.04117194699938409,4,CPU,0
0.04190416900019045,4,CPU,0
0.04191172100036056,4,CPU,0
0.04238487199836527,4,CPU,0
0.0415301860011823,4,CPU,0
0.04035153299992089,4,CPU,0
0.04215252100038924,4,CPU,0
0.04301770199890598,4,CPU,0
0.041448521998972865,4,CPU,0
0.041716968997207005,4,CPU,0
0.04124269900057698,4,CPU,0
0.04069038099987665,4,CPU,0
0.04152573800092796,4,CPU,0
0.042880101998889586,4,CPU,0
0.041505065997625934,4,CPU,0
0.04013153400228475,4,CPU,0
0.03958136000073864,4,CPU,0
0.042610022999724606,4,CPU,0
0.041348874001414515,4,CPU,0
0.04314842200255953,4,CPU,0
0.04169380199891748,4,CPU,0
0.04154055400067591,4,CPU,0
0.043586373001744505,4,CPU,0
0.04203696799959289,4,CPU,0
0.03941265599860344,4,CPU,0
0.04223111200190033,4,CPU,0
0.04176484200070263,4,CPU,0
0.04289258199787582,4,CPU,0
0.04317357300169533,4,CPU,0
0.040488685001037084,4,CPU,0
0.043144709001353476,4,CPU,0
0.04164052199848811,4,CPU,0
0.043662659998517483,4,CPU,0
0.04152301800058922,4,CPU,0
0.0412448110000696,4,CPU,0
0.04054826799983857,4,CPU,0
0.039960078000149224,4,CPU,0
0.04026929400060908,4,CPU,0
0.04021764500066638,4,CPU,0
0.04268304599827388,4,CPU,0
0.04343798899935791,4,CPU,0
0.04275143099948764,4,CPU,0
0.04014311799983261,4,CPU,0
0.04074442900309805,4,CPU,0
0.039858607000496704,4,CPU,0
0.03982087899930775,4,CPU,0
0.04062753299876931,4,CPU,0
0.04110724400015897,4,CPU,0
0.042487910999625456,4,CPU,0
0.0413252910002484,4,CPU,0
0.04476067300129216,4,CPU,0
0.0407329400004528,4,CPU,0
0.04042151699832175,4,CPU,0
0.04738943299889797,4,CPU,0
0.040265070001623826,4,CPU,0
0.03987227100151358,4,CPU,0
0.040871020002668956,4,CPU,0
0.04046474899951136,4,CPU,0
0.041630314000940416,4,CPU,0
0.04178490499907639,4,CPU,0
0.04093623600056162,4,CPU,0
0.041930536997824674,4,CPU,0
0.0424852229989483,4,CPU,0
0.04067751699767541,4,CPU,0
0.04280055100025493,4,CPU,0
0.038692273999913596,4,CPU,0
0.039266705000045476,4,CPU,0
0.04139098700034083,4,CPU,0
0.04129079499762156,4,CPU,0
0.044616577000851976,4,CPU,0
0.039927470999828074,4,CPU,0
0.04090586800157325,4,CPU,0
0.04104029900190653,4,CPU,0
0.041333290999318706,4,CPU,0
0.04202276100113522,4,CPU,0
0.044310818000667496,4,CPU,0
0.039361200000712415,4,CPU,0
0.0395141600019997,4,CPU,0
0.04089005999776418,4,CPU,0
0.03787032399850432,4,CPU,0
0.038650291000521975,4,CPU,0
0.04109457100275904,4,CPU,0
0.03892488199926447,4,CPU,0
0.03834389099938562,4,CPU,0
0.04184173699832172,4,CPU,0
0.04165428200212773,4,CPU,0
0.03949819199988269,4,CPU,0
0.03947739199793432,4,CPU,0
0.03839637100099935,4,CPU,0
0.03842542699931073,4,CPU,0
0.04095130800124025,4,CPU,0
0.03889326600256027,4,CPU,0
0.03947080000216374,4,CPU,0
0.040440749002300436,4,CPU,0
0.039527952001662925,4,CPU,0
0.03857067399803782,4,CPU,0
0.03849646700109588,4,CPU,0
0.04149799399965559,4,CPU,0
0.04141626699856715,4,CPU,0
0.04075038000155473,4,CPU,0
0.04207684100038023,4,CPU,0
0.040212142001109896,4,CPU,0
0.03975675100082299,4,CPU,0
0.03972897499988903,4,CPU,0
0.04267546300252434,4,CPU,0
0.04304608599704807,4,CPU,0
0.0402634060010314,4,CPU,0
0.040365229000599356,4,CPU,0
0.04196384900205885,4,CPU,0
0.04169114500109572,4,CPU,0
0.040231566003058106,4,CPU,0
0.04340502899867715,4,CPU,0
0.03987489399878541,4,CPU,0
0.03859198699865374,4,CPU,0
0.04038004500034731,4,CPU,0
0.04196356099782861,4,CPU,0
0.04168122600094648,4,CPU,0
0.04235552799946163,4,CPU,0
0.04109719600091921,4,CPU,0
0.04099130699978559,4,CPU,0
0.03934148800180992,4,CPU,0
0.04188583300128812,4,CPU,0
0.039579566997417714,4,CPU,0
0.04177306500059785,4,CPU,0
0.0423616400003084,4,CPU,0
0.042302408000978176,4,CPU,0
0.04598579000230529,4,CPU,0
0.041728329997567926,4,CPU,0
0.042268487999535864,4,CPU,0
0.04060769299758249,4,CPU,0
0.04073566100123571,4,CPU,0
0.04204471299817669,4,CPU,0
0.041056011999899056,4,CPU,0
0.04105354700004682,4,CPU,0
0.04058868499851087,4,CPU,0
0.04220512800020515,4,CPU,0
0.04034423700068146,4,CPU,0
0.044735776999004884,4,CPU,0
0.04217805599910207,4,CPU,0
0.041729193999344716,4,CPU,0
0.040370830000028946,4,CPU,0
0.04175642499831156,4,CPU,0
0.0408391480013961,4,CPU,0
0.0439092829983565,4,CPU,0
0.042682503000833094,4,CPU,0
0.04316400500101736,4,CPU,0
0.04379977999997209,4,CPU,0
0.04403600300065591,4,CPU,0
0.04128026599937584,4,CPU,0
0.04445132999899215,4,CPU,0
0.04081252499963739,4,CPU,0
0.038622673997451784,4,CPU,0
0.044358306000503944,4,CPU,0
0.04194039299909491,4,CPU,0
0.04360409999935655,4,CPU,0
0.04219539999758126,4,CPU,0
0.04189050499917357,4,CPU,0
0.04094637900197995,4,CPU,0
0.043421029000455746,4,CPU,0
0.04439827399983187,4,CPU,0
0.04315187800239073,4,CPU,0
0.04334362100053113,4,CPU,0
0.04246647100080736,4,CPU,0
0.04230256799928611,4,CPU,0
0.045750045999739086,4,CPU,0
0.04314986199824489,4,CPU,0
0.04239984800005914,4,CPU,0
0.04083543600063422,4,CPU,0
0.04052897300061886,4,CPU,0
0.04525740700046299,4,CPU,0
0.0429401979999966,4,CPU,0
0.04792200800147839,4,CPU,0
0.04981669100016006,4,CPU,0
0.044913183999597095,4,CPU,0
0.04414841899779276,4,CPU,0
0.04407059499862953,4,CPU,0
0.06330218899893225,5,CPU,0
0.06340343600095366,5,CPU,0
0.06211243199868477,5,CPU,0
0.0604377170020598,5,CPU,0
0.062356046997592784,5,CPU,0
0.06288449299972854,5,CPU,0
0.06446372099890141,5,CPU,0
0.06442740200145636,5,CPU,0
0.06281556600151816,5,CPU,0
0.06124036999972304,5,CPU,0
0.060863602997415,5,CPU,0
0.060867059997690376,5,CPU,0
0.06341226799850119,5,CPU,0
0.060294932998658624,5,CPU,0
0.059077848000015365,5,CPU,0
0.05985451800006558,5,CPU,0
0.06186772799992468,5,CPU,0
0.06111700999827008,5,CPU,0
0.06275489399922662,5,CPU,0
0.06323662100112415,5,CPU,0
0.06208952000088175,5,CPU,0
0.06094229099835502,5,CPU,0
0.06275460599863436,5,CPU,0
0.06310682900220854,5,CPU,0
0.06635293100043782,5,CPU,0
0.06505754300087574,5,CPU,0
0.0611062909993052,5,CPU,0
0.06140222600151901,5,CPU,0
0.06147163300192915,5,CPU,0
0.06297591700058547,5,CPU,0
0.062368687002162915,5,CPU,0
0.06452336900110822,5,CPU,0
0.06281102200227906,5,CPU,0
0.06498202399961883,5,CPU,0
0.06263057400065009,5,CPU,0
0.06176443199728965,5,CPU,0
0.06057608400078607,5,CPU,0
0.06239633400036837,5,CPU,0
0.06567690199881326,5,CPU,0
0.06427290600186097,5,CPU,0
0.06321790000220062,5,CPU,0
0.06442096899991157,5,CPU,0
0.0643264740028826,5,CPU,0
0.06412592999913613,5,CPU,0
0.06124184199870797,5,CPU,0
0.061213490000227466,5,CPU,0
0.059831894002854824,5,CPU,0
0.06294910100041307,5,CPU,0
0.061134067000239156,5,CPU,0
0.061916816001030384,5,CPU,0
0.06058946000121068,5,CPU,0
0.059502678999706404,5,CPU,0
0.06045464500130038,5,CPU,0
0.06017461299779825,5,CPU,0
0.06236529499801691,5,CPU,0
0.06489895200138562,5,CPU,0
0.06396077899989905,5,CPU,0
0.06053918800171232,5,CPU,0
0.06383735499912291,5,CPU,0
0.06098309099979815,5,CPU,0
0.06173310500162188,5,CPU,0
0.06720438499905868,5,CPU,0
0.06598483600100735,5,CPU,0
0.06145368199941004,5,CPU,0
0.06324097200194956,5,CPU,0
0.06782361600198783,5,CPU,0
0.06141224100065301,5,CPU,0
0.06501680799919995,5,CPU,0
0.06462586500128964,5,CPU,0
0.062278766999952495,5,CPU,0
0.06475415200111456,5,CPU,0
0.05921189600121579,5,CPU,0
0.05886901700068847,5,CPU,0
0.060656435998680536,5,CPU,0
0.06026059700161568,5,CPU,0
0.06226971199794207,5,CPU,0
0.06408714599820087,5,CPU,0
0.060682740000629565,5,CPU,0
0.061692241000855574,5,CPU,0
0.059095736000017496,5,CPU,0
0.06137531399872387,5,CPU,0
0.06196551999892108,5,CPU,0
0.06138289800219354,5,CPU,0
0.06008322100024088,5,CPU,0
0.05933023200122989,5,CPU,0
0.060423029000958195,5,CPU,0
0.06075304399928427,5,CPU,0
0.06066907599961269,5,CPU,0
0.06885362899993197,5,CPU,0
0.06574608500159229,5,CPU,0
0.06390125899997656,5,CPU,0
0.06186449599772459,5,CPU,0
0.06151176099956501,5,CPU,0
0.06128267399981269,5,CPU,0
0.06091512300190516,5,CPU,0
0.060910675001650816,5,CPU,0
0.06444970499796909,5,CPU,0
0.06408308200116153,5,CPU,0
0.0613557300021057,5,CPU,0
0.061373489999823505,5,CPU,0
0.06107876999885775,5,CPU,0
0.060823922998679336,5,CPU,0
0.061017970998364035,5,CPU,0
0.06421524100005627,5,CPU,0
0.05811903499852633,5,CPU,0
0.061922384000354214,5,CPU,0
0.06156004999866127,5,CPU,0
0.061848273002397036,5,CPU,0
0.0648282320034923,5,CPU,0
0.061604848997376394,5,CPU,0
0.0617854880001687,5,CPU,0
0.061878287997387815,5,CPU,0
0.06345610800053691,5,CPU,0
0.06372212300266256,5,CPU,0
0.06496842299748096,5,CPU,0
0.06373665100181825,5,CPU,0
0.06809487899954547,5,CPU,0
0.0637189879998914,5,CPU,0
0.061608305000845576,5,CPU,0
0.06015058100092574,5,CPU,0
0.06160405000264291,5,CPU,0
0.06469613700028276,5,CPU,0
0.06604515700018965,5,CPU,0
0.0650104080013989,5,CPU,0
0.06721305799874244,5,CPU,0
0.06441981800162466,5,CPU,0
0.06629181199969025,5,CPU,0
0.06428557700201054,5,CPU,0
0.06681613100226969,5,CPU,0
0.06399815500117256,5,CPU,0
0.06499427900052979,5,CPU,0
0.06277425300140749,5,CPU,0
0.06466253700273228,5,CPU,0
0.0664113639977586,5,CPU,0
0.06422826600100962,5,CPU,0
0.06286839700260316,5,CPU,0
0.0646744719997514,5,CPU,0
0.06481485599942971,5,CPU,0
0.06564448599965544,5,CPU,0
0.06525879099717713,5,CPU,0
0.06557552600133931,5,CPU,0
0.06317476500043995,5,CPU,0
0.062192784000217216,5,CPU,0
0.06355773899849737,5,CPU,0
0.060824691001471365,5,CPU,0
0.06276222200176562,5,CPU,0
0.06362833199818851,5,CPU,0
0.06085736300155986,5,CPU,0
0.060562036000192165,5,CPU,0
0.06177620900052716,5,CPU,0
0.06380781899861176,5,CPU,0
0.06755961599992588,5,CPU,0
0.06458986500001629,5,CPU,0
0.06471933700231602,5,CPU,0
0.0650697040000523,5,CPU,0
0.062041103999945335,5,CPU,0
0.06350929200198152,5,CPU,0
0.06248379099997692,5,CPU,0
0.06066907599961269,5,CPU,0
0.0608330750001187,5,CPU,0
0.06282398199982708,5,CPU,0
0.05991883800015785,5,CPU,0
0.06294571000034921,5,CPU,0
0.061331249999057036,5,CPU,0
0.06222459100172273,5,CPU,0
0.06163726500017219,5,CPU,0
0.06094760300038615,5,CPU,0
0.06391140300183906,5,CPU,0
0.06262199800039525,5,CPU,0
0.06087832299817819,5,CPU,0
0.06300791700050468,5,CPU,0
0.06332142000246677,5,CPU,0
0.061990128000616096,5,CPU,0
0.061450417000742164,5,CPU,0
0.060969074998865835,5,CPU,0
0.06295130899889045,5,CPU,0
0.06223675200089929,5,CPU,0
0.06211537499984843,5,CPU,0
0.061641168998903595,5,CPU,0
0.06335444399883272,5,CPU,0
0.06096619500021916,5,CPU,0
0.0646149839994905,5,CPU,0
0.06320308399881469,5,CPU,0
0.058709689998067915,5,CPU,0
0.058942233001289424,5,CPU,0
0.05967343099837308,5,CPU,0
0.06028216499908012,5,CPU,0
0.060132277001685,5,CPU,0
0.06372522700257832,5,CPU,0
0.0649518159989384,5,CPU,0
0.06310855700212414,5,CPU,0
0.06134133000159636,5,CPU,0
0.06212996699832729,5,CPU,0
0.06782617600038066,5,CPU,0
0.06186753699876135,5,CPU,0
0.0622988949980936,5,CPU,0
0.06280564600092475,5,CPU,0
0.06226849599988782,5,CPU,0
0.06463780100239092,5,CPU,0
0.06236238299970864,5,CPU,0
0.0860205240023788,6,CPU,0
0.08939443400231539,6,CPU,0
0.08929101100147818,6,CPU,0
0.090295744001196,6,CPU,0
0.08677127400005702,6,CPU,0
0.08555684500242933,6,CPU,0
0.08703879300082917,6,CPU,0
0.08881795599882025,6,CPU,0
0.08386213000267162,6,CPU,0
0.08699322600296,6,CPU,0
0.0883513970002241,6,CPU,0
0.08477028799825348,6,CPU,0
0.08416827300243312,6,CPU,0
0.08162888899823884,6,CPU,0
0.08402728099827073,6,CPU,0
0.07795232200078317,6,CPU,0
0.08303576400066959,6,CPU,0
0.07954236600198783,6,CPU,0
0.07916131099773338,6,CPU,0
0.07598020099976566,6,CPU,0
0.07694704599998659,6,CPU,0
0.08364158599943039,6,CPU,0
0.08102069799861056,6,CPU,0
0.08119208999778493,6,CPU,0
0.08485444799953257,6,CPU,0
0.08116770600099699,6,CPU,0
0.08199378400240676,6,CPU,0
0.07948697399842786,6,CPU,0
0.07926988699909998,6,CPU,0
0.08054319499933627,6,CPU,0
0.08328337999773794,6,CPU,0
0.0846692310005892,6,CPU,0
0.08884285200110753,6,CPU,0
0.08712858500075527,6,CPU,0
0.0918102040013764,6,CPU,0
0.08696410499760532,6,CPU,0
0.08373877000121865,6,CPU,0
0.08222091900097439,6,CPU,0
0.08098479500040412,6,CPU,0
0.08375880300081917,6,CPU,0
0.08239954200325883,6,CPU,0
0.08171804000085103,6,CPU,0
0.08291787699999986,6,CPU,0
0.0795807340000465,6,CPU,0
0.08337403499899665,6,CPU,0
0.08235419799893862,6,CPU,0
0.08051078000062262,6,CPU,0
0.08090665100098704,6,CPU,0
0.08343758800037904,6,CPU,0
0.08412740899802884,6,CPU,0
0.08041686000069603,6,CPU,0
0.08326990799832856,6,CPU,0
0.08176892000119551,6,CPU,0
0.08229979799943976,6,CPU,0
0.08420936100083054,6,CPU,0
0.08263336600066395,6,CPU,0
0.0853672129996994,6,CPU,0
0.0889809630025411,6,CPU,0
0.08855478799887351,6,CPU,0
0.08951440199962235,6,CPU,0
0.08903613100119401,6,CPU,0
0.09261097000126028,6,CPU,0
0.08855833999768947,6,CPU,0
0.0908130860007077,6,CPU,0
0.0878790470014792,6,CPU,0
0.08669108200047049,6,CPU,0
0.08645357899877126,6,CPU,0
0.08736544799830881,6,CPU,0
0.08609175600213348,6,CPU,0
0.08476337600222905,6,CPU,0
0.0839424500009045,6,CPU,0
0.08215333499902044,6,CPU,0
0.08592186799796764,6,CPU,0
0.0896356819976063,6,CPU,0
0.08496644700062461,6,CPU,0
0.08596964399839635,6,CPU,0
0.08717255300143734,6,CPU,0
0.0888438119982311,6,CPU,0
0.08918339499723515,6,CPU,0
0.09203775500282063,6,CPU,0
0.08672295399810537,6,CPU,0
0.08600647599814693,6,CPU,0
0.08855792499889503,6,CPU,0
0.08558042900040164,6,CPU,0
0.08497380699918722,6,CPU,0
0.08274782899752609,6,CPU,0
0.08545073300047079,6,CPU,0
0.08274238999729278,6,CPU,0
0.08457665599780739,6,CPU,0
0.08477028699780931,6,CPU,0
0.08866666000176338,6,CPU,0
0.08559342100124923,6,CPU,0
0.08595089200025541,6,CPU,0
0.08559332499862649,6,CPU,0
0.08612497200010694,6,CPU,0
0.08588631599923247,6,CPU,0
0.08783715900062816,6,CPU,0
0.08560346900048899,6,CPU,0
0.08483915099714068,6,CPU,0
0.08477902300001006,6,CPU,0
0.08628180300001986,6,CPU,0
0.08691729000202031,6,CPU,0
0.08557847700285492,6,CPU,0
0.08521796700006234,6,CPU,0
0.08375323399741319,6,CPU,0
0.08242456700099865,6,CPU,0
0.0841523689996393,6,CPU,0
0.08209154299765942,6,CPU,0
0.08269403700251132,6,CPU,0
0.08304430800126283,6,CPU,0
0.08445454399770824,6,CPU,0
0.08264344499912113,6,CPU,0
0.08458363199679297,6,CPU,0
0.0821682139976474,6,CPU,0
0.08309589199780021,6,CPU,0
0.08864185999846086,6,CPU,0
0.08279845300057787,6,CPU,0
0.08292360400082543,6,CPU,0
0.08612823499788647,6,CPU,0
0.09485323499757214,6,CPU,0
0.088916259999678,6,CPU,0
0.08546087799913948,6,CPU,0
0.08708557699719677,6,CPU,0
0.09049107100145193,6,CPU,0
0.0832365949972882,6,CPU,0
0.08504580699809594,6,CPU,0
0.0840542900004948,6,CPU,0
0.08514052700047614,6,CPU,0
0.08373473800020292,6,CPU,0
0.08345534700129065,6,CPU,0
0.08264882100047544,6,CPU,0
0.08637137099867687,6,CPU,0
0.08396110600006068,6,CPU,0
0.08458017600059975,6,CPU,0
0.08501118200001656,6,CPU,0
0.08499297500020475,6,CPU,0
0.08327589200052898,6,CPU,0
0.08476871899983962,6,CPU,0
0.0853582859999733,6,CPU,0
0.08708340100201895,6,CPU,0
0.08233640600155923,6,CPU,0
0.08066655500078923,6,CPU,0
0.08235483799944632,6,CPU,0
0.0841469609986234,6,CPU,0
0.08195672799774911,6,CPU,0
0.08053874699908192,6,CPU,0
0.07697306199770537,6,CPU,0
0.07912614300221321,6,CPU,0
0.07797897899945383,6,CPU,0
0.0797305249980127,6,CPU,0
0.08231583000087994,6,CPU,0
0.0822899420018075,6,CPU,0
0.08484347099874867,6,CPU,0
0.0835112829990976,6,CPU,0
0.08547630100292736,6,CPU,0
0.08584180400066543,6,CPU,0
0.0854219020002347,6,CPU,0
0.08110751400090521,6,CPU,0
0.08298626000032527,6,CPU,0
0.08150594499966246,6,CPU,0
0.08559358099955716,6,CPU,0
0.08344696299900534,6,CPU,0
0.08574250899982871,6,CPU,0
0.08649450700249872,6,CPU,0
0.08481559900246793,6,CPU,0
0.08208018300138065,6,CPU,0
0.07868211299864925,6,CPU,0
0.07889692800017656,6,CPU,0
0.08318254799814895,6,CPU,0
0.08350149100078852,6,CPU,0
0.08217371899809223,6,CPU,0
0.08227791100216564,6,CPU,0
0.08178005599984317,6,CPU,0
0.08248152599844616,6,CPU,0
0.08261976500216406,6,CPU,0
0.08341707499857876,6,CPU,0
0.08078901800035965,6,CPU,0
0.07932233499741415,6,CPU,0
0.08314517200051341,6,CPU,0
0.08010114900025656,6,CPU,0
0.08039743599874782,6,CPU,0
0.08147311300126603,6,CPU,0
0.08077810699978727,6,CPU,0
0.07934031900003902,6,CPU,0
0.08135861700066016,6,CPU,0
0.08579950100101996,6,CPU,0
0.08397188900198671,6,CPU,0
0.08099416999903042,6,CPU,0
0.08094866600004025,6,CPU,0
0.08192789500026265,6,CPU,0
0.08672970599945984,6,CPU,0
0.09036348800145788,6,CPU,0
0.09065020699927118,6,CPU,0
0.08811520599920186,6,CPU,0
0.09051311899747816,6,CPU,0
0.0906840950010519,6,CPU,0
0.09061983799983864,6,CPU,0
0.08912682000300265,6,CPU,0
0.08791866200044751,6,CPU,0
0.09001568100211443,6,CPU,0
0.1119691870007955,7,CPU,0
0.11045901400211733,7,CPU,0
0.11128467599701253,7,CPU,0
0.11446773900024709,7,CPU,0
0.11224592200233019,7,CPU,0
0.10978580099981627,7,CPU,0
0.10948378499961109,7,CPU,0
0.11280940700089559,7,CPU,0
0.11277347199938959,7,CPU,0
0.11365522999767563,7,CPU,0
0.11296639899956062,7,CPU,0
0.1158091430006607,7,CPU,0
0.11096506199828582,7,CPU,0
0.11767579400111572,7,CPU,0
0.10864938799932133,7,CPU,0
0.10977661699871533,7,CPU,0
0.10813751699970453,7,CPU,0
0.11208937799892738,7,CPU,0
0.1077131019992521,7,CPU,0
0.10510811700078193,7,CPU,0
0.10953248899750179,7,CPU,0
0.10289759599982062,7,CPU,0
0.1125282570028503,7,CPU,0
0.1077905100028147,7,CPU,0
0.10749982299967087,7,CPU,0
0.10767131100146798,7,CPU,0
0.1059950269991532,7,CPU,0
0.10702721599955112,7,CPU,0
0.10369103300035931,7,CPU,0
0.1075495189979847,7,CPU,0
0.10767118299918366,7,CPU,0
0.1100254800003313,7,CPU,0
0.10865274800016778,7,CPU,0
0.10946986600174569,7,CPU,0
0.11118874000021606,7,CPU,0
0.11418793199845823,7,CPU,0
0.11490677800247795,7,CPU,0
0.10920810600146069,7,CPU,0
0.11077184600071632,7,CPU,0
0.10948653699961142,7,CPU,0
0.10714968000320368,7,CPU,0
0.10824401300124009,7,CPU,0
0.11133072500160779,7,CPU,0
0.10930189800274093,7,CPU,0
0.11177689900068799,7,CPU,0
0.11360985300052562,7,CPU,0
0.1134843820000242,7,CPU,0
0.1118943700021191,7,CPU,0
0.11393257300005644,7,CPU,0
0.11446527500083903,7,CPU,0
0.11303161500109127,7,CPU,0
0.11093379799785907,7,CPU,0
0.11191027400127496,7,CPU,0
0.112057313999685,7,CPU,0
0.1078009100019699,7,CPU,0
0.11044758999923943,7,CPU,0
0.13344915700145066,7,CPU,0
0.11515660099757952,7,CPU,0
0.118002320999949,7,CPU,0
0.11235878500156105,7,CPU,0
0.12157261500033201,7,CPU,0
0.11843847999989521,7,CPU,0
0.11832907300049555,7,CPU,0
0.11827624100260437,7,CPU,0
0.114981145998172,7,CPU,0
0.1147414020015276,7,CPU,0
0.11520248899978469,7,CPU,0
0.11467071399965789,7,CPU,0
0.11045098300019163,7,CPU,0
0.11262889600038761,7,CPU,0
0.11101312499886262,7,CPU,0
0.10971517700090772,7,CPU,0
0.11081581300095422,7,CPU,0
0.1104441979987314,7,CPU,0
0.11291353499836987,7,CPU,0
0.11380006100080209,7,CPU,0
0.10929376999774831,7,CPU,0
0.11170272300296347,7,CPU,0
0.11542146500141826,7,CPU,0
0.11214988899882883,7,CPU,0
0.1138865889988665,7,CPU,0
0.11388284500208101,7,CPU,0
0.11028551100025652,7,CPU,0
0.11259423999945284,7,CPU,0
0.11369737399945734,7,CPU,0
0.1135722849976446,7,CPU,0
0.10836253999877954,7,CPU,0
0.11777476999850478,7,CPU,0
0.11299571100244066,7,CPU,0
0.11457733900169842,7,CPU,0
0.1122950410026533,7,CPU,0
0.11352995000197552,7,CPU,0
0.11565941600201768,7,CPU,0
0.11432066699853749,7,CPU,0
0.11574696800016682,7,CPU,0
0.11994554800185142,7,CPU,0
0.11606341500009876,7,CPU,0
0.11251081699811039,7,CPU,0
0.11085766899850569,7,CPU,0
0.1122530899992853,7,CPU,0
0.11539679300040007,7,CPU,0
0.11322089500026777,7,CPU,0
0.11213811399647966,7,CPU,0
0.11474242600161233,7,CPU,0
0.11051069500172161,7,CPU,0
0.11222640100095305,7,CPU,0
0.113189247000264,7,CPU,0
0.11712520299988682,7,CPU,0
0.11167705899788416,7,CPU,0
0.11605429400151479,7,CPU,0
0.11483618600323098,7,CPU,0
0.10705204799887724,7,CPU,0
0.11007754399906844,7,CPU,0
0.11127945999760414,7,CPU,0
0.11796321699875989,7,CPU,0
0.11025587900076061,7,CPU,0
0.11094406900156173,7,CPU,0
0.10982762500134413,7,CPU,0
0.10882708300050581,7,CPU,0
0.11245088099894929,7,CPU,0
0.11167853100050706,7,CPU,0
0.11547058400174137,7,CPU,0
0.11327254199932213,7,CPU,0
0.11651589299799525,7,CPU,0
0.11520165699766949,7,CPU,0
0.1151998330024071,7,CPU,0
0.1185206879999896,7,CPU,0
0.11428610799703165,7,CPU,0
0.11858471899904544,7,CPU,0
0.1105181189996074,7,CPU,0
0.11219660899951123,7,CPU,0
0.11134720399786602,7,CPU,0
0.11262105599962524,7,CPU,0
0.11487602600027458,7,CPU,0
0.10967492100098752,7,CPU,0
0.11213053000028594,7,CPU,0
0.11134573199888109,7,CPU,0
0.11386281299928669,7,CPU,0
0.11138352299894905,7,CPU,0
0.11331036599949584,7,CPU,0
0.11220083399894065,7,CPU,0
0.11721902699719067,7,CPU,0
0.11054416700062575,7,CPU,0
0.11205408200112288,7,CPU,0
0.11526706500080763,7,CPU,0
0.11297184000068228,7,CPU,0
0.10994695199769922,7,CPU,0
0.11148269100158359,7,CPU,0
0.10932215400316636,7,CPU,0
0.10991053600082523,7,CPU,0
0.11194902599891066,7,CPU,0
0.1131349749994115,7,CPU,0
0.11348937400180148,7,CPU,0
0.11180352299925289,7,CPU,0
0.10749588700127788,7,CPU,0
0.11025331899872981,7,CPU,0
0.11450639499889803,7,CPU,0
0.10782651000045007,7,CPU,0
0.11523560899877339,7,CPU,0
0.11135465999905136,7,CPU,0
0.11241587300173705,7,CPU,0
0.11480709799798205,7,CPU,0
0.11559247200057143,7,CPU,0
0.11420486000133678,7,CPU,0
0.11263612800030387,7,CPU,0
0.11726686699694255,7,CPU,0
0.1145317709997471,7,CPU,0
0.1155438640016655,7,CPU,0
0.11647365300086676,7,CPU,0
0.11157613199975458,7,CPU,0
0.10921085799782304,7,CPU,0
0.11498194600062561,7,CPU,0
0.11463490700043621,7,CPU,0
0.11343769499944756,7,CPU,0
0.11627499799942598,7,CPU,0
0.11447321199739235,7,CPU,0
0.10998541600201861,7,CPU,0
0.10909735499808448,7,CPU,0
0.10764804599966737,7,CPU,0
0.11405916500007152,7,CPU,0
0.10979968800165807,7,CPU,0
0.11429327600126271,7,CPU,0
0.11080541399860522,7,CPU,0
0.11313859099755064,7,CPU,0
0.1140763479997986,7,CPU,0
0.11243926500173984,7,CPU,0
0.11087686899918481,7,CPU,0
0.11315891100093722,7,CPU,0
0.1107289009996748,7,CPU,0
0.11812612900030217,7,CPU,0
0.11079126899858238,7,CPU,0
0.11037699799999245,7,CPU,0
0.11291923099997803,7,CPU,0
0.1100691920000827,7,CPU,0
0.10750503899907926,7,CPU,0
0.1100475599996571,7,CPU,0
0.10743537500093225,7,CPU,0
0.10918065100122476,7,CPU,0
0.10985735199938063,7,CPU,0
0.1081936129994574,7,CPU,0
0.13947749200087856,8,CPU,0
0.14335376899907715,8,CPU,0
0.1505457170023874,8,CPU,0
0.1453200360010669,8,CPU,0
0.14486429299722658,8,CPU,0
0.14402247099860688,8,CPU,0
0.1443410310021136,8,CPU,0
0.145142051998846,8,CPU,0
0.14131655899836915,8,CPU,0
0.14408435899895267,8,CPU,0
0.14795263599808095,8,CPU,0
0.14580157000091276,8,CPU,0
0.14334288899772218,8,CPU,0
0.14280378699913854,8,CPU,0
0.14823577200149884,8,CPU,0
0.14388944799793535,8,CPU,0
0.1465879360002873,8,CPU,0
0.14171790200271062,8,CPU,0
0.1491227760016045,8,CPU,0
0.14310077800109866,8,CPU,0
0.14647904099911102,8,CPU,0
0.1488486330017622,8,CPU,0
0.14161284700094257,8,CPU,0
0.1447264369999175,8,CPU,0
0.14122894300089683,8,CPU,0
0.14497664499867824,8,CPU,0
0.14103524800157174,8,CPU,0
0.1461680009997508,8,CPU,0
0.14714796699990984,8,CPU,0
0.14699113499955274,8,CPU,0
0.14448055000320892,8,CPU,0
0.1445970610002405,8,CPU,0
0.14155121499788947,8,CPU,0
0.13888987799873576,8,CPU,0
0.1406277610003599,8,CPU,0
0.13615561400001752,8,CPU,0
0.14504883600238827,8,CPU,0
0.14603008199992473,8,CPU,0
0.14436797400048818,8,CPU,0
0.14331303300059517,8,CPU,0
0.14634316899901023,8,CPU,0
0.14322512899889261,8,CPU,0
0.14200980500027072,8,CPU,0
0.14350944900070317,8,CPU,0
0.14568848199996864,8,CPU,0
0.14452621400050703,8,CPU,0
0.13936043599824188,8,CPU,0
0.13948251599867945,8,CPU,0
0.1459799690019281,8,CPU,0
0.1445121979995747,8,CPU,0
0.1490071930020349,8,CPU,0
0.14163758300128393,8,CPU,0
0.15190324899958796,8,CPU,0
0.14502163699944504,8,CPU,0
0.14411376700081746,8,CPU,0
0.1437644880024891,8,CPU,0
0.14128859199990984,8,CPU,0
0.14318564199857065,8,CPU,0
0.14180327700159978,8,CPU,0
0.14117815899953712,8,CPU,0
0.14846511499854387,8,CPU,0
0.13753775400255108,8,CPU,0
0.13786674500079243,8,CPU,0
0.14071694499943987,8,CPU,0
0.1402934580000874,8,CPU,0
0.14184593399841106,8,CPU,0
0.14723026999854483,8,CPU,0
0.14464637400305946,8,CPU,0
0.14352771999983815,8,CPU,0
0.1437883279977541,8,CPU,0
0.14494061199729913,8,CPU,0
0.14600150600017514,8,CPU,0
0.14647273700029473,8,CPU,0
0.14220500399824232,8,CPU,0
0.14636179299850482,8,CPU,0
0.14605974500227603,8,CPU,0
0.14585788999829674,8,CPU,0
0.1465232640002796,8,CPU,0
0.14773628500188352,8,CPU,0
0.15139547500075423,8,CPU,0
0.14869420200193417,8,CPU,0
0.1450840680008696,8,CPU,0
0.14349946500078659,8,CPU,0
0.14287341900126194,8,CPU,0
0.14194599800248398,8,CPU,0
0.1413557909982046,8,CPU,0
0.13683701999980258,8,CPU,0
0.1482575320005708,8,CPU,0
0.14420634300040547,8,CPU,0
0.1465461769985268,8,CPU,0
0.14716038199912873,8,CPU,0
0.1429821540004923,8,CPU,0
0.14564909100226942,8,CPU,0
0.14424986299854936,8,CPU,0
0.14185089400052675,8,CPU,0
0.143690280001465,8,CPU,0
0.14231367599859368,8,CPU,0
0.14362004099893966,8,CPU,0
0.1421922049994464,8,CPU,0
0.14346752900019055,8,CPU,0
0.14566947499770322,8,CPU,0
0.14462522100075148,8,CPU,0
0.1434525209988351,8,CPU,0
0.14095291199919302,8,CPU,0
0.14189959800205543,8,CPU,0
0.14261623499987763,8,CPU,0
0.14429191000090213,8,CPU,0
0.14621315299882554,8,CPU,0
0.14047611400019377,8,CPU,0
0.1445771260005131,8,CPU,0
0.14255956299894024,8,CPU,0
0.15012408600159688,8,CPU,0
0.14405130399973132,8,CPU,0
0.14388426400182652,8,CPU,0
0.14669897599742399,8,CPU,0
0.1483296269980201,8,CPU,0
0.14689036699928693,8,CPU,0
0.1442292540014023,8,CPU,0
0.14684790300088935,8,CPU,0
0.13978558800226892,8,CPU,0
0.14293421799811767,8,CPU,0
0.14370128799782833,8,CPU,0
0.13943819600171992,8,CPU,0
0.14359770499868318,8,CPU,0
0.14572550699813291,8,CPU,0
0.14373619999969378,8,CPU,0
0.14322257000094396,8,CPU,0
0.14426694999929168,8,CPU,0
0.14209668500188855,8,CPU,0
0.1388333340000827,8,CPU,0
0.13861768700007815,8,CPU,0
0.13469568199798232,8,CPU,0
0.1361003179990803,8,CPU,0
0.1369293399984599,8,CPU,0
0.1386407579993829,8,CPU,0
0.13881250199847273,8,CPU,0
0.14240106799843488,8,CPU,0
0.14526169899909291,8,CPU,0
0.15203841699985787,8,CPU,0
0.14303207400007523,8,CPU,0
0.15176024099855567,8,CPU,0
0.145609315000911,8,CPU,0
0.14917522500036284,8,CPU,0
0.14403341499928501,8,CPU,0
0.15188718500212417,8,CPU,0
0.14513744400028372,8,CPU,0
0.14102663999801734,8,CPU,0
0.14262423499894794,8,CPU,0
0.1454250589995354,8,CPU,0
0.141099247000966,8,CPU,0
0.14327783300177543,8,CPU,0
0.1400736510004208,8,CPU,0
0.13972558800014667,8,CPU,0
0.1407547689996136,8,CPU,0
0.14226641200002632,8,CPU,0
0.14084638399799587,8,CPU,0
0.1431182819978858,8,CPU,0
0.1425913720013341,8,CPU,0
0.14737142199737718,8,CPU,0
0.14384922399767675,8,CPU,0
0.14608397000120021,8,CPU,0
0.14101131200004602,8,CPU,0
0.14250125999751617,8,CPU,0
0.14145150300100795,8,CPU,0
0.13779813699875376,8,CPU,0
0.1444546939965221,8,CPU,0
0.1438672719996248,8,CPU,0
0.14200122900001588,8,CPU,0
0.14565753900023992,8,CPU,0
0.14248583600056008,8,CPU,0
0.13984248300039326,8,CPU,0
0.14146222299677902,8,CPU,0
0.1439808079994691,8,CPU,0
0.1473920940006792,8,CPU,0
0.14573216200005845,8,CPU,0
0.14252791600301862,8,CPU,0
0.14439744600167614,8,CPU,0
0.14331389700237196,8,CPU,0
0.14584521899814717,8,CPU,0
0.1464631039998494,8,CPU,0
0.14005646599980537,8,CPU,0
0.14317233000110718,8,CPU,0
0.14517437199901906,8,CPU,0
0.1428192109997326,8,CPU,0
0.14513395600079093,8,CPU,0
0.14381860000139568,8,CPU,0
0.14152395000201068,8,CPU,0
0.13929944499977864,8,CPU,0
0.1419579649991647,8,CPU,0
0.14863151399913477,8,CPU,0
0.14299508199837874,8,CPU,0
0.13663484499920742,8,CPU,0
0.14733551799872657,8,CPU,0
0.14935051999782445,8,CPU,0
0.14479082099933294,8,CPU,0
0.14404160699996282,8,CPU,0
0.151351889999205,8,CPU,0
0.14710598300007405,8,CPU,0
0.14926549699885072,8,CPU,0
0.1465479359976598,8,CPU,0
0.17488606400002027,9,CPU,0
0.17581927699939115,9,CPU,0
0.17989318500258378,9,CPU,0
0.1713448900009098,9,CPU,0
0.17377317100181244,9,CPU,0
0.1748286559995904,9,CPU,0
0.17520132699792157,9,CPU,0
0.17727274500066414,9,CPU,0
0.17942902600043453,9,CPU,0
0.1777651269985654,9,CPU,0
0.18131209400235093,9,CPU,0
0.18233244300063234,9,CPU,0
0.17919363500186591,9,CPU,0
0.17669933899742318,9,CPU,0
0.18511675399713567,9,CPU,0
0.17777920699882088,9,CPU,0
0.17941645099926973,9,CPU,0
0.18341919199883705,9,CPU,0
0.183028600000398,9,CPU,0
0.18217541899866774,9,CPU,0
0.179406786999607,9,CPU,0
0.17715639300149633,9,CPU,0
0.17768381499990937,9,CPU,0
0.17717751300006057,9,CPU,0
0.17852333300106693,9,CPU,0
0.17659015499884845,9,CPU,0
0.18093363099978887,9,CPU,0
0.18188121099956334,9,CPU,0
0.17902611599856755,9,CPU,0
0.17410833800022374,9,CPU,0
0.1731268369985628,9,CPU,0
0.17355592400053865,9,CPU,0
0.17397227399851545,9,CPU,0
0.17393915499997092,9,CPU,0
0.1792167400017206,9,CPU,0
0.17413582600056543,9,CPU,0
0.1876723960012896,9,CPU,0
0.18690055700062658,9,CPU,0
0.1872763009996561,9,CPU,0
0.1825170509982854,9,CPU,0
0.17766749600195908,9,CPU,0
0.17687338599716895,9,CPU,0
0.177862438999,9,CPU,0
0.1816497250001703,9,CPU,0
0.17753479200109723,9,CPU,0
0.17652359600106138,9,CPU,0
0.1793775709993497,9,CPU,0
0.17898426000101608,9,CPU,0
0.1771650970003975,9,CPU,0
0.17645172300035483,9,CPU,0
0.17570836499726283,9,CPU,0
0.1800710089992208,9,CPU,0
0.1721789990006073,9,CPU,0
0.1754190860010567,9,CPU,0
0.17896733199813752,9,CPU,0
0.17777405499873566,9,CPU,0
0.17565428499801783,9,CPU,0
0.1679707879993657,9,CPU,0
0.17730036099965218,9,CPU,0
0.18116415799886454,9,CPU,0
0.18022032099906937,9,CPU,0
0.18096505499852356,9,CPU,0
0.17835824600115302,9,CPU,0
0.1781977350001398,9,CPU,0
0.17562321399964276,9,CPU,0
0.18075647899968317,9,CPU,0
0.18122998100079712,9,CPU,0
0.1806361269991612,9,CPU,0
0.18316504800168332,9,CPU,0
0.18156262000047718,9,CPU,0
0.18312690500169992,9,CPU,0
0.18356850300187944,9,CPU,0
0.18803405899961945,9,CPU,0
0.17734608899991144,9,CPU,0
0.1737994750001235,9,CPU,0
0.17187474399906932,9,CPU,0
0.1703719329998421,9,CPU,0
0.1728955100006715,9,CPU,0
0.1730716689999099,9,CPU,0
0.1619507719988178,9,CPU,0
0.17373854700053926,9,CPU,0
0.17215090399986366,9,CPU,0
0.17063999499805504,9,CPU,0
0.17558078200090677,9,CPU,0
0.18509211499986122,9,CPU,0
0.18059132800044608,9,CPU,0
0.18003216100260033,9,CPU,0
0.17720260100031737,9,CPU,0
0.17542119800054934,9,CPU,0
0.17420209699776024,9,CPU,0
0.17436382499727188,9,CPU,0
0.1770457370002987,9,CPU,0
0.18053148800026975,9,CPU,0
0.17891373299789848,9,CPU,0
0.18490427600045223,9,CPU,0
0.18048028799967142,9,CPU,0
0.17685066600097343,9,CPU,0
0.17681236199859995,9,CPU,0
0.17721002499820315,9,CPU,0
0.17944870599967544,9,CPU,0
0.1728869329999725,9,CPU,0
0.17392481899878476,9,CPU,0
0.17320392499823356,9,CPU,0
0.17305547700016177,9,CPU,0
0.17010294099964085,9,CPU,0
0.17168658499940648,9,CPU,0
0.17152290499871015,9,CPU,0
0.1736246280015621,9,CPU,0
0.1746854880002502,9,CPU,0
0.17099477800002205,9,CPU,0
0.17871798900159774,9,CPU,0
0.17877257999862195,9,CPU,0
0.17957417799698305,9,CPU,0
0.17653175500163343,9,CPU,0
0.18053513600170845,9,CPU,0
0.1780906629974197,9,CPU,0
0.17524030200002016,9,CPU,0
0.1774537369965401,9,CPU,0
0.17355522000070778,9,CPU,0
0.1791594909991545,9,CPU,0
0.1764314669999294,9,CPU,0
0.17684375400131103,9,CPU,0
0.18417301299996325,9,CPU,0
0.1827692089973425,9,CPU,0
0.17947955500130774,9,CPU,0
0.176908329998696,9,CPU,0
0.17915113900016877,9,CPU,0
0.18044688000009046,9,CPU,0
0.17967859399868757,9,CPU,0
0.17585258899998735,9,CPU,0
0.17811875899860752,9,CPU,0
0.18365845500011346,9,CPU,0
0.17609111599813332,9,CPU,0
0.17663181900206837,9,CPU,0
0.1747700320011063,9,CPU,0
0.1747227039995778,9,CPU,0
0.17663943500156165,9,CPU,0
0.18125212599989027,9,CPU,0
0.1757977090019267,9,CPU,0
0.17570894199889153,9,CPU,0
0.1766575469991949,9,CPU,0
0.17509668700222392,9,CPU,0
0.1778845189983258,9,CPU,0
0.17771555999934208,9,CPU,0
0.17393684999842662,9,CPU,0
0.1811674860000494,9,CPU,0
0.18129842900088988,9,CPU,0
0.18098172600002727,9,CPU,0
0.17103317899818649,9,CPU,0
0.16863584100065054,9,CPU,0
0.1761090680010966,9,CPU,0
0.1764930990029825,9,CPU,0
0.17430469000100857,9,CPU,0
0.17392676999952528,9,CPU,0
0.1709020749985939,9,CPU,0
0.16853366599752917,9,CPU,0
0.17817120700055966,9,CPU,0
0.1733414919981442,9,CPU,0
0.17137199400167447,9,CPU,0
0.17541012600122485,9,CPU,0
0.1724063590008882,9,CPU,0
0.17225183099799324,9,CPU,0
0.173175732998061,9,CPU,0
0.17612157999974443,9,CPU,0
0.17567118099759682,9,CPU,0
0.1712107780003862,9,CPU,0
0.17250117500225315,9,CPU,0
0.17063260299983085,9,CPU,0
0.17254219800088322,9,CPU,0
0.17803277499842807,9,CPU,0
0.16895830499925069,9,CPU,0
0.17599594900093507,9,CPU,0
0.1710716429988679,9,CPU,0
0.16728611700091278,9,CPU,0
0.17308040499847266,9,CPU,0
0.1695647349988576,9,CPU,0
0.16826099500030978,9,CPU,0
0.17787267899984727,9,CPU,0
0.18575499299913645,9,CPU,0
0.1842771100018581,9,CPU,0
0.1805470069994044,9,CPU,0
0.1794610590004595,9,CPU,0
0.17921808300161501,9,CPU,0
0.18103580599927227,9,CPU,0
0.18621278300270205,9,CPU,0
0.17946678700172924,9,CPU,0
0.18240841000078944,9,CPU,0
0.1796687070018379,9,CPU,0
0.17840333299682243,9,CPU,0
0.17825927000012598,9,CPU,0
0.18169311699966784,9,CPU,0
0.18209484399994835,9,CPU,0
0.18537380999987363,9,CPU,0
0.1796099549974315,9,CPU,0
0.17704359399795067,9,CPU,0
0.17784071099958965,9,CPU,0
0.17651053900044644,9,CPU,0
0.17529588699835585,9,CPU,0
0.17560465399947134,9,CPU,0
0.17722775299989735,9,CPU,0
0.21820974799993564,10,CPU,0
0.21951672100112773,10,CPU,0
0.2120036540000001,10,CPU,0
0.21941189000062877,10,CPU,0
0.22250525699928403,10,CPU,0
0.22260743199876742,10,CPU,0
0.21746754300329485,10,CPU,0
0.22009313499802374,10,CPU,0
0.22128474899727735,10,CPU,0
0.22008311999888974,10,CPU,0
0.21587538700259756,10,CPU,0
0.2122500220029906,10,CPU,0
0.21820350800044253,10,CPU,0
0.21717679199718987,10,CPU,0
0.21586940400084131,10,CPU,0
0.21888833900084137,10,CPU,0
0.21669007299715304,10,CPU,0
0.21649794599943561,10,CPU,0
0.21562556400022004,10,CPU,0
0.21473107100246125,10,CPU,0
0.21438310300072771,10,CPU,0
0.21463331100312644,10,CPU,0
0.21431129499978852,10,CPU,0
0.2084902879978472,10,CPU,0
0.21374102600020706,10,CPU,0
0.21679016900088754,10,CPU,0
0.23225374100002227,10,CPU,0
0.20842977699794574,10,CPU,0
0.22067511799832573,10,CPU,0
0.21087229800104978,10,CPU,0
0.2155778519991145,10,CPU,0
0.21869976300149574,10,CPU,0
0.21461843100041733,10,CPU,0
0.21425852899847087,10,CPU,0
0.2185918920004042,10,CPU,0
0.21254323700122768,10,CPU,0
0.21308400300040375,10,CPU,0
0.22069489300338319,10,CPU,0
0.22210017000179505,10,CPU,0
0.22032929499982856,10,CPU,0
0.22040791800100124,10,CPU,0
0.21900872200058075,10,CPU,0
0.2187457469990477,10,CPU,0
0.21906782599762664,10,CPU,0
0.226012447001267,10,CPU,0
0.21941937700103153,10,CPU,0
0.2091657419987314,10,CPU,0
0.22038468699975056,10,CPU,0
0.21072529000230134,10,CPU,0
0.21186618299907423,10,CPU,0
0.21622076299900073,10,CPU,0
0.21234038900001906,10,CPU,0
0.21124736799902166,10,CPU,0
0.21637170599933597,10,CPU,0
0.2095925889989303,10,CPU,0
0.20753195600264007,10,CPU,0
0.2118387590016937,10,CPU,0
0.20524719300010474,10,CPU,0
0.20763035399795626,10,CPU,0
0.20324934300151654,10,CPU,0
0.20688706100190757,10,CPU,0
0.20849262499905308,10,CPU,0
0.20764696300102514,10,CPU,0
0.20841441700031282,10,CPU,0
0.20296873600091203,10,CPU,0
0.21115184900190798,10,CPU,0
0.20955914899968775,10,CPU,0
0.21349891399950138,10,CPU,0
0.20883374299955904,10,CPU,0
0.20631739899909007,10,CPU,0
0.20981182000105036,10,CPU,0
0.2138112330030708,10,CPU,0
0.2121892540017143,10,CPU,0
0.2087338719975378,10,CPU,0
0.20770952300154022,10,CPU,0
0.20611288800137118,10,CPU,0
0.20613179900101386,10,CPU,0
0.21051930599787738,10,CPU,0
0.20893748800153844,10,CPU,0
0.21019297200109577,10,CPU,0
0.2099218680014019,10,CPU,0
0.2081630579996272,10,CPU,0
0.200948038000206,10,CPU,0
0.2051072579997708,10,CPU,0
0.20193273900076747,10,CPU,0
0.20481122699857224,10,CPU,0
0.20568968900261098,10,CPU,0
0.21058922600059304,10,CPU,0
0.20832584099844098,10,CPU,0
0.20843172799868626,10,CPU,0
0.2141050569989602,10,CPU,0
0.2196961769986956,10,CPU,0
0.21254979700097465,10,CPU,0
0.2101522360026138,10,CPU,0
0.2067803729987645,10,CPU,0
0.21467462299915496,10,CPU,0
0.20548060099827126,10,CPU,0
0.20723352400091244,10,CPU,0
0.20990996500040637,10,CPU,0
0.20704888500040397,10,CPU,0
0.2088690399978077,10,CPU,0
0.20416038100302103,10,CPU,0
0.21807413400165387,10,CPU,0
0.2243702759988082,10,CPU,0
0.2134566739987349,10,CPU,0
0.21152279200032353,10,CPU,0
0.21703109699956258,10,CPU,0
0.21547599600307876,10,CPU,0
0.21867896299954737,10,CPU,0
0.2203707660009968,10,CPU,0
0.22174500300025102,10,CPU,0
0.2217251629990642,10,CPU,0
0.2104579620026925,10,CPU,0
0.20935796599951573,10,CPU,0
0.21187677499983693,10,CPU,0
0.21631852199789137,10,CPU,0
0.2405321170008392,10,CPU,0
0.2308118889995967,10,CPU,0
0.23212113300178316,10,CPU,0
0.21600914699956775,10,CPU,0
0.22230983299959917,10,CPU,0
0.21907925000050454,10,CPU,0
0.22117581999918912,10,CPU,0
0.22754229799829773,10,CPU,0
0.2202876629999082,10,CPU,0
0.22047083000143175,10,CPU,0
0.21514428599766688,10,CPU,0
0.21692732100200374,10,CPU,0
0.21295008399829385,10,CPU,0
0.21444652799982578,10,CPU,0
0.21552838099887595,10,CPU,0
0.22286525600065943,10,CPU,0
0.21471622299941373,10,CPU,0
0.21474300699992455,10,CPU,0
0.21759371799998917,10,CPU,0
0.2148040630017931,10,CPU,0
0.22244704900003853,10,CPU,0
0.21748472699982813,10,CPU,0
0.2248068830012926,10,CPU,0
0.21475238299899502,10,CPU,0
0.2080594420003763,10,CPU,0
0.2214860599997337,10,CPU,0
0.21932072100025835,10,CPU,0
0.21906405100162374,10,CPU,0
0.21809608500188915,10,CPU,0
0.2155796119986917,10,CPU,0
0.21756683900093776,10,CPU,0
0.22104353200120386,10,CPU,0
0.21884193900041282,10,CPU,0
0.21608290699805366,10,CPU,0
0.2172774320024473,10,CPU,0
0.21354656199764577,10,CPU,0
0.2129081640014192,10,CPU,0
0.2140216320003674,10,CPU,0
0.21331261100203847,10,CPU,0
0.2086698079983762,10,CPU,0
0.22731868299888447,10,CPU,0
0.22355952599900775,10,CPU,0
0.22102119699775358,10,CPU,0
0.2192885299991758,10,CPU,0
0.21741691900024307,10,CPU,0
0.21736725500159082,10,CPU,0
0.2229430150000553,10,CPU,0
0.20871812800032785,10,CPU,0
0.20403542099666083,10,CPU,0
0.20888004699736484,10,CPU,0
0.20600091900269035,10,CPU,0
0.2100903799982916,10,CPU,0
0.20646715899783885,10,CPU,0
0.21386438500121585,10,CPU,0
0.21272195699930307,10,CPU,0
0.21291347599981236,10,CPU,0
0.20815256200148724,10,CPU,0
0.2141422729982878,10,CPU,0
0.20717691599929822,10,CPU,0
0.2084536799993657,10,CPU,0
0.2069417809980223,10,CPU,0
0.20908395100195776,10,CPU,0
0.20231155399960699,10,CPU,0
0.20465029899787623,10,CPU,0
0.18364725500214263,10,CPU,0
0.20888238300176454,10,CPU,0
0.21493298999848776,10,CPU,0
0.2095675009986735,10,CPU,0
0.21141108099982375,10,CPU,0
0.21181274300033692,10,CPU,0
0.21276467600182514,10,CPU,0
0.20924174199899426,10,CPU,0
0.21812267700079246,10,CPU,0
0.216784888998518,10,CPU,0
0.2165418500007945,10,CPU,0
0.21871169899895904,10,CPU,0
0.21516492600130732,10,CPU,0
0.21390425700155902,10,CPU,0
0.2132173470017733,10,CPU,0
0.20838856100090197,10,CPU,0
0.21501020600044285,10,CPU,0
0.21116250499835587,10,CPU,0
0.20955329400021583,10,CPU,0
0.21559487600097782,10,CPU,0
0.2525502600001346,11,CPU,0
0.24844031899920083,11,CPU,0
0.2521406929990917,11,CPU,0
0.250366808999388,11,CPU,0
0.25245477099815616,11,CPU,0
0.24501815300027374,11,CPU,0
0.2526753789970826,11,CPU,0
0.2509486000017205,11,CPU,0
0.2543518869970285,11,CPU,0
0.25587108100080513,11,CPU,0
0.256069512997783,11,CPU,0
0.25137154299955,11,CPU,0
0.2534358889970463,11,CPU,0
0.25793158799933735,11,CPU,0
0.25742710899794474,11,CPU,0
0.25221701199916424,11,CPU,0
0.24846003099810332,11,CPU,0
0.24775465700076893,11,CPU,0
0.2556004590005614,11,CPU,0
0.25386241500018514,11,CPU,0
0.24769865700000082,11,CPU,0
0.24855769400164718,11,CPU,0
0.24800604799747816,11,CPU,0
0.25165893400117056,11,CPU,0
0.25739011699988623,11,CPU,0
0.24912137299907045,11,CPU,0
0.24978316299893777,11,CPU,0
0.248372415000631,11,CPU,0
0.25727882199862506,11,CPU,0
0.2531616820015188,11,CPU,0
0.2528658110022661,11,CPU,0
0.25941151999722933,11,CPU,0
0.2580573160012136,11,CPU,0
0.2534682730001805,11,CPU,0
0.2507614649985044,11,CPU,0
0.2482060160000401,11,CPU,0
0.2492218210027204,11,CPU,0
0.2510309360004612,11,CPU,0
0.2536221919981472,11,CPU,0
0.2553752120002173,11,CPU,0
0.25418238299971563,11,CPU,0
0.25441009400310577,11,CPU,0
0.2513757019987679,11,CPU,0
0.25054536899915547,11,CPU,0
0.2510942310000246,11,CPU,0
0.2503150979973725,11,CPU,0
0.24885196600007475,11,CPU,0
0.25254088300061994,11,CPU,0
0.2846015279974381,11,CPU,0
0.2665517560017179,11,CPU,0
0.27116371099691605,11,CPU,0
0.2660811330024444,11,CPU,0
0.2675193049981317,11,CPU,0
0.2697206099983305,11,CPU,0
0.26129522600240307,11,CPU,0
0.2658555019988853,11,CPU,0
0.25078661700172233,11,CPU,0
0.26152261800234555,11,CPU,0
0.2745735570024408,11,CPU,0
0.27046857599998475,11,CPU,0
0.2664459959996748,11,CPU,0
0.26232773599986103,11,CPU,0
0.2759762409987161,11,CPU,0
0.2664215479999257,11,CPU,0
0.2643995700018422,11,CPU,0
0.26616151700000046,11,CPU,0
0.26898006899864413,11,CPU,0
0.265759630001412,11,CPU,0
0.2677017360001628,11,CPU,0
0.26734330599720124,11,CPU,0
0.2744531740027014,11,CPU,0
0.27026627300074324,11,CPU,0
0.26325787699897774,11,CPU,0
0.2622648559990921,11,CPU,0
0.26926144400204066,11,CPU,0
0.27258949799943366,11,CPU,0
0.2635770439992484,11,CPU,0
0.26259291899987147,11,CPU,0
0.25399019100223086,11,CPU,0
0.2540104479994625,11,CPU,0
0.2525093310032389,11,CPU,0
0.25546301899885293,11,CPU,0
0.25054005699712434,11,CPU,0
0.250273785997706,11,CPU,0
0.24481456899957266,11,CPU,0
0.2488148779993935,11,CPU,0
0.26217371999882744,11,CPU,0
0.25076200799958315,11,CPU,0
0.2527158580014657,11,CPU,0
0.2642691699984425,11,CPU,0
0.2704171520017553,11,CPU,0
0.25102210299883154,11,CPU,0
0.25310542599982,11,CPU,0
0.26212300099723507,11,CPU,0
0.254875180999079,11,CPU,0
0.2515181019989541,11,CPU,0
0.2508100090017251,11,CPU,0
0.24960662000012235,11,CPU,0
0.25297205000242684,11,CPU,0
0.2555261870002141,11,CPU,0
0.26528340699951514,11,CPU,0
0.2531752819995745,11,CPU,0
0.26334091699754936,11,CPU,0
0.260705627999414,11,CPU,0
0.2693533160017978,11,CPU,0
0.26205250400016666,11,CPU,0
0.26392635500087636,11,CPU,0
0.2624026470002718,11,CPU,0
0.2623879279999528,11,CPU,0
0.2703903689980507,11,CPU,0
0.274197078000725,11,CPU,0
0.26689885900123045,11,CPU,0
0.2712147499987623,11,CPU,0
0.27602190500329016,11,CPU,0
0.2798271419997036,11,CPU,0
0.27061708900146186,11,CPU,0
0.2651304160026484,11,CPU,0
0.27277209000021685,11,CPU,0
0.27299324199702824,11,CPU,0
0.2767161109986773,11,CPU,0
0.27254405900021084,11,CPU,0
0.2573791100003291,11,CPU,0
0.2574118769989582,11,CPU,0
0.2584758420016442,11,CPU,0
0.2590835209994111,11,CPU,0
0.2580396519988426,11,CPU,0
0.2556766500019876,11,CPU,0
0.25626954499966814,11,CPU,0
0.2530148990008456,11,CPU,0
0.2534378089985694,11,CPU,0
0.2570451259998663,11,CPU,0
0.25614554500134545,11,CPU,0
0.2612486349971732,11,CPU,0
0.2580927070011967,11,CPU,0
0.2652670229981595,11,CPU,0
0.27349336800034507,11,CPU,0
0.2694711069998448,11,CPU,0
0.26339477299916325,11,CPU,0
0.26710311399801867,11,CPU,0
0.26000963000115007,11,CPU,0
0.2632415250009217,11,CPU,0
0.2632038299998385,11,CPU,0
0.26440686600108165,11,CPU,0
0.2595632310003566,11,CPU,0
0.26891549300125916,11,CPU,0
0.2851638309984992,11,CPU,0
0.2722278350011038,11,CPU,0
0.27584244899844634,11,CPU,0
0.25934998400043696,11,CPU,0
0.2688306290001492,11,CPU,0
0.3604416330017557,11,CPU,0
0.26791143100126646,11,CPU,0
0.26524247999986983,11,CPU,0
0.2685212859978492,11,CPU,0
0.25112114399962593,11,CPU,0
0.2515596060002281,11,CPU,0
0.2522921799973119,11,CPU,0
0.25212027700035833,11,CPU,0
0.26202104900221457,11,CPU,0
0.266471435999847,11,CPU,0
0.25539073099935194,11,CPU,0
0.2520251409987395,11,CPU,0
0.2505478649982251,11,CPU,0
0.2469706599986239,11,CPU,0
0.2519916050005122,11,CPU,0
0.2565896720007004,11,CPU,0
0.27258594700106187,11,CPU,0
0.2702758090017596,11,CPU,0
0.2705588170028932,11,CPU,0
0.2651434390027134,11,CPU,0
0.26711418599734316,11,CPU,0
0.2646451370019349,11,CPU,0
0.26465220899990527,11,CPU,0
0.2596744309994392,11,CPU,0
0.27179519700075616,11,CPU,0
0.26883264500065707,11,CPU,0
0.27281455399861443,11,CPU,0
0.27048963299967,11,CPU,0
0.2715874850000546,11,CPU,0
0.27093139099815744,11,CPU,0
0.2742534289973264,11,CPU,0
0.26809875900289626,11,CPU,0
0.2645511529990472,11,CPU,0
0.27001699399988865,11,CPU,0
0.2718161560005683,11,CPU,0
0.27083481600129744,11,CPU,0
0.2698195859993575,11,CPU,0
0.2746836680016713,11,CPU,0
0.26580916499733576,11,CPU,0
0.2655748940014746,11,CPU,0
0.2603531169988855,11,CPU,0
0.2699263059985242,11,CPU,0
0.2606407320017752,11,CPU,0
0.2661212290004187,11,CPU,0
0.27057481600058964,11,CPU,0
0.2634503560002486,11,CPU,0
0.25842557000214583,11,CPU,0
0.2552409079980862,11,CPU,0
0.256954438998946,11,CPU,0
0.2777193399997486,11,CPU,0
0.311731851001241,12,CPU,0
0.30380835399773787,12,CPU,0
0.2994772310012195,12,CPU,0
0.31753266700252425,12,CPU,0
0.316136926998297,12,CPU,0
0.3294563140007085,12,CPU,0
0.3168800610001199,12,CPU,0
0.3145742760025314,12,CPU,0
0.32017784399795346,12,CPU,0
0.31526374600070994,12,CPU,0
0.31960523699672194,12,CPU,0
0.3253252849972341,12,CPU,0
0.3111788610003714,12,CPU,0
0.3092747059999965,12,CPU,0
0.31510758600052213,12,CPU,0
0.3170611160021508,12,CPU,0
0.3062712589999137,12,CPU,0
0.31196932199964067,12,CPU,0
0.3187398000009125,12,CPU,0
0.3246372869980405,12,CPU,0
0.3150249950012949,12,CPU,0
0.3193692380009452,12,CPU,0
0.31281540100098937,12,CPU,0
0.310950862000027,12,CPU,0
0.3143040680006379,12,CPU,0
0.3147880350006744,12,CPU,0
0.290049129002,12,CPU,0
0.32046296300177346,12,CPU,0
0.32002786000157357,12,CPU,0
0.3208857139979955,12,CPU,0
0.3375532819991349,12,CPU,0
0.32812633200228447,12,CPU,0
0.3220579019980505,12,CPU,0
0.3186226159996295,12,CPU,0
0.3161487670004135,12,CPU,0
0.3168748770003731,12,CPU,0
0.31813308100026916,12,CPU,0
0.32400688900088426,12,CPU,0
0.3132012229980319,12,CPU,0
0.31308464799803915,12,CPU,0
0.3186019119966659,12,CPU,0
0.31609174299956067,12,CPU,0
0.31293789600022137,12,CPU,0
0.32030677199873026,12,CPU,0
0.32523190900246846,12,CPU,0
0.3186407600005623,12,CPU,0
0.3174648269996396,12,CPU,0
0.31581824000022607,12,CPU,0
0.32105966500239447,12,CPU,0
0.3146418590004032,12,CPU,0
0.3191381340002408,12,CPU,0
0.3210074410017114,12,CPU,0
0.3202943879987288,12,CPU,0
0.3154148489993531,12,CPU,0
0.30476358300074935,12,CPU,0
0.31119457300155773,12,CPU,0
0.31411123699945165,12,CPU,0
0.3145715240025311,12,CPU,0
0.3145062439980393,12,CPU,0
0.3180645690008532,12,CPU,0
0.3130333840017556,12,CPU,0
0.31217700200068066,12,CPU,0
0.31505632199696265,12,CPU,0
0.3162456949976331,12,CPU,0
0.3144791720005742,12,CPU,0
0.32396663300096407,12,CPU,0
0.31809583300127997,12,CPU,0
0.31887154300056864,12,CPU,0
0.31972161999874515,12,CPU,0
0.316117791000579,12,CPU,0
0.31044663899956504,12,CPU,0
0.31733791599981487,12,CPU,0
0.32291908399929525,12,CPU,0
0.3147320989992295,12,CPU,0
0.31824687300104415,12,CPU,0
0.33029509499829146,12,CPU,0
0.3322752810017846,12,CPU,0
0.331008245000703,12,CPU,0
0.3235705700026301,12,CPU,0
0.31988341299802414,12,CPU,0
0.33634954200169886,12,CPU,0
0.324916582001606,12,CPU,0
0.3182021379980142,12,CPU,0
0.3198436680031591,12,CPU,0
0.32161531100064167,12,CPU,0
0.31824079299985897,12,CPU,0
0.3192057499982184,12,CPU,0
0.3107134229976509,12,CPU,0
0.3126138970001193,12,CPU,0
0.3184717999974964,12,CPU,0
0.32780703800017363,12,CPU,0
0.3238397530003567,12,CPU,0
0.31638393399771303,12,CPU,0
0.3197883090033429,12,CPU,0
0.31793721000212827,12,CPU,0
0.31621372700101347,12,CPU,0
0.3172942040000635,12,CPU,0
0.31476269099948695,12,CPU,0
0.3166615330010245,12,CPU,0
0.31490198699975736,12,CPU,0
0.3073730149990297,12,CPU,0
0.3099924970010761,12,CPU,0
0.31964562099892646,12,CPU,0
0.3206940339987341,12,CPU,0
0.319266582999262,12,CPU,0
0.32034277099955943,12,CPU,0
0.32518307699865545,12,CPU,0
0.32715599999937695,12,CPU,0
0.3143638439978531,12,CPU,0
0.31845218499802286,12,CPU,0
0.3179306180027197,12,CPU,0
0.318856087000313,12,CPU,0
0.311505132001912,12,CPU,0
0.31628451000142377,12,CPU,0
0.31913890200303285,12,CPU,0
0.3211371039978985,12,CPU,0
0.3188720870020916,12,CPU,0
0.31915583000227343,12,CPU,0
0.3214435039990349,12,CPU,0
0.32322634699812625,12,CPU,0
0.314843906002352,12,CPU,0
0.3279083179986628,12,CPU,0
0.3348343780016876,12,CPU,0
0.32229962900237297,12,CPU,0
0.3083005980006419,12,CPU,0
0.30851912399884895,12,CPU,0
0.3074788720005017,12,CPU,0
0.2970466139995551,12,CPU,0
0.31258420099766226,12,CPU,0
0.3085352199996123,12,CPU,0
0.3109434700018028,12,CPU,0
0.2978253949986538,12,CPU,0
0.3004050029994687,12,CPU,0
0.3199832840000454,12,CPU,0
0.316872029001388,12,CPU,0
0.3160799670004053,12,CPU,0
0.3209190570014471,12,CPU,0
0.31663148500229,12,CPU,0
0.3260409940012323,12,CPU,0
0.3191485659990576,12,CPU,0
0.32077457800187403,12,CPU,0
0.3097097450008732,12,CPU,0
0.3207822900003521,12,CPU,0
0.31990920399766765,12,CPU,0
0.31803852200027904,12,CPU,0
0.31489136299933307,12,CPU,0
0.3137642619985854,12,CPU,0
0.319310390001192,12,CPU,0
0.3167562849994283,12,CPU,0
0.32112705699910293,12,CPU,0
0.317465338997863,12,CPU,0
0.3255819249970955,12,CPU,0
0.32184766300269985,12,CPU,0
0.3206556660006754,12,CPU,0
0.3277748460022849,12,CPU,0
0.326872801000718,12,CPU,0
0.4214312520016392,12,CPU,0
0.3224054210004397,12,CPU,0
0.3230055479980365,12,CPU,0
0.30420835300174076,12,CPU,0
0.32066507399940747,12,CPU,0
0.32640454600186786,12,CPU,0
0.3239021529989259,12,CPU,0
0.3138071419998596,12,CPU,0
0.31389075699917157,12,CPU,0
0.32149662300071213,12,CPU,0
0.32577721900088363,12,CPU,0
0.328005340998061,12,CPU,0
0.30998254399673897,12,CPU,0
0.30507430199941155,12,CPU,0
0.30325126699972316,12,CPU,0
0.29918871900008526,12,CPU,0
0.2968000219989335,12,CPU,0
0.2981012979980733,12,CPU,0
0.30478070299795945,12,CPU,0
0.3161766390003322,12,CPU,0
0.3180187770012708,12,CPU,0
0.32486215000244556,12,CPU,0
0.3297340400022222,12,CPU,0
0.32368394599689054,12,CPU,0
0.33054523800092284,12,CPU,0
0.31770626599973184,12,CPU,0
0.3222813259999384,12,CPU,0
0.31936910999866086,12,CPU,0
0.3198592849985289,12,CPU,0
0.3235368740024569,12,CPU,0
0.3199510279991955,12,CPU,0
0.31772738699874026,12,CPU,0
0.3088657160005823,12,CPU,0
0.3206265139997413,12,CPU,0
0.31287805600004504,12,CPU,0
0.32084229000247433,12,CPU,0
0.3122381860011956,12,CPU,0
0.312595560997579,12,CPU,0
0.31644316600068123,12,CPU,0
0.3213553440000396,12,CPU,0
0.31548873700012336,12,CPU,0
0.3103536470007384,12,CPU,0
0.309384913998656,12,CPU,0
0.30691954500071006,12,CPU,0
0.36176348500157474,13,CPU,0
0.3600646750019223,13,CPU,0
0.3738314510010241,13,CPU,0
0.36686279899731744,13,CPU,0
0.3793347000028007,13,CPU,0
0.37469080799928633,13,CPU,0
0.3663524960029463,13,CPU,0
0.3684091949980939,13,CPU,0
0.3686686499968346,13,CPU,0
0.37713102599809645,13,CPU,0
0.3711222109996015,13,CPU,0
0.37421593100225437,13,CPU,0
0.3768061629998556,13,CPU,0
0.3826940180006204,13,CPU,0
0.3637605359981535,13,CPU,0
0.36461246899852995,13,CPU,0
0.3722970240014547,13,CPU,0
0.3734777239988034,13,CPU,0
0.38597957599995425,13,CPU,0
0.370762915998057,13,CPU,0
0.371330689999013,13,CPU,0
0.3682788910009549,13,CPU,0
0.37888647699946887,13,CPU,0
0.3756848220000393,13,CPU,0
0.37741464099963196,13,CPU,0
0.38048106399946846,13,CPU,0
0.3866118309997546,13,CPU,0
0.3912134180027351,13,CPU,0
0.3761144210002385,13,CPU,0
0.3803108889987925,13,CPU,0
0.37284153400105424,13,CPU,0
0.3695768069992482,13,CPU,0
0.37079827599882265,13,CPU,0
0.36912058500092826,13,CPU,0
0.3696267910017923,13,CPU,0
0.3653507390008599,13,CPU,0
0.3737972119997721,13,CPU,0
0.3853233869995165,13,CPU,0
0.3821741479987395,13,CPU,0
0.37309922900021775,13,CPU,0
0.37585144500189926,13,CPU,0
0.37634539599821437,13,CPU,0
0.3797166180011118,13,CPU,0
0.37085862800086034,13,CPU,0
0.37304905299970414,13,CPU,0
0.36873296999692684,13,CPU,0
0.3668478869985847,13,CPU,0
0.3671176780007954,13,CPU,0
0.3814355250033259,13,CPU,0
0.37006650200055446,13,CPU,0
0.3704756209990592,13,CPU,0
0.3809897989995079,13,CPU,0
0.37747070499972324,13,CPU,0
0.36890256900005625,13,CPU,0
0.3761667729995679,13,CPU,0
0.36631860899797175,13,CPU,0
0.3729841579988715,13,CPU,0
0.3696212229988305,13,CPU,0
0.3705562280010781,13,CPU,0
0.37624981299813953,13,CPU,0
0.3682758190007007,13,CPU,0
0.3723350400032359,13,CPU,0
0.3708072999979777,13,CPU,0
0.3781044949973875,13,CPU,0
0.3794465710016084,13,CPU,0
0.375369559002138,13,CPU,0
0.38325171299948124,13,CPU,0
0.38632901500022854,13,CPU,0
0.3805080400015868,13,CPU,0
0.3710096680006245,13,CPU,0
0.37898884500100394,13,CPU,0
0.37481532099991455,13,CPU,0
0.37379173999943305,13,CPU,0
0.37054342800183804,13,CPU,0
0.3707477479983936,13,CPU,0
0.37148236999928486,13,CPU,0
0.3560305739993055,13,CPU,0
0.35279893500046455,13,CPU,0
0.35277880700232345,13,CPU,0
0.3623854030010989,13,CPU,0
0.3584080710024864,13,CPU,0
0.38352927999949316,13,CPU,0
0.37553339800069807,13,CPU,0
0.3672031499991135,13,CPU,0
0.3753976549996878,13,CPU,0
0.36506293200000073,13,CPU,0
0.37414850600180216,13,CPU,0
0.3746531130018411,13,CPU,0
0.3753186150024703,13,CPU,0
0.37417410600028234,13,CPU,0
0.3791947639983846,13,CPU,0
0.3795011309994152,13,CPU,0
0.3706274600008328,13,CPU,0
0.3702661169991188,13,CPU,0
0.37618760500117787,13,CPU,0
0.37224726299973554,13,CPU,0
0.3684975789983582,13,CPU,0
0.36823425100010354,13,CPU,0
0.37139907500022673,13,CPU,0
0.37981082600163063,13,CPU,0
0.37264591900020605,13,CPU,0
0.37411957800213713,13,CPU,0
0.37255353500222554,13,CPU,0
0.37265107100029127,13,CPU,0
0.37314246100140736,13,CPU,0
0.37499682400084566,13,CPU,0
0.3826501779985847,13,CPU,0
0.3801642329999595,13,CPU,0
0.3721182399967802,13,CPU,0
0.3644019740022486,13,CPU,0
0.38908267200167757,13,CPU,0
0.39384848199915723,13,CPU,0
0.38260285000069416,13,CPU,0
0.3911002989989356,13,CPU,0
0.39421229000072344,13,CPU,0
0.3807353990014235,13,CPU,0
0.37680923500010977,13,CPU,0
0.3711324500000046,13,CPU,0
0.35984784299944295,13,CPU,0
0.36115116699875216,13,CPU,0
0.35858330199698685,13,CPU,0
0.3551956320006866,13,CPU,0
0.3678921079990687,13,CPU,0
0.35881770200285246,13,CPU,0
0.35377691599933314,13,CPU,0
0.35792960899925674,13,CPU,0
0.3564650359985535,13,CPU,0
0.3591528050019406,13,CPU,0
0.3519059140016907,13,CPU,0
0.3558475339996221,13,CPU,0
0.3524639589995786,13,CPU,0
0.3570599790000415,13,CPU,0
0.3498451830018894,13,CPU,0
0.3499888309997914,13,CPU,0
0.3589165819976188,13,CPU,0
0.3510026529984316,13,CPU,0
0.3564342210011091,13,CPU,0
0.38737048500115634,13,CPU,0
0.37102419499933603,13,CPU,0
0.38263558600010583,13,CPU,0
0.3727311990005546,13,CPU,0
0.37034979699819814,13,CPU,0
0.36622648000047775,13,CPU,0
0.37413749800180085,13,CPU,0
0.3679437559985672,13,CPU,0
0.3748595440010831,13,CPU,0
0.3669591180005227,13,CPU,0
0.37250598299942794,13,CPU,0
0.3714124500002072,13,CPU,0
0.47116429500238155,13,CPU,0
0.3681945389980683,13,CPU,0
0.3544539700014866,13,CPU,0
0.3599420499995176,13,CPU,0
0.3689363610028522,13,CPU,0
0.37572661400190555,13,CPU,0
0.39458467200165614,13,CPU,0
0.38675691800017375,13,CPU,0
0.3825387859978946,13,CPU,0
0.37825172600059886,13,CPU,0
0.3741216899979918,13,CPU,0
0.3713643539995246,13,CPU,0
0.3732948450015101,13,CPU,0
0.36945770400052425,13,CPU,0
0.37812055900212727,13,CPU,0
0.36820135499874596,13,CPU,0
0.37390281099942513,13,CPU,0
0.37769851199846016,13,CPU,0
0.37580600599903846,13,CPU,0
0.3732944610019331,13,CPU,0
0.37191254400022444,13,CPU,0
0.3703929010007414,13,CPU,0
0.38355808000051184,13,CPU,0
0.37368745200001285,13,CPU,0
0.3723912310015294,13,CPU,0
0.3695052549992397,13,CPU,0
0.36842740200154367,13,CPU,0
0.37029507699844544,13,CPU,0
0.3758575900028518,13,CPU,0
0.3767678910007817,13,CPU,0
0.3730285739984538,13,CPU,0
0.3745094969999627,13,CPU,0
0.37985898600163637,13,CPU,0
0.3698361980023037,13,CPU,0
0.3693305680026242,13,CPU,0
0.378548270000465,13,CPU,0
0.36855940299938084,13,CPU,0
0.3722860160014534,13,CPU,0
0.374737753001682,13,CPU,0
0.34893219399964437,13,CPU,0
0.34813715600103023,13,CPU,0
0.35131868299868074,13,CPU,0
0.34142264800175326,13,CPU,0
0.35756893800135003,13,CPU,0
0.35722804199758684,13,CPU,0
0.35588411000208,13,CPU,0
0.35086713199780206,13,CPU,0
0.36519921999934013,13,CPU,0
0.3815871730002982,13,CPU,0
0.36697371099944576,13,CPU,0
0.36200578900024993,13,CPU,0
0.43160475900003803,14,CPU,0
0.417301919998863,14,CPU,0
0.4155467890013824,14,CPU,0
0.43877840300046955,14,CPU,0
0.44612177399903885,14,CPU,0
0.4383804199969745,14,CPU,0
0.43209256600312074,14,CPU,0
0.4408750049988157,14,CPU,0
0.44094025300000794,14,CPU,0
0.43728768700020737,14,CPU,0
0.43692845700206817,14,CPU,0
0.4377167099992221,14,CPU,0
0.4350781260000076,14,CPU,0
0.4390591380033584,14,CPU,0
0.43910515399693395,14,CPU,0
0.43555969200315303,14,CPU,0
0.43388664099984453,14,CPU,0
0.42542471300112084,14,CPU,0
0.4241978040008689,14,CPU,0
0.4287975990009727,14,CPU,0
0.4422577530021954,14,CPU,0
0.42931327800033614,14,CPU,0
0.4501628180005355,14,CPU,0
0.4402696949982783,14,CPU,0
0.4380093809995742,14,CPU,0
0.41758572699836805,14,CPU,0
0.41563456499716267,14,CPU,0
0.41020081999886315,14,CPU,0
0.4096526620014629,14,CPU,0
0.4158859559975099,14,CPU,0
0.4130161079992831,14,CPU,0
0.40296852099709213,14,CPU,0
0.44731364300241694,14,CPU,0
0.44954345999940415,14,CPU,0
0.43127432799883536,14,CPU,0
0.4313003759998537,14,CPU,0
0.4357545070015476,14,CPU,0
0.4236509260008461,14,CPU,0
0.42324228700090316,14,CPU,0
0.44448785900021903,14,CPU,0
0.4376831420013332,14,CPU,0
0.4374968379997881,14,CPU,0
0.43246514099882916,14,CPU,0
0.43302600300012273,14,CPU,0
0.4286511350001092,14,CPU,0
0.4278915539980517,14,CPU,0
0.43357742599982885,14,CPU,0
0.4428955750008754,14,CPU,0
0.4367507930001011,14,CPU,0
0.4381686759988952,14,CPU,0
0.4232331029998022,14,CPU,0
0.4130972919992928,14,CPU,0
0.4459548300001188,14,CPU,0
0.43160117600200465,14,CPU,0
0.421589651999966,14,CPU,0
0.43605876299989177,14,CPU,0
0.4493325809999078,14,CPU,0
0.43001951499900315,14,CPU,0
0.43139074300052016,14,CPU,0
0.4373049040004844,14,CPU,0
0.4334970730014902,14,CPU,0
0.43597399500140455,14,CPU,0
0.4368546639998385,14,CPU,0
0.43679920899739955,14,CPU,0
0.4256287450007221,14,CPU,0
0.43234936500084586,14,CPU,0
0.44114639600229566,14,CPU,0
0.433110227000725,14,CPU,0
0.4394791049999185,14,CPU,0
0.4424531439981365,14,CPU,0
0.4304072589984571,14,CPU,0
0.4332548989987117,14,CPU,0
0.4361491620002198,14,CPU,0
0.46459842499825754,14,CPU,0
0.44928621299914084,14,CPU,0
0.4455117600009544,14,CPU,0
0.4427214630013623,14,CPU,0
0.42455905099996016,14,CPU,0
0.44501598499846295,14,CPU,0
0.43883590599944,14,CPU,0
0.4242944439974963,14,CPU,0
0.42261227299968596,14,CPU,0
0.41211495800234843,14,CPU,0
0.42955970900220564,14,CPU,0
0.44491428900073515,14,CPU,0
0.44017759899725206,14,CPU,0
0.4417676750017563,14,CPU,0
0.4399098559988488,14,CPU,0
0.4295310369998333,14,CPU,0
0.42749782700047945,14,CPU,0
0.42288939200079767,14,CPU,0
0.41679798499899334,14,CPU,0
0.43294005200004904,14,CPU,0
0.43811872500009486,14,CPU,0
0.4341581920016324,14,CPU,0
0.433515698001429,14,CPU,0
0.4394942409999203,14,CPU,0
0.4432203100004699,14,CPU,0
0.4330468989974179,14,CPU,0
0.43008998000004794,14,CPU,0
0.43976543999815476,14,CPU,0
0.42803069000001415,14,CPU,0
0.42665491700245184,14,CPU,0
0.4322711899985734,14,CPU,0
0.43142360800266033,14,CPU,0
0.41010280399859766,14,CPU,0
0.42435265200037975,14,CPU,0
0.4133350829979463,14,CPU,0
0.41640979499788955,14,CPU,0
0.4270743409979332,14,CPU,0
0.43290574699858553,14,CPU,0
0.44929414900252596,14,CPU,0
0.44239884100170457,14,CPU,0
0.44414638799935346,14,CPU,0
0.44294978300240473,14,CPU,0
0.43369864099804545,14,CPU,0
0.4327448199983337,14,CPU,0
0.44300165499953437,14,CPU,0
0.4392914890013344,14,CPU,0
0.4399784000015643,14,CPU,0
0.43859881900061737,14,CPU,0
0.43248437299916986,14,CPU,0
0.4376461819992983,14,CPU,0
0.42747552299988456,14,CPU,0
0.4305166019985336,14,CPU,0
0.43247291700026835,14,CPU,0
0.4344682710034249,14,CPU,0
0.42360711800210993,14,CPU,0
0.42949631699957536,14,CPU,0
0.43581517900020117,14,CPU,0
0.5380543769970245,14,CPU,0
0.4421385850000661,14,CPU,0
0.4281986250025511,14,CPU,0
0.43348721800066414,14,CPU,0
0.43650861700007226,14,CPU,0
0.4173397760023363,14,CPU,0
0.42674928499764064,14,CPU,0
0.43655450499863946,14,CPU,0
0.4352590210000926,14,CPU,0
0.4326770450024924,14,CPU,0
0.43199455099966144,14,CPU,0
0.4339048809997621,14,CPU,0
0.44112066800153116,14,CPU,0
0.4422304580002674,14,CPU,0
0.4513811509968946,14,CPU,0
0.44859898300273926,14,CPU,0
0.4453587690004497,14,CPU,0
0.4380323570003384,14,CPU,0
0.43850314000155777,14,CPU,0
0.4343901590000314,14,CPU,0
0.4303510350000579,14,CPU,0
0.43009957899994333,14,CPU,0
0.43003654000131064,14,CPU,0
0.4329691709972394,14,CPU,0
0.4461729419999756,14,CPU,0
0.43370529700041516,14,CPU,0
0.43512391700278386,14,CPU,0
0.43526433299848577,14,CPU,0
0.43686276000153157,14,CPU,0
0.43045685900142416,14,CPU,0
0.4198087279983156,14,CPU,0
0.4137422179992427,14,CPU,0
0.4173449599984451,14,CPU,0
0.41042971600109013,14,CPU,0
0.41046280299997306,14,CPU,0
0.4178794220024429,14,CPU,0
0.4353005570010282,14,CPU,0
0.44554603199867415,14,CPU,0
0.42458484300004784,14,CPU,0
0.41072987399820704,14,CPU,0
0.4165717779978877,14,CPU,0
0.4111377129993343,14,CPU,0
0.4090014309986145,14,CPU,0
0.41048379499989096,14,CPU,0
0.40587366500039934,14,CPU,0
0.41197182399992016,14,CPU,0
0.41432871199867805,14,CPU,0
0.4350176129992178,14,CPU,0
0.43899091400089674,14,CPU,0
0.445170352999412,14,CPU,0
0.4505686730008165,14,CPU,0
0.44629924499895424,14,CPU,0
0.432167828999809,14,CPU,0
0.43170168699725764,14,CPU,0
0.42145240399986506,14,CPU,0
0.4054623060001177,14,CPU,0
0.41932021899992833,14,CPU,0
0.43057004200090887,14,CPU,0
0.44012614299936104,14,CPU,0
0.43108607300018775,14,CPU,0
0.4452952479987289,14,CPU,0
0.437748037998972,14,CPU,0
0.4132069560000673,14,CPU,0
0.41813305300092907,14,CPU,0
0.4095089500005997,14,CPU,0
0.41126200100188726,14,CPU,0
0.4108668340013537,14,CPU,0
0.41219994999846676,14,CPU,0
0.40596284799903515,14,CPU,0
0.41226801499942667,14,CPU,0
0.46260099099890795,15,CPU,0
0.48099687499779975,15,CPU,0
0.4769053989984968,15,CPU,0
0.4802509569999529,15,CPU,0
0.48155437800232903,15,CPU,0
0.47907201599809923,15,CPU,0
0.4864389079993998,15,CPU,0
0.5191719030008244,15,CPU,0
0.504521544000454,15,CPU,0
0.49963349400059087,15,CPU,0
0.49147281399928033,15,CPU,0
0.5017211679987668,15,CPU,0
0.4789506090019131,15,CPU,0
0.5087379479991796,15,CPU,0
0.5043437210006232,15,CPU,0
0.5151099629983946,15,CPU,0
0.5221131420003076,15,CPU,0
0.517085733001295,15,CPU,0
0.5017917599980137,15,CPU,0
0.5071221770012926,15,CPU,0
0.5060653799991996,15,CPU,0
0.49962293399948976,15,CPU,0
0.4992172709971783,15,CPU,0
0.5079791669995757,15,CPU,0
0.5088794199982658,15,CPU,0
0.5068611539973062,15,CPU,0
0.5160207440021622,15,CPU,0
0.5178185949989711,15,CPU,0
0.49690723000094295,15,CPU,0
0.508124798998324,15,CPU,0
0.5045337680021476,15,CPU,0
0.49926968699946883,15,CPU,0
0.49256884300120873,15,CPU,0
0.4974032289974275,15,CPU,0
0.5008972979994724,15,CPU,0
0.5062976039989735,15,CPU,0
0.5043914009984292,15,CPU,0
0.517387748001056,15,CPU,0
0.5112093339994317,15,CPU,0
0.5030880450030963,15,CPU,0
0.5038346979999915,15,CPU,0
0.4976721239981998,15,CPU,0
0.5040046499998425,15,CPU,0
0.5036269550000725,15,CPU,0
0.4920740600027784,15,CPU,0
0.4987126329979219,15,CPU,0
0.5056156850005209,15,CPU,0
0.5114174610025657,15,CPU,0
0.5076975989977655,15,CPU,0
0.5252521100010199,15,CPU,0
0.5260640109991073,15,CPU,0
0.5059810929997184,15,CPU,0
0.506776545997127,15,CPU,0
0.4992331749999721,15,CPU,0
0.4792409440015035,15,CPU,0
0.4791397599983611,15,CPU,0
0.4848502409986395,15,CPU,0
0.48360601999957,15,CPU,0
0.4868776590010384,15,CPU,0
0.4874903929994616,15,CPU,0
0.48967265900137136,15,CPU,0
0.48162237699943944,15,CPU,0
0.4791621279982792,15,CPU,0
0.4974886370000604,15,CPU,0
0.4966657269978896,15,CPU,0
0.49335315999996965,15,CPU,0
0.5007890429988038,15,CPU,0
0.5043133209983353,15,CPU,0
0.5054289660001814,15,CPU,0
0.4794155359995784,15,CPU,0
0.481959464999818,15,CPU,0
0.47884881799836876,15,CPU,0
0.5075856000003114,15,CPU,0
0.5093322829998215,15,CPU,0
0.501227888998983,15,CPU,0
0.4999806930027262,15,CPU,0
0.49662188699949184,15,CPU,0
0.4957052819991077,15,CPU,0
0.5098306170002616,15,CPU,0
0.5067113299992343,15,CPU,0
0.5186140480000176,15,CPU,0
0.5280404210025154,15,CPU,0
0.5159594639990246,15,CPU,0
0.5153753370032064,15,CPU,0
0.5055707569990773,15,CPU,0
0.49833260200102814,15,CPU,0
0.5163151109991304,15,CPU,0
0.505487013997481,15,CPU,0
0.5056588529987494,15,CPU,0
0.5067744980005955,15,CPU,0
0.5145443319997867,15,CPU,0
0.5096554180017847,15,CPU,0
0.4984382650000043,15,CPU,0
0.504898086997855,15,CPU,0
0.498065145999135,15,CPU,0
0.502841293997335,15,CPU,0
0.49985819699941203,15,CPU,0
0.49814303400125937,15,CPU,0
0.49001243299790076,15,CPU,0
0.4943509170007019,15,CPU,0
0.4979495629995654,15,CPU,0
0.5044494489993667,15,CPU,0
0.5073304640027345,15,CPU,0
0.5147721400026057,15,CPU,0
0.49796476299889036,15,CPU,0
0.4925280429997656,15,CPU,0
0.5031446850007342,15,CPU,0
0.4984342019997712,15,CPU,0
0.5010867700002564,15,CPU,0
0.49859301800097455,15,CPU,0
0.4972812449996127,15,CPU,0
0.6132146439995267,15,CPU,0
0.5054889659986657,15,CPU,0
0.5134840150021773,15,CPU,0
0.5200111970007129,15,CPU,0
0.5132258720004756,15,CPU,0
0.5170905649974884,15,CPU,0
0.5073767369976849,15,CPU,0
0.5040662809988135,15,CPU,0
0.5064683230011724,15,CPU,0
0.5028541249994305,15,CPU,0
0.49952248699992197,15,CPU,0
0.5089692109977477,15,CPU,0
0.5012137779995101,15,CPU,0
0.5034626990018296,15,CPU,0
0.5022765590001654,15,CPU,0
0.500389973003621,15,CPU,0
0.49743906799994875,15,CPU,0
0.49709353399885003,15,CPU,0
0.49697062199993525,15,CPU,0
0.48998667399791884,15,CPU,0
0.4980965059985465,15,CPU,0
0.5084522850011126,15,CPU,0
0.5094027150007605,15,CPU,0
0.4824006470007589,15,CPU,0
0.4835099560004892,15,CPU,0
0.49298913000166067,15,CPU,0
0.49481504399955156,15,CPU,0
0.49545033799950033,15,CPU,0
0.49785010800042073,15,CPU,0
0.4957621450012084,15,CPU,0
0.5100567930021498,15,CPU,0
0.49890965599843184,15,CPU,0
0.5070682570003555,15,CPU,0
0.5035582189993875,15,CPU,0
0.5223326300001645,15,CPU,0
0.5345318599975144,15,CPU,0
0.5098840570026368,15,CPU,0
0.5102596409997204,15,CPU,0
0.5118976520025171,15,CPU,0
0.49960863100204733,15,CPU,0
0.5069134410005063,15,CPU,0
0.5079215989971999,15,CPU,0
0.5064854429983825,15,CPU,0
0.4930756249996193,15,CPU,0
0.5222916700004134,15,CPU,0
0.5158983119981713,15,CPU,0
0.5069453459982469,15,CPU,0
0.5001007889986795,15,CPU,0
0.48988001700126915,15,CPU,0
0.47816869099915493,15,CPU,0
0.47195354100040277,15,CPU,0
0.4794858080022095,15,CPU,0
0.47142234300190466,15,CPU,0
0.5010087230002682,15,CPU,0
0.5103981040010694,15,CPU,0
0.5009021309997479,15,CPU,0
0.5019416799987084,15,CPU,0
0.5039021859993227,15,CPU,0
0.49232311499872594,15,CPU,0
0.47151632600071025,15,CPU,0
0.47733624600004987,15,CPU,0
0.4712128390019643,15,CPU,0
0.4831715569998778,15,CPU,0
0.4705802330026927,15,CPU,0
0.47710159000052954,15,CPU,0
0.47845073899952695,15,CPU,0
0.48692111399941496,15,CPU,0
0.4897132350015454,15,CPU,0
0.5207113219985331,15,CPU,0
0.48272320599789964,15,CPU,0
0.4778541000014229,15,CPU,0
0.48000676599986036,15,CPU,0
0.5040469539999322,15,CPU,0
0.5027107969981444,15,CPU,0
0.5132346709979174,15,CPU,0
0.5062549789981858,15,CPU,0
0.5064566749970254,15,CPU,0
0.473671359999571,15,CPU,0
0.4775594769998861,15,CPU,0
0.47551724299773923,15,CPU,0
0.47730834200046957,15,CPU,0
0.47934411199821625,15,CPU,0
0.48037194900098257,15,CPU,0
0.47685861499849125,15,CPU,0
0.48212042399973143,15,CPU,0
0.48104337099721306,15,CPU,0
0.5192497899988666,15,CPU,0
0.5104775910003809,15,CPU,0
0.5051823110006808,15,CPU,0
0.5737194919965987,16,CPU,0
0.5779856879998988,16,CPU,0
0.5792104200008907,16,CPU,0
0.5618776699993759,16,CPU,0
0.5866911040029663,16,CPU,0
0.5726066309980524,16,CPU,0
0.551791810998111,16,CPU,0
0.5727722310002719,16,CPU,0
0.5680900360021042,16,CPU,0
0.5829816420009593,16,CPU,0
0.5716651619986806,16,CPU,0
0.5813292309976532,16,CPU,0
0.6047960440009774,16,CPU,0
0.5667907759998343,16,CPU,0
0.5808151840028586,16,CPU,0
0.5880841559992405,16,CPU,0
0.5669409830006771,16,CPU,0
0.5799179700006789,16,CPU,0
0.5822946669977682,16,CPU,0
0.575744638001197,16,CPU,0
0.580796944002941,16,CPU,0
0.6004070320013852,16,CPU,0
0.6144338079975569,16,CPU,0
0.5929014219982491,16,CPU,0
0.5831916570023168,16,CPU,0
0.5733562929999607,16,CPU,0
0.5898262310001883,16,CPU,0
0.5835770000012417,16,CPU,0
0.5738949469996442,16,CPU,0
0.5712942509999266,16,CPU,0
0.5699547990006977,16,CPU,0
0.585640418001276,16,CPU,0
0.5739582429996517,16,CPU,0
0.5856629780028015,16,CPU,0
0.5778375279987813,16,CPU,0
0.5654992269992363,16,CPU,0
0.5837188880032045,16,CPU,0
0.5776654010005586,16,CPU,0
0.5764649240009021,16,CPU,0
0.7027132699986396,16,CPU,0
0.5676426770005492,16,CPU,0
0.5609173519987962,16,CPU,0
0.5758582060007029,16,CPU,0
0.578442966001603,16,CPU,0
0.551901729999372,16,CPU,0
0.5560711899997841,16,CPU,0
0.5468286240029556,16,CPU,0
0.5508380850005778,16,CPU,0
0.56654824799989,16,CPU,0
0.5719650329992874,16,CPU,0
0.5895126309987972,16,CPU,0
0.5847096370016516,16,CPU,0
0.5785989340001834,16,CPU,0
0.5719985689975147,16,CPU,0
0.5834421519975876,16,CPU,0
0.5739041310007451,16,CPU,0
0.5741051229997538,16,CPU,0
0.5919414239979233,16,CPU,0
0.5811829910016968,16,CPU,0
0.57606441399912,16,CPU,0
0.568237939998653,16,CPU,0
0.5779725359971053,16,CPU,0
0.5679003400000511,16,CPU,0
0.5862592970006517,16,CPU,0
0.5804236969997874,16,CPU,0
0.5533035820008081,16,CPU,0
0.5865181760018459,16,CPU,0
0.5782872560012038,16,CPU,0
0.5789541009980894,16,CPU,0
0.5795518909981183,16,CPU,0
0.5672663259974797,16,CPU,0
0.5758023019989196,16,CPU,0
0.5668224879991612,16,CPU,0
0.5698635670014482,16,CPU,0
0.5825965229996655,16,CPU,0
0.592864557998837,16,CPU,0
0.5996977549984877,16,CPU,0
0.5930094860013924,16,CPU,0
0.5923609430028591,16,CPU,0
0.5814838860023883,16,CPU,0
0.5770083460010937,16,CPU,0
0.5869605749976472,16,CPU,0
0.5789622609991056,16,CPU,0
0.5808316319998994,16,CPU,0
0.5781006309989607,16,CPU,0
0.5695747999998275,16,CPU,0
0.578404023002804,16,CPU,0
0.5560923419980099,16,CPU,0
0.5484750200012058,16,CPU,0
0.5432696899988514,16,CPU,0
0.5416914550005458,16,CPU,0
0.552378240001417,16,CPU,0
0.5663777530025982,16,CPU,0
0.5868138229998294,16,CPU,0
0.582407627000066,16,CPU,0
0.5774954490007076,16,CPU,0
0.5763195170002291,16,CPU,0
0.5733710129970859,16,CPU,0
0.5730931899997813,16,CPU,0
0.582381484000507,16,CPU,0
0.5716384740007925,16,CPU,0
0.5922677269991254,16,CPU,0
0.5870259500006796,16,CPU,0
0.5988568609973299,16,CPU,0
0.5933870520020719,16,CPU,0
0.5877859479987819,16,CPU,0
0.6749713319986768,16,CPU,0
0.5760908449992712,16,CPU,0
0.5780274149983597,16,CPU,0
0.5827356269983284,16,CPU,0
0.5763312609997229,16,CPU,0
0.5827526189968921,16,CPU,0
0.5852384670033643,16,CPU,0
0.5732215419993736,16,CPU,0
0.5864349440016667,16,CPU,0
0.5522918409988051,16,CPU,0
0.5467039519971877,16,CPU,0
0.5560009190012352,16,CPU,0
0.5437844410007528,16,CPU,0
0.5433294030008256,16,CPU,0
0.5589547020026657,16,CPU,0
0.5871838370003388,16,CPU,0
0.579591571000492,16,CPU,0
0.5833871440008807,16,CPU,0
0.5757153579979786,16,CPU,0
0.580762384000991,16,CPU,0
0.5727193669990811,16,CPU,0
0.594293641999684,16,CPU,0
0.5842709509997803,16,CPU,0
0.6043993089988362,16,CPU,0
0.6027296490028675,16,CPU,0
0.5883648909984913,16,CPU,0
0.5886323769991577,16,CPU,0
0.5840633670013631,16,CPU,0
0.5843015419995936,16,CPU,0
0.5845726139996259,16,CPU,0
0.5631846100004623,16,CPU,0
0.5594027639999695,16,CPU,0
0.58772130899888,16,CPU,0
0.579644179000752,16,CPU,0
0.5701100629994471,16,CPU,0
0.5765564119974442,16,CPU,0
0.5839965189989016,16,CPU,0
0.579667635000078,16,CPU,0
0.5692785770006594,16,CPU,0
0.5779505520004022,16,CPU,0
0.5729853510019893,16,CPU,0
0.5670790309995937,16,CPU,0
0.5782721190007578,16,CPU,0
0.5754817910019483,16,CPU,0
0.5486647789985,16,CPU,0
0.5467160170010175,16,CPU,0
0.5442557360001956,16,CPU,0
0.5791621650023444,16,CPU,0
0.5834136410012434,16,CPU,0
0.5762676449994615,16,CPU,0
0.5552337209992402,16,CPU,0
0.5790694290008105,16,CPU,0
0.5790444369995384,16,CPU,0
0.5829389860009542,16,CPU,0
0.5944106009992538,16,CPU,0
0.6046388920003665,16,CPU,0
0.5795639240022865,16,CPU,0
0.5669335590027913,16,CPU,0
0.5543320590004441,16,CPU,0
0.5507042610006465,16,CPU,0
0.5466595999969286,16,CPU,0
0.5681486600005883,16,CPU,0
0.5820072759997856,16,CPU,0
0.5821675000006508,16,CPU,0
0.5757831660012016,16,CPU,0
0.5824860909997369,16,CPU,0
0.575434526999743,16,CPU,0
0.56281001899697,16,CPU,0
0.5458722430012131,16,CPU,0
0.5361353750013222,16,CPU,0
0.5434257220003929,16,CPU,0
0.5508249329977843,16,CPU,0
0.5540575000013632,16,CPU,0
0.5611065999983111,16,CPU,0
0.5737605479989725,16,CPU,0
0.5906743880004797,16,CPU,0
0.5745598100002098,16,CPU,0
0.5759078699993552,16,CPU,0
0.5839773190018605,16,CPU,0
0.5705487170016568,16,CPU,0
0.5757184940011939,16,CPU,0
0.5786642780003604,16,CPU,0
0.5767986200007726,16,CPU,0
0.5705100609993679,16,CPU,0
0.6671294029983983,16,CPU,0
0.5662698179985455,16,CPU,0
0.5751155520010798,16,CPU,0
0.5687522100015485,16,CPU,0
0.5634048969986907,16,CPU,0
0.5706081409989565,16,CPU,0
0.5819658690015785,16,CPU,0
0.5894165680001606,16,CPU,0
0.5596488759983913,16,CPU,0
0.5718990810019022,16,CPU,0
