0.1596134669998719,4,QZ_HYBRID,0
0.16481303600085084,4,QZ_HYBRID,0
0.14016549000007217,4,QZ_HYBRID,0
0.1397109960016678,4,QZ_HYBRID,0
0.1389772049988096,4,QZ_HYBRID,0
0.10729329500099993,4,QZ_HYBRID,0
0.11003296700073406,4,QZ_HYBRID,0
0.14891516100033186,4,QZ_HYBRID,0
0.10453135200077668,4,QZ_HYBRID,0
0.0785289939994982,4,QZ_HYBRID,0
0.08792346300106146,4,QZ_HYBRID,0
0.07209038699875236,4,QZ_HYBRID,0
0.061228337999637006,4,QZ_HYBRID,0
0.07739408500128775,4,QZ_HYBRID,0
0.08973894600057974,4,QZ_HYBRID,0
0.05848818600134109,4,QZ_HYBRID,0
0.09231276200080174,4,QZ_HYBRID,0
0.0884325170009106,4,QZ_HYBRID,0
0.09650635099751526,4,QZ_HYBRID,0
0.09945712599801482,4,QZ_HYBRID,0
0.08117244100139942,4,QZ_HYBRID,0
0.08181067999976221,4,QZ_HYBRID,0
0.08059401200080174,4,QZ_HYBRID,0
0.08550465300140786,4,QZ_HYBRID,0
0.07505620299707516,4,QZ_HYBRID,0
0.10332197899697348,4,QZ_HYBRID,0
0.09380149400021764,4,QZ_HYBRID,0
0.09497899500274798,4,QZ_HYBRID,0
0.08090111400088063,4,QZ_HYBRID,0
0.061218865997943794,4,QZ_HYBRID,0
0.06983247400057735,4,QZ_HYBRID,0
0.09559640099905664,4,QZ_HYBRID,0
0.08481272000062745,4,QZ_HYBRID,0
0.09127346900277189,4,QZ_HYBRID,0
0.08609924399934243,4,QZ_HYBRID,0
0.08401480199972866,4,QZ_HYBRID,0
0.08172085599653656,4,QZ_HYBRID,0
0.09443064399965806,4,QZ_HYBRID,0
0.08400504199744319,4,QZ_HYBRID,0
0.07428209299905575,4,QZ_HYBRID,0
0.07779529900290072,4,QZ_HYBRID,0
0.0643548899970483,4,QZ_HYBRID,0
0.08037839600001462,4,QZ_HYBRID,0
0.08024374100205023,4,QZ_HYBRID,0
0.07715923700015992,4,QZ_HYBRID,0
0.08292507700025453,4,QZ_HYBRID,0
0.06939237900223816,4,QZ_HYBRID,0
0.06610195599932922,4,QZ_HYBRID,0
0.07707382999797119,4,QZ_HYBRID,0
0.07835862600040855,4,QZ_HYBRID,0
0.09022924799864995,4,QZ_HYBRID,0
0.07862742499855813,4,QZ_HYBRID,0
0.08793805399909616,4,QZ_HYBRID,0
0.08230613500199979,4,QZ_HYBRID,0
0.0851623179987655,4,QZ_HYBRID,0
0.06291092599713011,4,QZ_HYBRID,0
0.07528330700006336,4,QZ_HYBRID,0
0.08732058500027051,4,QZ_HYBRID,0
0.06385367500115535,4,QZ_HYBRID,0
0.07536247499956517,4,QZ_HYBRID,0
0.08299874099975568,4,QZ_HYBRID,0
0.08830339799897047,4,QZ_HYBRID,0
0.08726013600244187,4,QZ_HYBRID,0
0.08266149300106918,4,QZ_HYBRID,0
0.05814213900157483,4,QZ_HYBRID,0
0.06437319299948285,4,QZ_HYBRID,0
0.07383399899845244,4,QZ_HYBRID,0
0.08657335399766453,4,QZ_HYBRID,0
0.11196928299978026,4,QZ_HYBRID,0
0.08469806400171365,4,QZ_HYBRID,0
0.05984552699737833,4,QZ_HYBRID,0
0.06264730999828316,4,QZ_HYBRID,0
0.08186776699949405,4,QZ_HYBRID,0
0.0712642459984636,4,QZ_HYBRID,0
0.08636849100003019,4,QZ_HYBRID,0
0.07908969599884585,4,QZ_HYBRID,0
0.07485716399969533,4,QZ_HYBRID,0
0.08620695499848807,4,QZ_HYBRID,0
0.08329765199960093,4,QZ_HYBRID,0
0.08634938699833583,4,QZ_HYBRID,0
0.07499687499876018,4,QZ_HYBRID,0
0.08263490200261003,4,QZ_HYBRID,0
0.07581818399921758,4,QZ_HYBRID,0
0.11408374000166077,4,QZ_HYBRID,0
0.11691173199869809,4,QZ_HYBRID,0
0.0797631969981012,4,QZ_HYBRID,0
0.0809099790021719,4,QZ_HYBRID,0
0.08596484499867074,4,QZ_HYBRID,0
0.08276558899888187,4,QZ_HYBRID,0
0.06587597299949266,4,QZ_HYBRID,0
0.07507287499902304,4,QZ_HYBRID,0
0.09458011500100838,4,QZ_HYBRID,0
0.07741449999957695,4,QZ_HYBRID,0
0.06823343799987924,4,QZ_HYBRID,0
0.09129042900167406,4,QZ_HYBRID,0
0.08722858399778488,4,QZ_HYBRID,0
0.08192754299670924,4,QZ_HYBRID,0
0.09249407300012535,4,QZ_HYBRID,0
0.07406759800142027,4,QZ_HYBRID,0
0.09211141900232178,4,QZ_HYBRID,0
0.10206476600069436,4,QZ_HYBRID,0
0.06612170000153128,4,QZ_HYBRID,0
0.072162484000728,4,QZ_HYBRID,0
0.08876224399864441,4,QZ_HYBRID,0
0.0744347010004276,4,QZ_HYBRID,0
0.07796960300038336,4,QZ_HYBRID,0
0.08612250800069887,4,QZ_HYBRID,0
0.07797587399909389,4,QZ_HYBRID,0
0.102878588000749,4,QZ_HYBRID,0
0.09577559999888763,4,QZ_HYBRID,0
0.10670353699970292,4,QZ_HYBRID,0
0.10807697299969732,4,QZ_HYBRID,0
0.09071935800238862,4,QZ_HYBRID,0
0.0938610779994633,4,QZ_HYBRID,0
0.08924563500113436,4,QZ_HYBRID,0
0.08683175400074106,4,QZ_HYBRID,0
0.07883523199780029,4,QZ_HYBRID,0
0.08927264299927629,4,QZ_HYBRID,0
0.09743261900075595,4,QZ_HYBRID,0
0.09359182999833138,4,QZ_HYBRID,0
0.0909331500006374,4,QZ_HYBRID,0
0.09138300500126206,4,QZ_HYBRID,0
0.09094559799996205,4,QZ_HYBRID,0
0.0847518869995838,4,QZ_HYBRID,0
0.07888028900197241,4,QZ_HYBRID,0
0.07467453999925056,4,QZ_HYBRID,0
0.07005906500126002,4,QZ_HYBRID,0
0.07619428000180051,4,QZ_HYBRID,0
0.08414334500048426,4,QZ_HYBRID,0
0.07446586900186958,4,QZ_HYBRID,0
0.07936489499843447,4,QZ_HYBRID,0
0.08273362100226223,4,QZ_HYBRID,0
0.10452533500210848,4,QZ_HYBRID,0
0.0647906320009497,4,QZ_HYBRID,0
0.06563882200134685,4,QZ_HYBRID,0
0.07126034199973219,4,QZ_HYBRID,0
0.08571937200031243,4,QZ_HYBRID,0
0.09705924499940011,4,QZ_HYBRID,0
0.06276865399922826,4,QZ_HYBRID,0
0.06365249100053916,4,QZ_HYBRID,0
0.07297118499991484,4,QZ_HYBRID,0
0.08545508600218454,4,QZ_HYBRID,0
0.0860997240015422,4,QZ_HYBRID,0
0.08735108099790523,4,QZ_HYBRID,0
0.08052841199969407,4,QZ_HYBRID,0
0.08815114199751406,4,QZ_HYBRID,0
0.08603242800018052,4,QZ_HYBRID,0
0.08372814600079437,4,QZ_HYBRID,0
0.07894556799874408,4,QZ_HYBRID,0
0.08648301900029765,4,QZ_HYBRID,0
0.0712505820010847,4,QZ_HYBRID,0
0.07796813100139843,4,QZ_HYBRID,0
0.08083420300317812,4,QZ_HYBRID,0
0.07850105800025631,4,QZ_HYBRID,0
0.08989952100091614,4,QZ_HYBRID,0
0.08736100100213662,4,QZ_HYBRID,0
0.0949056820027181,4,QZ_HYBRID,0
0.08469198300008429,4,QZ_HYBRID,0
0.08533402999819373,4,QZ_HYBRID,0
0.09471131499958574,4,QZ_HYBRID,0
0.08223202299996046,4,QZ_HYBRID,0
0.08128613799999584,4,QZ_HYBRID,0
0.08274197400169214,4,QZ_HYBRID,0
0.0810971460014116,4,QZ_HYBRID,0
0.07798301100046956,4,QZ_HYBRID,0
0.07403153399718576,4,QZ_HYBRID,0
0.07242958700226154,4,QZ_HYBRID,0
0.06866066899965517,4,QZ_HYBRID,0
0.07903311900008703,4,QZ_HYBRID,0
0.06922485899849562,4,QZ_HYBRID,0
0.10228041400114307,4,QZ_HYBRID,0
0.08322088299973984,4,QZ_HYBRID,0
0.08446235199880903,4,QZ_HYBRID,0
0.08390085000064573,4,QZ_HYBRID,0
0.07202347600104986,4,QZ_HYBRID,0
0.07228001900148229,4,QZ_HYBRID,0
0.08684452200031956,4,QZ_HYBRID,0
0.07798083500165376,4,QZ_HYBRID,0
0.09808208899994497,4,QZ_HYBRID,0
0.07805472199834185,4,QZ_HYBRID,0
0.08746167199933552,4,QZ_HYBRID,0
0.0971512440009974,4,QZ_HYBRID,0
0.08165660099984962,4,QZ_HYBRID,0
0.08556193299955339,4,QZ_HYBRID,0
0.08062450799843646,4,QZ_HYBRID,0
0.08490036799776135,4,QZ_HYBRID,0
0.07770752299984451,4,QZ_HYBRID,0
0.08213643899944145,4,QZ_HYBRID,0
0.0795161910027673,4,QZ_HYBRID,0
0.08136085699879914,4,QZ_HYBRID,0
0.08285131699813064,4,QZ_HYBRID,0
0.07706208500167122,4,QZ_HYBRID,0
0.08038329200280714,4,QZ_HYBRID,0
0.07646160700096516,4,QZ_HYBRID,0
0.07876595199923031,4,QZ_HYBRID,0
0.08120776999930968,4,QZ_HYBRID,0
0.07499690700205974,4,QZ_HYBRID,0
0.07991913399746409,4,QZ_HYBRID,0
0.07850848099769792,4,QZ_HYBRID,0
0.07885680099934689,4,QZ_HYBRID,0
0.11303977499846951,6,QZ_HYBRID,0
0.136501244000101,6,QZ_HYBRID,0
0.14820562699969742,6,QZ_HYBRID,0
0.13487801700102864,6,QZ_HYBRID,0
0.13462768200042774,6,QZ_HYBRID,0
0.1368004120013211,6,QZ_HYBRID,0
0.1615787740011001,6,QZ_HYBRID,0
0.12081735399988247,6,QZ_HYBRID,0
0.13372288500249851,6,QZ_HYBRID,0
0.10711374400125351,6,QZ_HYBRID,0
0.12409721599760815,6,QZ_HYBRID,0
0.13905128499754937,6,QZ_HYBRID,0
0.15624749299968244,6,QZ_HYBRID,0
0.12951611199969193,6,QZ_HYBRID,0
0.09421387700058403,6,QZ_HYBRID,0
0.11130518799836864,6,QZ_HYBRID,0
0.15972607400181005,6,QZ_HYBRID,0
0.1661402959980478,6,QZ_HYBRID,0
0.13945262799825286,6,QZ_HYBRID,0
0.13485052900068695,6,QZ_HYBRID,0
0.14282772300066426,6,QZ_HYBRID,0
0.14576288199896226,6,QZ_HYBRID,0
0.16195416499977,6,QZ_HYBRID,0
0.1280440529990301,6,QZ_HYBRID,0
0.12650130499969237,6,QZ_HYBRID,0
0.14230634799969266,6,QZ_HYBRID,0
0.17174306500237435,6,QZ_HYBRID,0
0.15429386599862482,6,QZ_HYBRID,0
0.12175927099815453,6,QZ_HYBRID,0
0.15900201199838193,6,QZ_HYBRID,0
0.12036004200126627,6,QZ_HYBRID,0
0.11362031700264197,6,QZ_HYBRID,0
0.16424772599930293,6,QZ_HYBRID,0
0.11615864700070233,6,QZ_HYBRID,0
0.1302909899968654,6,QZ_HYBRID,0
0.12204845400265185,6,QZ_HYBRID,0
0.13234602499869652,6,QZ_HYBRID,0
0.1807855670012941,6,QZ_HYBRID,0
0.11944535699876724,6,QZ_HYBRID,0
0.16366638299950864,6,QZ_HYBRID,0
0.10810711700105458,6,QZ_HYBRID,0
0.1417985090010916,6,QZ_HYBRID,0
0.16741056500177365,6,QZ_HYBRID,0
0.11405141999784973,6,QZ_HYBRID,0
0.1520366250006191,6,QZ_HYBRID,0
0.11525797700232943,6,QZ_HYBRID,0
0.11565650400007144,6,QZ_HYBRID,0
0.13577007899948512,6,QZ_HYBRID,0
0.11513080900112982,6,QZ_HYBRID,0
0.13795093699809513,6,QZ_HYBRID,0
0.14388804000191158,6,QZ_HYBRID,0
0.17039090899925213,6,QZ_HYBRID,0
0.1534001399995759,6,QZ_HYBRID,0
0.15628883599856636,6,QZ_HYBRID,0
0.15092373200241127,6,QZ_HYBRID,0
0.1451518119974935,6,QZ_HYBRID,0
0.1412932310013275,6,QZ_HYBRID,0
0.15168235300006927,6,QZ_HYBRID,0
0.1315974829994957,6,QZ_HYBRID,0
0.1342643229982059,6,QZ_HYBRID,0
0.14992418300244026,6,QZ_HYBRID,0
0.13740380200033542,6,QZ_HYBRID,0
0.11412633200234268,6,QZ_HYBRID,0
0.16518804299994372,6,QZ_HYBRID,0
0.10786545399969327,6,QZ_HYBRID,0
0.12122051999904215,6,QZ_HYBRID,0
0.13960024300104124,6,QZ_HYBRID,0
0.13259863200073596,6,QZ_HYBRID,0
0.13232304900157033,6,QZ_HYBRID,0
0.13862763900033315,6,QZ_HYBRID,0
0.12619212199933827,6,QZ_HYBRID,0
0.14859109800090664,6,QZ_HYBRID,0
0.134903680998832,6,QZ_HYBRID,0
0.13938360400061356,6,QZ_HYBRID,0
0.14013611499831313,6,QZ_HYBRID,0
0.10913668300054269,6,QZ_HYBRID,0
0.12783867699909024,6,QZ_HYBRID,0
0.13041850999798044,6,QZ_HYBRID,0
0.14057780900111538,6,QZ_HYBRID,0
0.13395552399742883,6,QZ_HYBRID,0
0.1425871469982667,6,QZ_HYBRID,0
0.141953389000264,6,QZ_HYBRID,0
0.12718335099998512,6,QZ_HYBRID,0
0.13266368699987652,6,QZ_HYBRID,0
0.13672822000080487,6,QZ_HYBRID,0
0.14495814799738582,6,QZ_HYBRID,0
0.14274385099997744,6,QZ_HYBRID,0
0.14123540799846523,6,QZ_HYBRID,0
0.15804118400046718,6,QZ_HYBRID,0
0.1418321420023858,6,QZ_HYBRID,0
0.14650412799892365,6,QZ_HYBRID,0
0.1366043810012343,6,QZ_HYBRID,0
0.18567000099938014,6,QZ_HYBRID,0
0.19322853899939219,6,QZ_HYBRID,0
0.18803389899767353,6,QZ_HYBRID,0
0.18000153799948748,6,QZ_HYBRID,0
0.14942076000079396,6,QZ_HYBRID,0
0.12836242000048514,6,QZ_HYBRID,0
0.16038136800125358,6,QZ_HYBRID,0
0.13006833499821369,6,QZ_HYBRID,0
0.11079802200038102,6,QZ_HYBRID,0
0.13456688199948985,6,QZ_HYBRID,0
0.15748531299686874,6,QZ_HYBRID,0
0.13582518299881485,6,QZ_HYBRID,0
0.1257158350017562,6,QZ_HYBRID,0
0.12714831099947332,6,QZ_HYBRID,0
0.11369542100146646,6,QZ_HYBRID,0
0.1358323830027075,6,QZ_HYBRID,0
0.11969242800114444,6,QZ_HYBRID,0
0.12272422800015192,6,QZ_HYBRID,0
0.1243047989992192,6,QZ_HYBRID,0
0.11456306699983543,6,QZ_HYBRID,0
0.12941675200272584,6,QZ_HYBRID,0
0.12696792800124967,6,QZ_HYBRID,0
0.1868791489978321,6,QZ_HYBRID,0
0.17015983699820936,6,QZ_HYBRID,0
0.13715618699643528,6,QZ_HYBRID,0
0.1313772270004847,6,QZ_HYBRID,0
0.1211405840003863,6,QZ_HYBRID,0
0.15962690700325766,6,QZ_HYBRID,0
0.11780725000062375,6,QZ_HYBRID,0
0.11494290599875967,6,QZ_HYBRID,0
0.15040216499983217,6,QZ_HYBRID,0
0.15430148200175609,6,QZ_HYBRID,0
0.15017112600253313,6,QZ_HYBRID,0
0.15900518100170302,6,QZ_HYBRID,0
0.14905554500001017,6,QZ_HYBRID,0
0.1400113470008364,6,QZ_HYBRID,0
0.10680900899751578,6,QZ_HYBRID,0
0.1138290210001287,6,QZ_HYBRID,0
0.13869166999938898,6,QZ_HYBRID,0
0.1656359459993837,6,QZ_HYBRID,0
0.11333804699825123,6,QZ_HYBRID,0
0.11194345799958683,6,QZ_HYBRID,0
0.13312528599999496,6,QZ_HYBRID,0
0.15374186799817835,6,QZ_HYBRID,0
0.14949951200105716,6,QZ_HYBRID,0
0.13312541400227929,6,QZ_HYBRID,0
0.15477031300179078,6,QZ_HYBRID,0
0.1514074740007345,6,QZ_HYBRID,0
0.13567078299820423,6,QZ_HYBRID,0
0.13887534999958007,6,QZ_HYBRID,0
0.16017087300133426,6,QZ_HYBRID,0
0.1617189970020263,6,QZ_HYBRID,0
0.15834108700073557,6,QZ_HYBRID,0
0.1272682469971187,6,QZ_HYBRID,0
0.1132634550012881,6,QZ_HYBRID,0
0.1368512919980276,6,QZ_HYBRID,0
0.11540181700183894,6,QZ_HYBRID,0
0.17467166400092538,6,QZ_HYBRID,0
0.17316165300144348,6,QZ_HYBRID,0
0.17184178400202654,6,QZ_HYBRID,0
0.13173799400101416,6,QZ_HYBRID,0
0.1304683659982402,6,QZ_HYBRID,0
0.1512006589982775,6,QZ_HYBRID,0
0.1099795920017641,6,QZ_HYBRID,0
0.1227866270019149,6,QZ_HYBRID,0
0.15070312399984687,6,QZ_HYBRID,0
0.15121006700064754,6,QZ_HYBRID,0
0.15659721900010481,6,QZ_HYBRID,0
0.14996693400098593,6,QZ_HYBRID,0
0.1416926860001695,6,QZ_HYBRID,0
0.15490784800203983,6,QZ_HYBRID,0
0.14625315299781505,6,QZ_HYBRID,0
0.14899128899924108,6,QZ_HYBRID,0
0.14880876200186322,6,QZ_HYBRID,0
0.140061201997014,6,QZ_HYBRID,0
0.1282226119983534,6,QZ_HYBRID,0
0.13292144699880737,6,QZ_HYBRID,0
0.1262297219982429,6,QZ_HYBRID,0
0.14191175700034364,6,QZ_HYBRID,0
0.11588891899737064,6,QZ_HYBRID,0
0.12209091700060526,6,QZ_HYBRID,0
0.15543501499996637,6,QZ_HYBRID,0
0.12322032200245303,6,QZ_HYBRID,0
0.1387614619998203,6,QZ_HYBRID,0
0.15173000199865783,6,QZ_HYBRID,0
0.15501962400230695,6,QZ_HYBRID,0
0.14946988000156125,6,QZ_HYBRID,0
0.13470992200018372,6,QZ_HYBRID,0
0.1495756389995222,6,QZ_HYBRID,0
0.143801064001309,6,QZ_HYBRID,0
0.1522989270015387,6,QZ_HYBRID,0
0.12765243799731252,6,QZ_HYBRID,0
0.131092779996834,6,QZ_HYBRID,0
0.15666835500087473,6,QZ_HYBRID,0
0.1484950990015932,6,QZ_HYBRID,0
0.1407750889993622,6,QZ_HYBRID,0
0.1243041589987115,6,QZ_HYBRID,0
0.1306015500013018,6,QZ_HYBRID,0
0.13009028699889313,6,QZ_HYBRID,0
0.12874773099974846,6,QZ_HYBRID,0
0.12776690099781263,6,QZ_HYBRID,0
0.13705401200058986,6,QZ_HYBRID,0
0.15074533199731377,6,QZ_HYBRID,0
0.13561372800177196,6,QZ_HYBRID,0
0.14823884299767087,6,QZ_HYBRID,0
0.16181934799897135,6,QZ_HYBRID,0
0.12493119699865929,6,QZ_HYBRID,0
0.14367892000154825,6,QZ_HYBRID,0
0.2145255349969375,8,QZ_HYBRID,0
0.2014805479993811,8,QZ_HYBRID,0
0.18183935599881806,8,QZ_HYBRID,0
0.1694093120022444,8,QZ_HYBRID,0
0.15356961299767136,8,QZ_HYBRID,0
0.20378713399986736,8,QZ_HYBRID,0
0.23862402699887753,8,QZ_HYBRID,0
0.21465295899906778,8,QZ_HYBRID,0
0.19537269399734214,8,QZ_HYBRID,0
0.1872902199975215,8,QZ_HYBRID,0
0.202011618999677,8,QZ_HYBRID,0
0.17747421699823462,8,QZ_HYBRID,0
0.17215138299798127,8,QZ_HYBRID,0
0.18139071699988563,8,QZ_HYBRID,0
0.18743393200202263,8,QZ_HYBRID,0
0.17009922999932314,8,QZ_HYBRID,0
0.1793263069994282,8,QZ_HYBRID,0
0.19287612499829265,8,QZ_HYBRID,0
0.2136993940002867,8,QZ_HYBRID,0
0.21801406899976428,8,QZ_HYBRID,0
0.20096874199953163,8,QZ_HYBRID,0
0.17996764899726259,8,QZ_HYBRID,0
0.16768682000110857,8,QZ_HYBRID,0
0.1980084300012095,8,QZ_HYBRID,0
0.18303877699872828,8,QZ_HYBRID,0
0.14811033200021484,8,QZ_HYBRID,0
0.16157157400084543,8,QZ_HYBRID,0
0.16089163899960113,8,QZ_HYBRID,0
0.19330153099872405,8,QZ_HYBRID,0
0.16412458999911905,8,QZ_HYBRID,0
0.19350265100001707,8,QZ_HYBRID,0
0.22155005899912794,8,QZ_HYBRID,0
0.23047745800067787,8,QZ_HYBRID,0
0.1606343920029758,8,QZ_HYBRID,0
0.21249616500062984,8,QZ_HYBRID,0
0.1598883789993124,8,QZ_HYBRID,0
0.2553467960024136,8,QZ_HYBRID,0
0.1994495460021426,8,QZ_HYBRID,0
0.21556300399970496,8,QZ_HYBRID,0
0.1496409510000376,8,QZ_HYBRID,0
0.23631737699906807,8,QZ_HYBRID,0
0.2061051429991494,8,QZ_HYBRID,0
0.23736716599887586,8,QZ_HYBRID,0
0.17328120399906766,8,QZ_HYBRID,0
0.21357331400213297,8,QZ_HYBRID,0
0.18634567900153343,8,QZ_HYBRID,0
0.22052964599788538,8,QZ_HYBRID,0
0.21857422800167114,8,QZ_HYBRID,0
0.2078789620027237,8,QZ_HYBRID,0
0.22217725799782784,8,QZ_HYBRID,0
0.20722168399879592,8,QZ_HYBRID,0
0.20648885400078143,8,QZ_HYBRID,0
0.19718702499812935,8,QZ_HYBRID,0
0.193710938001459,8,QZ_HYBRID,0
0.20900398300000234,8,QZ_HYBRID,0
0.1695282219989167,8,QZ_HYBRID,0
0.21634194600119372,8,QZ_HYBRID,0
0.1731343889987329,8,QZ_HYBRID,0
0.1687609290020191,8,QZ_HYBRID,0
0.21743093500117538,8,QZ_HYBRID,0
0.20845393600029638,8,QZ_HYBRID,0
0.21718367200082866,8,QZ_HYBRID,0
0.20457253899803618,8,QZ_HYBRID,0
0.19982061700284248,8,QZ_HYBRID,0
0.185958448000747,8,QZ_HYBRID,0
0.16173493300084374,8,QZ_HYBRID,0
0.19458786400355166,8,QZ_HYBRID,0
0.19618622699999833,8,QZ_HYBRID,0
0.20848286500040558,8,QZ_HYBRID,0
0.1889820559990767,8,QZ_HYBRID,0
0.19082912200246938,8,QZ_HYBRID,0
0.20191542700194987,8,QZ_HYBRID,0
0.19856113299829303,8,QZ_HYBRID,0
0.22481286599941086,8,QZ_HYBRID,0
0.18797943500248948,8,QZ_HYBRID,0
0.19034669200118515,8,QZ_HYBRID,0
0.23404189600114478,8,QZ_HYBRID,0
0.2171161199985363,8,QZ_HYBRID,0
0.2626558629999636,8,QZ_HYBRID,0
0.2176079579985526,8,QZ_HYBRID,0
0.21441574399796082,8,QZ_HYBRID,0
0.22009662400159868,8,QZ_HYBRID,0
0.1878506989996822,8,QZ_HYBRID,0
0.18695377400217694,8,QZ_HYBRID,0
0.22008036699844524,8,QZ_HYBRID,0
0.2207550530001754,8,QZ_HYBRID,0
0.1892277830011153,8,QZ_HYBRID,0
0.18412402199828648,8,QZ_HYBRID,0
0.17994192200058023,8,QZ_HYBRID,0
0.16914764800094417,8,QZ_HYBRID,0
0.1810924779965717,8,QZ_HYBRID,0
0.18345234300068114,8,QZ_HYBRID,0
0.17755245599983027,8,QZ_HYBRID,0
0.15927686000213725,8,QZ_HYBRID,0
0.19301487600023393,8,QZ_HYBRID,0
0.2110765219986206,8,QZ_HYBRID,0
0.20784549100062577,8,QZ_HYBRID,0
0.16479476500171586,8,QZ_HYBRID,0
0.20184345899906475,8,QZ_HYBRID,0
0.18257209000148578,8,QZ_HYBRID,0
0.1868531649997749,8,QZ_HYBRID,0
0.17822739799885312,8,QZ_HYBRID,0
0.16414231800081325,8,QZ_HYBRID,0
0.18707265299963183,8,QZ_HYBRID,0
0.16198309199899086,8,QZ_HYBRID,0
0.198960588000773,8,QZ_HYBRID,0
0.1937831620016368,8,QZ_HYBRID,0
0.20367670199993881,8,QZ_HYBRID,0
0.1699847010022495,8,QZ_HYBRID,0
0.22797055300179636,8,QZ_HYBRID,0
0.19737998399796197,8,QZ_HYBRID,0
0.1681373790015641,8,QZ_HYBRID,0
0.19232275000103982,8,QZ_HYBRID,0
0.1536658359982539,8,QZ_HYBRID,0
0.2473215070021979,8,QZ_HYBRID,0
0.16298696100056986,8,QZ_HYBRID,0
0.18272728900046786,8,QZ_HYBRID,0
0.1943492399987008,8,QZ_HYBRID,0
0.16905264099841588,8,QZ_HYBRID,0
0.23115057600080036,8,QZ_HYBRID,0
0.16410446200097795,8,QZ_HYBRID,0
0.18273026500173728,8,QZ_HYBRID,0
0.14769554900340154,8,QZ_HYBRID,0
0.2044906519986398,8,QZ_HYBRID,0
0.1630063529992185,8,QZ_HYBRID,0
0.21716280799955712,8,QZ_HYBRID,0
0.22388925199993537,8,QZ_HYBRID,0
0.2065475419985887,8,QZ_HYBRID,0
0.21493971000018064,8,QZ_HYBRID,0
0.21272918799877516,8,QZ_HYBRID,0
0.1696679340020637,8,QZ_HYBRID,0
0.19056429199918057,8,QZ_HYBRID,0
0.19981079299759585,8,QZ_HYBRID,0
0.23904853799831471,8,QZ_HYBRID,0
0.23479610200229217,8,QZ_HYBRID,0
0.2631473490000644,8,QZ_HYBRID,0
0.19024915599948145,8,QZ_HYBRID,0
0.2180406609986676,8,QZ_HYBRID,0
0.24229272000229685,8,QZ_HYBRID,0
0.1943744570016861,8,QZ_HYBRID,0
0.18565595299878623,8,QZ_HYBRID,0
0.16327118499975768,8,QZ_HYBRID,0
0.21748149499762803,8,QZ_HYBRID,0
0.17989222499818425,8,QZ_HYBRID,0
0.1874933239996608,8,QZ_HYBRID,0
0.22403824499997427,8,QZ_HYBRID,0
0.2102205880000838,8,QZ_HYBRID,0
0.19717320000199834,8,QZ_HYBRID,0
0.1992900910008757,8,QZ_HYBRID,0
0.19630075500026578,8,QZ_HYBRID,0
0.21430297600090853,8,QZ_HYBRID,0
0.1980315660002816,8,QZ_HYBRID,0
0.2176105180005834,8,QZ_HYBRID,0
0.19474722299855785,8,QZ_HYBRID,0
0.16320558499865,8,QZ_HYBRID,0
0.2112702159975015,8,QZ_HYBRID,0
0.20402086100148153,8,QZ_HYBRID,0
0.2220416739983193,8,QZ_HYBRID,0
0.21930052899915609,8,QZ_HYBRID,0
0.2114400079990446,8,QZ_HYBRID,0
0.1879613220007741,8,QZ_HYBRID,0
0.16837993800072582,8,QZ_HYBRID,0
0.2157974670008116,8,QZ_HYBRID,0
0.18608683200000087,8,QZ_HYBRID,0
0.19493432699891855,8,QZ_HYBRID,0
0.214412256002106,8,QZ_HYBRID,0
0.18648372699681204,8,QZ_HYBRID,0
0.17451892900135135,8,QZ_HYBRID,0
0.1964124020014424,8,QZ_HYBRID,0
0.19842167700335267,8,QZ_HYBRID,0
0.19351420300154132,8,QZ_HYBRID,0
0.2142954880000616,8,QZ_HYBRID,0
0.20693320500140544,8,QZ_HYBRID,0
0.2197091999987606,8,QZ_HYBRID,0
0.15369153099891264,8,QZ_HYBRID,0
0.18591403200116474,8,QZ_HYBRID,0
0.2314823510023416,8,QZ_HYBRID,0
0.18860087299981387,8,QZ_HYBRID,0
0.18512955499681993,8,QZ_HYBRID,0
0.21584879500005627,8,QZ_HYBRID,0
0.15372874699824024,8,QZ_HYBRID,0
0.1898766769991198,8,QZ_HYBRID,0
0.19284978900032002,8,QZ_HYBRID,0
0.20585573599964846,8,QZ_HYBRID,0
0.18987334900157293,8,QZ_HYBRID,0
0.183377304001624,8,QZ_HYBRID,0
0.17169944899796974,8,QZ_HYBRID,0
0.18052223999984562,8,QZ_HYBRID,0
0.16658666299917968,8,QZ_HYBRID,0
0.20867700800226885,8,QZ_HYBRID,0
0.23733331100083888,8,QZ_HYBRID,0
0.22312387899728492,8,QZ_HYBRID,0
0.19683870500011835,8,QZ_HYBRID,0
0.17214335199969355,8,QZ_HYBRID,0
0.17669204300182173,8,QZ_HYBRID,0
0.19485336700017797,8,QZ_HYBRID,0
0.21258294899962493,8,QZ_HYBRID,0
0.16449178900074912,8,QZ_HYBRID,0
0.20047875899763312,8,QZ_HYBRID,0
0.2223772569996072,8,QZ_HYBRID,0
0.2814971220032021,10,QZ_HYBRID,0
0.21746527099821833,10,QZ_HYBRID,0
0.2742278939986136,10,QZ_HYBRID,0
0.2647950889986532,10,QZ_HYBRID,0
0.28479419999712263,10,QZ_HYBRID,0
0.2909174140004325,10,QZ_HYBRID,0
0.30208247100017616,10,QZ_HYBRID,0
0.23877237800115836,10,QZ_HYBRID,0
0.2674535769983777,10,QZ_HYBRID,0
0.22568784000031883,10,QZ_HYBRID,0
0.362790106999455,10,QZ_HYBRID,0
0.24647856500087073,10,QZ_HYBRID,0
0.26472932799879345,10,QZ_HYBRID,0
0.2662116610008525,10,QZ_HYBRID,0
0.23627766500067082,10,QZ_HYBRID,0
0.23592080300295493,10,QZ_HYBRID,0
0.33827363200180116,10,QZ_HYBRID,0
0.3585139259994321,10,QZ_HYBRID,0
0.31255626500205835,10,QZ_HYBRID,0
0.30660015499961446,10,QZ_HYBRID,0
0.30450963199837133,10,QZ_HYBRID,0
0.32660992100136355,10,QZ_HYBRID,0
0.2398066479981935,10,QZ_HYBRID,0
0.2228104709975014,10,QZ_HYBRID,0
0.23889877799956594,10,QZ_HYBRID,0
0.26877315700039617,10,QZ_HYBRID,0
0.2711276150002959,10,QZ_HYBRID,0
0.29626904699762235,10,QZ_HYBRID,0
0.28872407599919825,10,QZ_HYBRID,0
0.2728381380002247,10,QZ_HYBRID,0
0.2625446310012194,10,QZ_HYBRID,0
0.2682860870008881,10,QZ_HYBRID,0
0.26916006799729075,10,QZ_HYBRID,0
0.2521480840005097,10,QZ_HYBRID,0
0.26895661299931817,10,QZ_HYBRID,0
0.25476026899923454,10,QZ_HYBRID,0
0.2422912809997797,10,QZ_HYBRID,0
0.27249228300206596,10,QZ_HYBRID,0
0.23845109999820124,10,QZ_HYBRID,0
0.2803751720020955,10,QZ_HYBRID,0
0.27054579200193984,10,QZ_HYBRID,0
0.2645205939988955,10,QZ_HYBRID,0
0.228801334000309,10,QZ_HYBRID,0
0.25037215299744275,10,QZ_HYBRID,0
0.2356907549983589,10,QZ_HYBRID,0
0.21508719799749088,10,QZ_HYBRID,0
0.26672212300036335,10,QZ_HYBRID,0
0.26234287199986284,10,QZ_HYBRID,0
0.23846911500004353,10,QZ_HYBRID,0
0.24431242699938593,10,QZ_HYBRID,0
0.23503738100043847,10,QZ_HYBRID,0
0.24734307399921818,10,QZ_HYBRID,0
0.2522665800024697,10,QZ_HYBRID,0
0.2748496200001682,10,QZ_HYBRID,0
0.22696085999996285,10,QZ_HYBRID,0
0.3007887470012065,10,QZ_HYBRID,0
0.2995451660026447,10,QZ_HYBRID,0
0.28382060199874104,10,QZ_HYBRID,0
0.2662068290010211,10,QZ_HYBRID,0
0.29142227699776413,10,QZ_HYBRID,0
0.2618843449999986,10,QZ_HYBRID,0
0.28676833800273016,10,QZ_HYBRID,0
0.2909615419994225,10,QZ_HYBRID,0
0.21618617099738913,10,QZ_HYBRID,0
0.2742402450021473,10,QZ_HYBRID,0
0.2107373219987494,10,QZ_HYBRID,0
0.23761571000068216,10,QZ_HYBRID,0
0.28277983800217044,10,QZ_HYBRID,0
0.2276939140028844,10,QZ_HYBRID,0
0.29872964800233603,10,QZ_HYBRID,0
0.28028051599903847,10,QZ_HYBRID,0
0.3412341360017308,10,QZ_HYBRID,0
0.30972420899706776,10,QZ_HYBRID,0
0.27894704900245415,10,QZ_HYBRID,0
0.233037609999883,10,QZ_HYBRID,0
0.30751215200143633,10,QZ_HYBRID,0
0.2859442129993113,10,QZ_HYBRID,0
0.3082581329981622,10,QZ_HYBRID,0
0.27684263799892506,10,QZ_HYBRID,0
0.23845490800158586,10,QZ_HYBRID,0
0.2729919929988682,10,QZ_HYBRID,0
0.21834142900115694,10,QZ_HYBRID,0
0.31393901300180005,10,QZ_HYBRID,0
0.3558927820013196,10,QZ_HYBRID,0
0.2784281700005522,10,QZ_HYBRID,0
0.3068961219978519,10,QZ_HYBRID,0
0.32282497200139915,10,QZ_HYBRID,0
0.29564376899725175,10,QZ_HYBRID,0
0.2672038499986229,10,QZ_HYBRID,0
0.27297810500022024,10,QZ_HYBRID,0
0.2498899789970892,10,QZ_HYBRID,0
0.25408868700105813,10,QZ_HYBRID,0
0.29163360399979865,10,QZ_HYBRID,0
0.30161511200276436,10,QZ_HYBRID,0
0.20110592499986524,10,QZ_HYBRID,0
0.317354107999563,10,QZ_HYBRID,0
0.20526863299892284,10,QZ_HYBRID,0
0.2713141739986895,10,QZ_HYBRID,0
0.24540231200080598,10,QZ_HYBRID,0
0.23843503599709948,10,QZ_HYBRID,0
0.21935230500093894,10,QZ_HYBRID,0
0.23178532699967036,10,QZ_HYBRID,0
0.22557139199852827,10,QZ_HYBRID,0
0.28279551699961303,10,QZ_HYBRID,0
0.2510566640012257,10,QZ_HYBRID,0
0.2573661819988047,10,QZ_HYBRID,0
0.34267515600004117,10,QZ_HYBRID,0
0.19583717299974523,10,QZ_HYBRID,0
0.3103387989976909,10,QZ_HYBRID,0
0.22660975699909613,10,QZ_HYBRID,0
0.26331349199972465,10,QZ_HYBRID,0
0.29581311200308846,10,QZ_HYBRID,0
0.35408817999996245,10,QZ_HYBRID,0
0.36253436299739406,10,QZ_HYBRID,0
0.24622752599680098,10,QZ_HYBRID,0
0.3350949209998362,10,QZ_HYBRID,0
0.31134634900081437,10,QZ_HYBRID,0
0.23829356300120708,10,QZ_HYBRID,0
0.2351604840005166,10,QZ_HYBRID,0
0.29615234399898327,10,QZ_HYBRID,0
0.22166941899922676,10,QZ_HYBRID,0
0.23966200799986837,10,QZ_HYBRID,0
0.2659723329998087,10,QZ_HYBRID,0
0.22449424300066312,10,QZ_HYBRID,0
0.2936806709985831,10,QZ_HYBRID,0
0.2959290159997181,10,QZ_HYBRID,0
0.2832795799986343,10,QZ_HYBRID,0
0.27624436800033436,10,QZ_HYBRID,0
0.2692869479978981,10,QZ_HYBRID,0
0.28525086999798077,10,QZ_HYBRID,0
0.2751012680018903,10,QZ_HYBRID,0
0.23229015700053424,10,QZ_HYBRID,0
0.22637171000314993,10,QZ_HYBRID,0
0.2841309379982704,10,QZ_HYBRID,0
0.2803429479972692,10,QZ_HYBRID,0
0.27632779099803884,10,QZ_HYBRID,0
0.2751155389996711,10,QZ_HYBRID,0
0.29337366400068277,10,QZ_HYBRID,0
0.2861979720000818,10,QZ_HYBRID,0
0.25791485299851047,10,QZ_HYBRID,0
0.25722711100024753,10,QZ_HYBRID,0
0.254996907999157,10,QZ_HYBRID,0
0.2540374869968218,10,QZ_HYBRID,0
0.2695270430012897,10,QZ_HYBRID,0
0.27295919400057755,10,QZ_HYBRID,0
0.25751424500049325,10,QZ_HYBRID,0
0.2593568640004378,10,QZ_HYBRID,0
0.27962730299987015,10,QZ_HYBRID,0
0.2841966339983628,10,QZ_HYBRID,0
0.29422809300012887,10,QZ_HYBRID,0
0.2635087560011016,10,QZ_HYBRID,0
0.2726544910001394,10,QZ_HYBRID,0
0.2509576560005371,10,QZ_HYBRID,0
0.25607476200093515,10,QZ_HYBRID,0
0.24370356399958837,10,QZ_HYBRID,0
0.24530874300035066,10,QZ_HYBRID,0
0.23720163100006175,10,QZ_HYBRID,0
0.2265029730006063,10,QZ_HYBRID,0
0.2764056479973078,10,QZ_HYBRID,0
0.2992600150028011,10,QZ_HYBRID,0
0.29901668800084735,10,QZ_HYBRID,0
0.2963283760000195,10,QZ_HYBRID,0
0.25837894700089237,10,QZ_HYBRID,0
0.3069873530002951,10,QZ_HYBRID,0
0.2811484189987823,10,QZ_HYBRID,0
0.24149953799860668,10,QZ_HYBRID,0
0.301412105000054,10,QZ_HYBRID,0
0.28553125400139834,10,QZ_HYBRID,0
0.2848837999990792,10,QZ_HYBRID,0
0.28002755700072157,10,QZ_HYBRID,0
0.3000724609992176,10,QZ_HYBRID,0
0.26770634400236304,10,QZ_HYBRID,0
0.23561229099868797,10,QZ_HYBRID,0
0.31043015899922466,10,QZ_HYBRID,0
0.23833273199852556,10,QZ_HYBRID,0
0.23348797800281318,10,QZ_HYBRID,0
0.289982088997931,10,QZ_HYBRID,0
0.26723431299978984,10,QZ_HYBRID,0
0.24531620000198018,10,QZ_HYBRID,0
0.27478331699967384,10,QZ_HYBRID,0
0.20855588799895486,10,QZ_HYBRID,0
0.281250338000973,10,QZ_HYBRID,0
0.3067444410007738,10,QZ_HYBRID,0
0.2908541830001923,10,QZ_HYBRID,0
0.28571477299919934,10,QZ_HYBRID,0
0.27454514100099914,10,QZ_HYBRID,0
0.2693972519991803,10,QZ_HYBRID,0
0.2770463819979341,10,QZ_HYBRID,0
0.2518861009993998,10,QZ_HYBRID,0
0.3162555499984592,10,QZ_HYBRID,0
0.2632028049993096,10,QZ_HYBRID,0
0.26805962399885175,10,QZ_HYBRID,0
0.29677682100009406,10,QZ_HYBRID,0
0.2924627860011242,10,QZ_HYBRID,0
0.2810736020001059,10,QZ_HYBRID,0
0.2340522000013152,10,QZ_HYBRID,0
0.2783431780007959,10,QZ_HYBRID,0
0.294079742001486,10,QZ_HYBRID,0
0.2541779029997997,10,QZ_HYBRID,0
0.2609353879997798,10,QZ_HYBRID,0
