0.3203646909969393,20,GPU_HYBRID,0
0.04527334299928043,4,GPU_HYBRID,0
0.045900094002718106,4,GPU_HYBRID,0
0.04245200800141902,4,GPU_HYBRID,0
0.04411552199962898,4,GPU_HYBRID,0
0.042634150999219855,4,GPU_HYBRID,0
0.04564982300144038,4,GPU_HYBRID,0
0.03252688299835427,4,GPU_HYBRID,0
0.04446278599789366,4,GPU_HYBRID,0
0.0421474959985062,4,GPU_HYBRID,0
0.03574629800277762,4,GPU_HYBRID,0
0.040869963999284664,4,GPU_HYBRID,0
0.04344128400043701,4,GPU_HYBRID,0
0.03383699199912371,4,GPU_HYBRID,0
0.04654044299968518,4,GPU_HYBRID,0
0.03980193499955931,4,GPU_HYBRID,0
0.0365840880003816,4,GPU_HYBRID,0
0.04567817399947671,4,GPU_HYBRID,0
0.044998753000982106,4,GPU_HYBRID,0
0.057302844998048386,4,GPU_HYBRID,0
0.04820863100030692,4,GPU_HYBRID,0
0.06265482999879168,4,GPU_HYBRID,0
0.0494670589978341,4,GPU_HYBRID,0
0.04236372000013944,4,GPU_HYBRID,0
0.05261505000089528,4,GPU_HYBRID,0
0.04539161499997135,4,GPU_HYBRID,0
0.059926934001850896,4,GPU_HYBRID,0
0.05077732800054946,4,GPU_HYBRID,0
0.04699423499914701,4,GPU_HYBRID,0
0.03190167000138899,4,GPU_HYBRID,0
0.03942606399868964,4,GPU_HYBRID,0
0.04421942599947215,4,GPU_HYBRID,0
0.045690141996601596,4,GPU_HYBRID,0
0.04496867199850385,4,GPU_HYBRID,0
0.05292727399864816,4,GPU_HYBRID,0
0.04512153600080637,4,GPU_HYBRID,0
0.034612190000189,4,GPU_HYBRID,0
0.046050525001192,4,GPU_HYBRID,0
0.03919038399908459,4,GPU_HYBRID,0
0.04337222899994231,4,GPU_HYBRID,0
0.04521203200056334,4,GPU_HYBRID,0
0.05054046499935794,4,GPU_HYBRID,0
0.045617599000252085,4,GPU_HYBRID,0
0.042268167999282014,4,GPU_HYBRID,0
0.04294899799788254,4,GPU_HYBRID,0
0.042781029998877784,4,GPU_HYBRID,0
0.05408202199760126,4,GPU_HYBRID,0
0.03883400199993048,4,GPU_HYBRID,0
0.038038740000047255,4,GPU_HYBRID,0
0.03414559899829328,4,GPU_HYBRID,0
0.04416029100320884,4,GPU_HYBRID,0
0.052349516001413576,4,GPU_HYBRID,0
0.045812926000508014,4,GPU_HYBRID,0
0.039499022997915745,4,GPU_HYBRID,0
0.036784503998205764,4,GPU_HYBRID,0
0.03984478300117189,4,GPU_HYBRID,0
0.04190567299883696,4,GPU_HYBRID,0
0.04014628599907155,4,GPU_HYBRID,0
0.03622866500154487,4,GPU_HYBRID,0
0.043442436999612255,4,GPU_HYBRID,0
0.0450174399993557,4,GPU_HYBRID,0
0.04356893300064257,4,GPU_HYBRID,0
0.042677127003116766,4,GPU_HYBRID,0
0.04834485500032315,4,GPU_HYBRID,0
0.04620450899892603,4,GPU_HYBRID,0
0.04459024199968553,4,GPU_HYBRID,0
0.05045867299850215,4,GPU_HYBRID,0
0.04788197599918931,4,GPU_HYBRID,0
0.04835653400004958,4,GPU_HYBRID,0
0.045789661999151576,4,GPU_HYBRID,0
0.04823368700090214,4,GPU_HYBRID,0
0.0399157270003343,4,GPU_HYBRID,0
0.045636351002031006,4,GPU_HYBRID,0
0.04875397299838369,4,GPU_HYBRID,0
0.05580016200110549,4,GPU_HYBRID,0
0.04692588300167699,4,GPU_HYBRID,0
0.046129820999340154,4,GPU_HYBRID,0
0.04829218299710192,4,GPU_HYBRID,0
0.04914197199832415,4,GPU_HYBRID,0
0.05622409599891398,4,GPU_HYBRID,0
0.04731906600136426,4,GPU_HYBRID,0
0.06169166499967105,4,GPU_HYBRID,0
0.043630211999698076,4,GPU_HYBRID,0
0.046123804997478146,4,GPU_HYBRID,0
0.044568032997631235,4,GPU_HYBRID,0
0.0347675499979232,4,GPU_HYBRID,0
0.04560399899855838,4,GPU_HYBRID,0
0.04046654100238811,4,GPU_HYBRID,0
0.04741065000052913,4,GPU_HYBRID,0
0.03610053700322169,4,GPU_HYBRID,0
0.04055246099960641,4,GPU_HYBRID,0
0.04681001099743298,4,GPU_HYBRID,0
0.043722020000132034,4,GPU_HYBRID,0
0.04211559299801593,4,GPU_HYBRID,0
0.04170788199917297,4,GPU_HYBRID,0
0.04194887300036498,4,GPU_HYBRID,0
0.04255741499946453,4,GPU_HYBRID,0
0.041976808999606874,4,GPU_HYBRID,0
0.04531766400032211,4,GPU_HYBRID,0
0.04138071499983198,4,GPU_HYBRID,0
0.034614014002727345,4,GPU_HYBRID,0
0.042155528000876075,4,GPU_HYBRID,0
0.04568876700068358,4,GPU_HYBRID,0
0.05686178999894764,4,GPU_HYBRID,0
0.04795336799725192,4,GPU_HYBRID,0
0.04548527900260524,4,GPU_HYBRID,0
0.06651299500299501,4,GPU_HYBRID,0
0.05472237199865049,4,GPU_HYBRID,0
0.044118883000919595,4,GPU_HYBRID,0
0.03470649399969261,4,GPU_HYBRID,0
0.04043460500179208,4,GPU_HYBRID,0
0.05233396399853518,4,GPU_HYBRID,0
0.03345689699926879,4,GPU_HYBRID,0
0.039236176002305,4,GPU_HYBRID,0
0.0485124699989683,4,GPU_HYBRID,0
0.04718434599999455,4,GPU_HYBRID,0
0.056430944001476746,4,GPU_HYBRID,0
0.049615314997936366,4,GPU_HYBRID,0
0.05275226600133465,4,GPU_HYBRID,0
0.04510899200249696,4,GPU_HYBRID,0
0.07079035899732844,4,GPU_HYBRID,0
0.05017236999992747,4,GPU_HYBRID,0
0.057119198001601035,4,GPU_HYBRID,0
0.03675608800040209,4,GPU_HYBRID,0
0.03835243499997887,4,GPU_HYBRID,0
0.04318944599799579,4,GPU_HYBRID,0
0.04162327299854951,4,GPU_HYBRID,0
0.040577517000201624,4,GPU_HYBRID,0
0.04440633800186333,4,GPU_HYBRID,0
0.04887912499907543,4,GPU_HYBRID,0
0.04513097599920002,4,GPU_HYBRID,0
0.0464252759993542,4,GPU_HYBRID,0
0.04194250499858754,4,GPU_HYBRID,0
0.04798981599742547,4,GPU_HYBRID,0
0.0473861050013511,4,GPU_HYBRID,0
0.03412192000178038,4,GPU_HYBRID,0
0.03867265799999586,4,GPU_HYBRID,0
0.04006695799762383,4,GPU_HYBRID,0
0.06018267699982971,4,GPU_HYBRID,0
0.04876184599925182,4,GPU_HYBRID,0
0.029666090998944128,4,GPU_HYBRID,0
0.02451961100086919,4,GPU_HYBRID,0
0.03747755700169364,4,GPU_HYBRID,0
0.0553036509991216,4,GPU_HYBRID,0
0.04800322399751167,4,GPU_HYBRID,0
0.030721993000042858,4,GPU_HYBRID,0
0.038412915000662906,4,GPU_HYBRID,0
0.04678025099929073,4,GPU_HYBRID,0
0.04956782800218207,4,GPU_HYBRID,0
0.0456548459987971,4,GPU_HYBRID,0
0.04846175100101391,4,GPU_HYBRID,0
0.03369654400012223,4,GPU_HYBRID,0
0.04154695499892114,4,GPU_HYBRID,0
0.056282240999280475,4,GPU_HYBRID,0
0.04549977499846136,4,GPU_HYBRID,0
0.0479951279994566,4,GPU_HYBRID,0
0.05457472600028268,4,GPU_HYBRID,0
0.04618822100019315,4,GPU_HYBRID,0
0.03459961300177383,4,GPU_HYBRID,0
0.04173821800213773,4,GPU_HYBRID,0
0.052866665999317775,4,GPU_HYBRID,0
0.05523565100156702,4,GPU_HYBRID,0
0.05764274900138844,4,GPU_HYBRID,0
0.04266899899812415,4,GPU_HYBRID,0
0.05821144999936223,4,GPU_HYBRID,0
0.046946041999035515,4,GPU_HYBRID,0
0.030758921002416173,4,GPU_HYBRID,0
0.04039486100009526,4,GPU_HYBRID,0
0.04820978300267598,4,GPU_HYBRID,0
0.044515426001453307,4,GPU_HYBRID,0
0.04411638599776779,4,GPU_HYBRID,0
0.04638150000027963,4,GPU_HYBRID,0
0.04488467299961485,4,GPU_HYBRID,0
0.046228797000367194,4,GPU_HYBRID,0
0.043928803999733645,4,GPU_HYBRID,0
0.0533109850002802,4,GPU_HYBRID,0
0.04552633500134107,4,GPU_HYBRID,0
0.04473427300035837,4,GPU_HYBRID,0
0.038378898996597854,4,GPU_HYBRID,0
0.04516857600174262,4,GPU_HYBRID,0
0.05902562499977648,4,GPU_HYBRID,0
0.04669513099725009,4,GPU_HYBRID,0
0.04479961700053536,4,GPU_HYBRID,0
0.04334915700019337,4,GPU_HYBRID,0
0.04332173399961903,4,GPU_HYBRID,0
0.0450769279996166,4,GPU_HYBRID,0
0.04270195900244289,4,GPU_HYBRID,0
0.040179854000598425,4,GPU_HYBRID,0
0.04282326999964425,4,GPU_HYBRID,0
0.041207916001440026,4,GPU_HYBRID,0
0.044682849998935126,4,GPU_HYBRID,0
0.0421282000024803,4,GPU_HYBRID,0
0.045697150999330916,4,GPU_HYBRID,0
0.0456195509977988,4,GPU_HYBRID,0
0.04769448899969575,4,GPU_HYBRID,0
0.05138625399922603,4,GPU_HYBRID,0
0.030534088997228537,4,GPU_HYBRID,0
0.039103441002225736,4,GPU_HYBRID,0
0.04837567099821172,4,GPU_HYBRID,0
0.046678075999807334,4,GPU_HYBRID,0
0.032989954997901805,4,GPU_HYBRID,0
0.04910162099986337,5,GPU_HYBRID,0
0.05191034900053637,5,GPU_HYBRID,0
0.06103131499912706,5,GPU_HYBRID,0
0.057995770999696106,5,GPU_HYBRID,0
0.06206289599867887,5,GPU_HYBRID,0
0.050205266001285054,5,GPU_HYBRID,0
0.05971989400131861,5,GPU_HYBRID,0
0.057566684001358226,5,GPU_HYBRID,0
0.05687507100083167,5,GPU_HYBRID,0
0.05924127199978102,5,GPU_HYBRID,0
0.05657788800090202,5,GPU_HYBRID,0
0.062478030999045586,5,GPU_HYBRID,0
0.06473485600145068,5,GPU_HYBRID,0
0.06331281200255034,5,GPU_HYBRID,0
0.06379569099954097,5,GPU_HYBRID,0
0.06855875000110245,5,GPU_HYBRID,0
0.06726547300058883,5,GPU_HYBRID,0
0.05649593500129413,5,GPU_HYBRID,0
0.06722400099897641,5,GPU_HYBRID,0
0.05817065099836327,5,GPU_HYBRID,0
0.05655945599937695,5,GPU_HYBRID,0
0.05410176599980332,5,GPU_HYBRID,0
0.05323392900027102,5,GPU_HYBRID,0
0.05315188200256671,5,GPU_HYBRID,0
0.06131582600210095,5,GPU_HYBRID,0
0.052452874999289634,5,GPU_HYBRID,0
0.055965633000596426,5,GPU_HYBRID,0
0.059418422999442555,5,GPU_HYBRID,0
0.04882600500059198,5,GPU_HYBRID,0
0.062094895998598076,5,GPU_HYBRID,0
0.05894988100044429,5,GPU_HYBRID,0
0.05102571099996567,5,GPU_HYBRID,0
0.05704962999880081,5,GPU_HYBRID,0
0.06254673399962485,5,GPU_HYBRID,0
0.06254052599979332,5,GPU_HYBRID,0
0.0549128680031572,5,GPU_HYBRID,0
0.05918956000095932,5,GPU_HYBRID,0
0.07498020300045027,5,GPU_HYBRID,0
0.06828822199895512,5,GPU_HYBRID,0
0.0692858830007026,5,GPU_HYBRID,0
0.06541766999725951,5,GPU_HYBRID,0
0.053295721001632046,5,GPU_HYBRID,0
0.05366874399987864,5,GPU_HYBRID,0
0.06745120100094937,5,GPU_HYBRID,0
0.058928153001033934,5,GPU_HYBRID,0
0.07281716899888124,5,GPU_HYBRID,0
0.07644247099960921,5,GPU_HYBRID,0
0.04111988400109112,5,GPU_HYBRID,0
0.05008693000127096,5,GPU_HYBRID,0
0.050956334998772945,5,GPU_HYBRID,0
0.07182241999908001,5,GPU_HYBRID,0
0.06303121299788472,5,GPU_HYBRID,0
0.06980136900165235,5,GPU_HYBRID,0
0.057126718002109556,5,GPU_HYBRID,0
0.06490797600054066,5,GPU_HYBRID,0
0.06483760800256277,5,GPU_HYBRID,0
0.05078564799987362,5,GPU_HYBRID,0
0.05566748999990523,5,GPU_HYBRID,0
0.05832114599979832,5,GPU_HYBRID,0
0.06379898700106423,5,GPU_HYBRID,0
0.051329679001355544,5,GPU_HYBRID,0
0.05031800100186956,5,GPU_HYBRID,0
0.049911697999050375,5,GPU_HYBRID,0
0.05250529100158019,5,GPU_HYBRID,0
0.05232861900003627,5,GPU_HYBRID,0
0.05837730599887436,5,GPU_HYBRID,0
0.05099195100046927,5,GPU_HYBRID,0
0.06337873200027389,5,GPU_HYBRID,0
0.051304781998624094,5,GPU_HYBRID,0
0.053181704999587964,5,GPU_HYBRID,0
0.052017901001818245,5,GPU_HYBRID,0
0.05762246100130142,5,GPU_HYBRID,0
0.05242311500114738,5,GPU_HYBRID,0
0.06264462299805018,5,GPU_HYBRID,0
0.06050318800043897,5,GPU_HYBRID,0
0.06363569099994493,5,GPU_HYBRID,0
0.06413169000006747,5,GPU_HYBRID,0
0.05650268799945479,5,GPU_HYBRID,0
0.06002235799678601,5,GPU_HYBRID,0
0.06189822499800357,5,GPU_HYBRID,0
0.0749135149999347,5,GPU_HYBRID,0
0.05992328600041219,5,GPU_HYBRID,0
0.05843464999998105,5,GPU_HYBRID,0
0.0725303220024216,5,GPU_HYBRID,0
0.06059758799892734,5,GPU_HYBRID,0
0.058559418001095764,5,GPU_HYBRID,0
0.056414816001051804,5,GPU_HYBRID,0
0.05723810999916168,5,GPU_HYBRID,0
0.05547673799810582,5,GPU_HYBRID,0
0.055162500000733417,5,GPU_HYBRID,0
0.04597446099796798,5,GPU_HYBRID,0
0.046862458999385126,5,GPU_HYBRID,0
0.06918639600189636,5,GPU_HYBRID,0
0.05620707199705066,5,GPU_HYBRID,0
0.059794038999825716,5,GPU_HYBRID,0
0.05661097600022913,5,GPU_HYBRID,0
0.05467117299849633,5,GPU_HYBRID,0
0.055630402002861956,5,GPU_HYBRID,0
0.06197422400146024,5,GPU_HYBRID,0
0.054849732001457596,5,GPU_HYBRID,0
0.058034970999869984,5,GPU_HYBRID,0
0.06693888199879439,5,GPU_HYBRID,0
0.0558505619992502,5,GPU_HYBRID,0
0.055961184996704105,5,GPU_HYBRID,0
0.06577158899744973,5,GPU_HYBRID,0
0.06716038499871502,5,GPU_HYBRID,0
0.05647388700162992,5,GPU_HYBRID,0
0.06645094700070331,5,GPU_HYBRID,0
0.05578041799890343,5,GPU_HYBRID,0
0.06721609700252884,5,GPU_HYBRID,0
0.059182616001635324,5,GPU_HYBRID,0
0.059270456000376726,5,GPU_HYBRID,0
0.07012076099999831,5,GPU_HYBRID,0
0.05828741799996351,5,GPU_HYBRID,0
0.0533454479991633,5,GPU_HYBRID,0
0.04266746299981605,5,GPU_HYBRID,0
0.050742000003083376,5,GPU_HYBRID,0
0.05662294400099199,5,GPU_HYBRID,0
0.04094090800208505,5,GPU_HYBRID,0
0.05222679600046831,5,GPU_HYBRID,0
0.058062331001565326,5,GPU_HYBRID,0
0.06370394699843018,5,GPU_HYBRID,0
0.06273755000074743,5,GPU_HYBRID,0
0.057239868998294696,5,GPU_HYBRID,0
0.05882776900034514,5,GPU_HYBRID,0
0.058263899001758546,5,GPU_HYBRID,0
0.041079339000134496,5,GPU_HYBRID,0
0.05114465500082588,5,GPU_HYBRID,0
0.061510768999141874,5,GPU_HYBRID,0
0.07044568800120032,5,GPU_HYBRID,0
0.06204769599935389,5,GPU_HYBRID,0
0.06047029199908138,5,GPU_HYBRID,0
0.04430717099967296,5,GPU_HYBRID,0
0.050978286999452394,5,GPU_HYBRID,0
0.0628148939977109,5,GPU_HYBRID,0
0.06715449699913734,5,GPU_HYBRID,0
0.046634843998617725,5,GPU_HYBRID,0
0.043174341997655574,5,GPU_HYBRID,0
0.05091406399878906,5,GPU_HYBRID,0
0.06388775400046143,5,GPU_HYBRID,0
0.06568000499828486,5,GPU_HYBRID,0
0.06555862999812234,5,GPU_HYBRID,0
0.05754569299824652,5,GPU_HYBRID,0
0.053261673001543386,5,GPU_HYBRID,0
0.055726242000673665,5,GPU_HYBRID,0
0.06383162700149114,5,GPU_HYBRID,0
0.0574948770008632,5,GPU_HYBRID,0
0.05330426500222529,5,GPU_HYBRID,0
0.05645609600105672,5,GPU_HYBRID,0
0.05751260500255739,5,GPU_HYBRID,0
0.059051353000540985,5,GPU_HYBRID,0
0.05357043999902089,5,GPU_HYBRID,0
0.05470707699714694,5,GPU_HYBRID,0
0.06349041199791827,5,GPU_HYBRID,0
0.06255287900057738,5,GPU_HYBRID,0
0.06557981399964774,5,GPU_HYBRID,0
0.05304839300151798,5,GPU_HYBRID,0
0.05419824600176071,5,GPU_HYBRID,0
0.053136424998228904,5,GPU_HYBRID,0
0.05229204400166054,5,GPU_HYBRID,0
0.05427091800083872,5,GPU_HYBRID,0
0.048630582001351286,5,GPU_HYBRID,0
0.05399517499972717,5,GPU_HYBRID,0
0.05298279400085448,5,GPU_HYBRID,0
0.057283326001197565,5,GPU_HYBRID,0
0.056700831999478396,5,GPU_HYBRID,0
0.0678641599988623,5,GPU_HYBRID,0
0.05817701899650274,5,GPU_HYBRID,0
0.05843257000015001,5,GPU_HYBRID,0
0.07155666099788505,5,GPU_HYBRID,0
0.056400287998258136,5,GPU_HYBRID,0
0.05665270300232805,5,GPU_HYBRID,0
0.057280605997220846,5,GPU_HYBRID,0
0.0673207049985649,5,GPU_HYBRID,0
0.06040232400118839,5,GPU_HYBRID,0
0.04980305900244275,5,GPU_HYBRID,0
0.053409865002322476,5,GPU_HYBRID,0
0.06343562799884239,5,GPU_HYBRID,0
0.05568089799999143,5,GPU_HYBRID,0
0.06687235400022473,5,GPU_HYBRID,0
0.07936975899792742,5,GPU_HYBRID,0
0.08106258599946159,5,GPU_HYBRID,0
0.05535907500234316,5,GPU_HYBRID,0
0.05969378300142125,5,GPU_HYBRID,0
0.07448186900001019,5,GPU_HYBRID,0
0.06290084599822876,5,GPU_HYBRID,0
0.06352215600054478,5,GPU_HYBRID,0
0.05017070599933504,5,GPU_HYBRID,0
0.049487763997603906,5,GPU_HYBRID,0
0.0582865229989693,5,GPU_HYBRID,0
0.0587032570001611,5,GPU_HYBRID,0
0.05408375100159901,5,GPU_HYBRID,0
0.05508717100019567,5,GPU_HYBRID,0
0.05039988900171011,5,GPU_HYBRID,0
0.06421837800007779,5,GPU_HYBRID,0
0.0633260610011348,5,GPU_HYBRID,0
0.0573499170022842,5,GPU_HYBRID,0
0.0570007659989642,5,GPU_HYBRID,0
0.05321348100187606,5,GPU_HYBRID,0
0.06427456999881542,5,GPU_HYBRID,0
0.07046524000179488,6,GPU_HYBRID,0
0.06881218900161912,6,GPU_HYBRID,0
0.07096139900022536,6,GPU_HYBRID,0
0.07634007200249471,6,GPU_HYBRID,0
0.07758595600171247,6,GPU_HYBRID,0
0.0803894679993391,6,GPU_HYBRID,0
0.07695597299971269,6,GPU_HYBRID,0
0.08120136899742647,6,GPU_HYBRID,0
0.08411604899811209,6,GPU_HYBRID,0
0.062385166998865316,6,GPU_HYBRID,0
0.07556090599973686,6,GPU_HYBRID,0
0.07825248199878843,6,GPU_HYBRID,0
0.06342231600137893,6,GPU_HYBRID,0
0.06062014799681492,6,GPU_HYBRID,0
0.06194404900088557,6,GPU_HYBRID,0
0.07386241399944993,6,GPU_HYBRID,0
0.06498247199851903,6,GPU_HYBRID,0
0.048278231002768734,6,GPU_HYBRID,0
0.07866000099966186,6,GPU_HYBRID,0
0.06694819400217966,6,GPU_HYBRID,0
0.06396112999937031,6,GPU_HYBRID,0
0.06973656999980449,6,GPU_HYBRID,0
0.06508224800199969,6,GPU_HYBRID,0
0.07209339600012754,6,GPU_HYBRID,0
0.07087810300072306,6,GPU_HYBRID,0
0.0686878689994046,6,GPU_HYBRID,0
0.05995253400033107,6,GPU_HYBRID,0
0.06060750799952075,6,GPU_HYBRID,0
0.05916917599824956,6,GPU_HYBRID,0
0.06287524499930441,6,GPU_HYBRID,0
0.0674373129986634,6,GPU_HYBRID,0
0.06733609699949739,6,GPU_HYBRID,0
0.06940031599879148,6,GPU_HYBRID,0
0.0636344110025675,6,GPU_HYBRID,0
0.0636774830018112,6,GPU_HYBRID,0
0.06215617499765358,6,GPU_HYBRID,0
0.06172910500026774,6,GPU_HYBRID,0
0.06265338999946835,6,GPU_HYBRID,0
0.06298996499754139,6,GPU_HYBRID,0
0.05966293500023312,6,GPU_HYBRID,0
0.061661808998906054,6,GPU_HYBRID,0
0.06743020899739349,6,GPU_HYBRID,0
0.0711798619995534,6,GPU_HYBRID,0
0.0650534800006426,6,GPU_HYBRID,0
0.0793717420019675,6,GPU_HYBRID,0
0.06529079099709634,6,GPU_HYBRID,0
0.07959263900193037,6,GPU_HYBRID,0
0.06504525499985903,6,GPU_HYBRID,0
0.06819238300158759,6,GPU_HYBRID,0
0.08078933899741969,6,GPU_HYBRID,0
0.06725299300160259,6,GPU_HYBRID,0
0.08679809000022942,6,GPU_HYBRID,0
0.06725331299821846,6,GPU_HYBRID,0
0.05282119399998919,6,GPU_HYBRID,0
0.06787760000224807,6,GPU_HYBRID,0
0.07331284700194374,6,GPU_HYBRID,0
0.08362123499682639,6,GPU_HYBRID,0
0.0789818560006097,6,GPU_HYBRID,0
0.0785660170004121,6,GPU_HYBRID,0
0.06733900900144363,6,GPU_HYBRID,0
0.06631571599791641,6,GPU_HYBRID,0
0.07448458900034893,6,GPU_HYBRID,0
0.07563236200076062,6,GPU_HYBRID,0
0.07324590400094166,6,GPU_HYBRID,0
0.07599187999949208,6,GPU_HYBRID,0
0.07215326699952129,6,GPU_HYBRID,0
0.07074946300053853,6,GPU_HYBRID,0
0.06837551800344954,6,GPU_HYBRID,0
0.07110901399937575,6,GPU_HYBRID,0
0.07369963099699817,6,GPU_HYBRID,0
0.06293415799882496,6,GPU_HYBRID,0
0.06433495300007053,6,GPU_HYBRID,0
0.06527104699853226,6,GPU_HYBRID,0
0.06827436599996872,6,GPU_HYBRID,0
0.08069500400233665,6,GPU_HYBRID,0
0.07788528299715836,6,GPU_HYBRID,0
0.0630926849989919,6,GPU_HYBRID,0
0.07349473599970224,6,GPU_HYBRID,0
0.07427646100040874,6,GPU_HYBRID,0
0.07099096599995391,6,GPU_HYBRID,0
0.05995963800160098,6,GPU_HYBRID,0
0.0634325879982498,6,GPU_HYBRID,0
0.07478737099881982,6,GPU_HYBRID,0
0.06200184000044828,6,GPU_HYBRID,0
0.05404243899829453,6,GPU_HYBRID,0
0.05287863400008064,6,GPU_HYBRID,0
0.05820549900090555,6,GPU_HYBRID,0
0.06094184299945482,6,GPU_HYBRID,0
0.05571421000058763,6,GPU_HYBRID,0
0.05937627999810502,6,GPU_HYBRID,0
0.07451207600024645,6,GPU_HYBRID,0
0.07933481500003836,6,GPU_HYBRID,0
0.04582662200118648,6,GPU_HYBRID,0
0.04714037799931248,6,GPU_HYBRID,0
0.0498019070000737,6,GPU_HYBRID,0
0.060239476999413455,6,GPU_HYBRID,0
0.061478033996536396,6,GPU_HYBRID,0
0.0726143219981168,6,GPU_HYBRID,0
0.07343876699815155,6,GPU_HYBRID,0
0.0626205900007335,6,GPU_HYBRID,0
0.06883618899883004,6,GPU_HYBRID,0
0.07489133900162415,6,GPU_HYBRID,0
0.04376758699800121,6,GPU_HYBRID,0
0.04572009399998933,6,GPU_HYBRID,0
0.06058840400146437,6,GPU_HYBRID,0
0.06615965200035134,6,GPU_HYBRID,0
0.06573930199738243,6,GPU_HYBRID,0
0.04405949099964346,6,GPU_HYBRID,0
0.044945729001483414,6,GPU_HYBRID,0
0.05999074200008181,6,GPU_HYBRID,0
0.06531008599995403,6,GPU_HYBRID,0
0.05405091900320258,6,GPU_HYBRID,0
0.06702326600134256,6,GPU_HYBRID,0
0.05302954600119847,6,GPU_HYBRID,0
0.06656640300207073,6,GPU_HYBRID,0
0.0511199510001461,6,GPU_HYBRID,0
0.05092254299961496,6,GPU_HYBRID,0
0.06033710900010192,6,GPU_HYBRID,0
0.06498772000122699,6,GPU_HYBRID,0
0.053545959999610204,6,GPU_HYBRID,0
0.06420346600134508,6,GPU_HYBRID,0
0.05141582199939876,6,GPU_HYBRID,0
0.06381597899962799,6,GPU_HYBRID,0
0.05151012599890237,6,GPU_HYBRID,0
0.06577610100066522,6,GPU_HYBRID,0
0.05481862899978296,6,GPU_HYBRID,0
0.052353867002238985,6,GPU_HYBRID,0
0.05205518000002485,6,GPU_HYBRID,0
0.05856671399669722,6,GPU_HYBRID,0
0.05071623999901931,6,GPU_HYBRID,0
0.05826223500116612,6,GPU_HYBRID,0
0.04912677299944335,6,GPU_HYBRID,0
0.05730934100211016,6,GPU_HYBRID,0
0.04798805599784828,6,GPU_HYBRID,0
0.04973409900048864,6,GPU_HYBRID,0
0.05214122799952747,6,GPU_HYBRID,0
0.05332218499825103,6,GPU_HYBRID,0
0.057113213999400614,6,GPU_HYBRID,0
0.05604380899967509,6,GPU_HYBRID,0
0.05569238599855453,6,GPU_HYBRID,0
0.07514973899742472,6,GPU_HYBRID,0
0.05582131399933132,6,GPU_HYBRID,0
0.05972373500117101,6,GPU_HYBRID,0
0.06701478600007249,6,GPU_HYBRID,0
0.06208084800164215,6,GPU_HYBRID,0
0.06408189899957506,6,GPU_HYBRID,0
0.05351207199782948,6,GPU_HYBRID,0
0.05126612700041733,6,GPU_HYBRID,0
0.05383994300063932,6,GPU_HYBRID,0
0.06099269100013771,6,GPU_HYBRID,0
0.06148699299956206,6,GPU_HYBRID,0
0.04910459699749481,6,GPU_HYBRID,0
0.05355236000104924,6,GPU_HYBRID,0
0.05280397900060052,6,GPU_HYBRID,0
0.05165755000052741,6,GPU_HYBRID,0
0.056038561000605114,6,GPU_HYBRID,0
0.05087335999996867,6,GPU_HYBRID,0
0.0611770110008365,6,GPU_HYBRID,0
0.03984980700261076,6,GPU_HYBRID,0
0.044517090002045734,6,GPU_HYBRID,0
0.060747891999199055,6,GPU_HYBRID,0
0.052030443999683484,6,GPU_HYBRID,0
0.05494825999994646,6,GPU_HYBRID,0
0.052619497997511644,6,GPU_HYBRID,0
0.05354602399893338,6,GPU_HYBRID,0
0.07522897099988768,6,GPU_HYBRID,0
0.0730104169997503,6,GPU_HYBRID,0
0.06987589799973648,6,GPU_HYBRID,0
0.06599434099916834,6,GPU_HYBRID,0
0.07177029300146387,6,GPU_HYBRID,0
0.07306622500254889,6,GPU_HYBRID,0
0.06952633000037167,6,GPU_HYBRID,0
0.061680560997046996,6,GPU_HYBRID,0
0.0742774210011703,6,GPU_HYBRID,0
0.07158856499881949,6,GPU_HYBRID,0
0.06892825300019467,6,GPU_HYBRID,0
0.06939737100037746,6,GPU_HYBRID,0
0.05927336799868499,6,GPU_HYBRID,0
0.0742027970009076,6,GPU_HYBRID,0
0.06853570899693295,6,GPU_HYBRID,0
0.07024479300162056,6,GPU_HYBRID,0
0.07951977500124485,6,GPU_HYBRID,0
0.060328756997478195,6,GPU_HYBRID,0
0.06456727300246712,6,GPU_HYBRID,0
0.073670095000125,6,GPU_HYBRID,0
0.0709024550014874,6,GPU_HYBRID,0
0.07230392199926428,6,GPU_HYBRID,0
0.07309998499840731,6,GPU_HYBRID,0
0.06993212200177368,6,GPU_HYBRID,0
0.06362522800191073,6,GPU_HYBRID,0
0.06843308499810519,6,GPU_HYBRID,0
0.07238485000198125,6,GPU_HYBRID,0
0.06316814000092563,6,GPU_HYBRID,0
0.06180702499841573,6,GPU_HYBRID,0
0.07153426100194338,6,GPU_HYBRID,0
0.07649546299944632,6,GPU_HYBRID,0
0.06495005499891704,6,GPU_HYBRID,0
0.05516573199929553,6,GPU_HYBRID,0
0.06077493200064055,6,GPU_HYBRID,0
0.0669025299976056,6,GPU_HYBRID,0
0.0854885570006445,7,GPU_HYBRID,0
0.08046543499949621,7,GPU_HYBRID,0
0.07331764800255769,7,GPU_HYBRID,0
0.08109685799718136,7,GPU_HYBRID,0
0.07772883600046043,7,GPU_HYBRID,0
0.07359499100130051,7,GPU_HYBRID,0
0.05933349599945359,7,GPU_HYBRID,0
0.05726223800229491,7,GPU_HYBRID,0
0.06651946000056341,7,GPU_HYBRID,0
0.05397248699955526,7,GPU_HYBRID,0
0.05700127799718757,7,GPU_HYBRID,0
0.06118881799920928,7,GPU_HYBRID,0
0.05433898100091028,7,GPU_HYBRID,0
0.05743625299874111,7,GPU_HYBRID,0
0.05375235899919062,7,GPU_HYBRID,0
0.062438319000648335,7,GPU_HYBRID,0
0.05451011699915398,7,GPU_HYBRID,0
0.05567321800117497,7,GPU_HYBRID,0
0.057761083997320384,7,GPU_HYBRID,0
0.0576893720026419,7,GPU_HYBRID,0
0.07646839099834324,7,GPU_HYBRID,0
0.07795052999790641,7,GPU_HYBRID,0
0.0633741560013732,7,GPU_HYBRID,0
0.07753078800305957,7,GPU_HYBRID,0
0.04828143100166926,7,GPU_HYBRID,0
0.05159281300075236,7,GPU_HYBRID,0
0.07293896099872654,7,GPU_HYBRID,0
0.07411579000108759,7,GPU_HYBRID,0
0.07287380900015705,7,GPU_HYBRID,0
0.06311220499992487,7,GPU_HYBRID,0
0.07378539100318449,7,GPU_HYBRID,0
0.06097480300013558,7,GPU_HYBRID,0
0.07585460100017372,7,GPU_HYBRID,0
0.06449930500093615,7,GPU_HYBRID,0
0.07001698499880149,7,GPU_HYBRID,0
0.06737180900017847,7,GPU_HYBRID,0
0.06584544500219636,7,GPU_HYBRID,0
0.0596067110018339,7,GPU_HYBRID,0
0.07021189599981881,7,GPU_HYBRID,0
0.06693056199947023,7,GPU_HYBRID,0
0.06587485300042317,7,GPU_HYBRID,0
0.06173832100103027,7,GPU_HYBRID,0
0.06497898399902624,7,GPU_HYBRID,0
0.05879570499746478,7,GPU_HYBRID,0
0.06214865600122721,7,GPU_HYBRID,0
0.060261750000790926,7,GPU_HYBRID,0
0.07098568699802854,7,GPU_HYBRID,0
0.06261265499779256,7,GPU_HYBRID,0
0.06828748599946266,7,GPU_HYBRID,0
0.07226430700029596,7,GPU_HYBRID,0
0.07072283899833565,7,GPU_HYBRID,0
0.062255630997242406,7,GPU_HYBRID,0
0.07424475000152597,7,GPU_HYBRID,0
0.06510871199861867,7,GPU_HYBRID,0
0.09059052700104075,7,GPU_HYBRID,0
0.05963829499887652,7,GPU_HYBRID,0
0.04891938099899562,7,GPU_HYBRID,0
0.05749663700044039,7,GPU_HYBRID,0
0.0799243170004047,7,GPU_HYBRID,0
0.040309293999598594,7,GPU_HYBRID,0
0.039835887000663206,7,GPU_HYBRID,0
0.052950474000681425,7,GPU_HYBRID,0
0.06339342000137549,7,GPU_HYBRID,0
0.07816304200241575,7,GPU_HYBRID,0
0.07933603099809261,7,GPU_HYBRID,0
0.06487808800011408,7,GPU_HYBRID,0
0.07798941099827061,7,GPU_HYBRID,0
0.0648161680001067,7,GPU_HYBRID,0
0.05582845000026282,7,GPU_HYBRID,0
0.07534349799971096,7,GPU_HYBRID,0
0.06531031100166729,7,GPU_HYBRID,0
0.08014012399871717,7,GPU_HYBRID,0
0.0509241750005458,7,GPU_HYBRID,0
0.06444026499957545,7,GPU_HYBRID,0
0.06206260700128041,7,GPU_HYBRID,0
0.08082255399858695,7,GPU_HYBRID,0
0.08187295199968503,7,GPU_HYBRID,0
0.07961001499643316,7,GPU_HYBRID,0
0.06294273399907979,7,GPU_HYBRID,0
0.055858049003290944,7,GPU_HYBRID,0
0.06680022699947585,7,GPU_HYBRID,0
0.05769673199756653,7,GPU_HYBRID,0
0.07727597199846059,7,GPU_HYBRID,0
0.06233607900139759,7,GPU_HYBRID,0
0.07498394700087374,7,GPU_HYBRID,0
0.06058290000146371,7,GPU_HYBRID,0
0.0723947059996135,7,GPU_HYBRID,0
0.057408477001445135,7,GPU_HYBRID,0
0.06199662400103989,7,GPU_HYBRID,0
0.07224817899987102,7,GPU_HYBRID,0
0.0719576830015285,7,GPU_HYBRID,0
0.07105800600038492,7,GPU_HYBRID,0
0.0627772290026769,7,GPU_HYBRID,0
0.0748821550005232,7,GPU_HYBRID,0
0.07096974999876693,7,GPU_HYBRID,0
0.06952210699819261,7,GPU_HYBRID,0
0.06128798700228799,7,GPU_HYBRID,0
0.0630797249978059,7,GPU_HYBRID,0
0.058066747998964274,7,GPU_HYBRID,0
0.0557487369987939,7,GPU_HYBRID,0
0.0612558259999787,7,GPU_HYBRID,0
0.05636707200028468,7,GPU_HYBRID,0
0.06349175600189483,7,GPU_HYBRID,0
0.0669347539987939,7,GPU_HYBRID,0
0.07021970500136376,7,GPU_HYBRID,0
0.0720892030003597,7,GPU_HYBRID,0
0.0725349299973459,7,GPU_HYBRID,0
0.08290974899864523,7,GPU_HYBRID,0
0.07925865499782958,7,GPU_HYBRID,0
0.06185748900315957,7,GPU_HYBRID,0
0.07434766099686385,7,GPU_HYBRID,0
0.06305476499983342,7,GPU_HYBRID,0
0.04968542699862155,7,GPU_HYBRID,0
0.05000670600202284,7,GPU_HYBRID,0
0.059909717998380074,7,GPU_HYBRID,0
0.0729046889973688,7,GPU_HYBRID,0
0.06777359999978216,7,GPU_HYBRID,0
0.05888354499984416,7,GPU_HYBRID,0
0.07080258299902198,7,GPU_HYBRID,0
0.057367869001609506,7,GPU_HYBRID,0
0.0669885780007462,7,GPU_HYBRID,0
0.06361364399708691,7,GPU_HYBRID,0
0.06203044799985946,7,GPU_HYBRID,0
0.0724310580008023,7,GPU_HYBRID,0
0.07071647100019618,7,GPU_HYBRID,0
0.06361044400182436,7,GPU_HYBRID,0
0.06957381800020812,7,GPU_HYBRID,0
0.06200593600078719,7,GPU_HYBRID,0
0.06542787799844518,7,GPU_HYBRID,0
0.06957580300149857,7,GPU_HYBRID,0
0.06921295600113808,7,GPU_HYBRID,0
0.07022716000210494,7,GPU_HYBRID,0
0.05689148599776672,7,GPU_HYBRID,0
0.05762402799882693,7,GPU_HYBRID,0
0.06438954500117688,7,GPU_HYBRID,0
0.06827148599768407,7,GPU_HYBRID,0
0.06864690899965353,7,GPU_HYBRID,0
0.0648529360005341,7,GPU_HYBRID,0
0.06191748800119967,7,GPU_HYBRID,0
0.06065157199918758,7,GPU_HYBRID,0
0.06099605100098415,7,GPU_HYBRID,0
0.059726709998358274,7,GPU_HYBRID,0
0.056054816999676405,7,GPU_HYBRID,0
0.06118507499922998,7,GPU_HYBRID,0
0.07002623299922561,7,GPU_HYBRID,0
0.05744127700017998,7,GPU_HYBRID,0
0.05460851699899649,7,GPU_HYBRID,0
0.05740562899882207,7,GPU_HYBRID,0
0.0606069320019742,7,GPU_HYBRID,0
0.06232088000251679,7,GPU_HYBRID,0
0.07337572799951886,7,GPU_HYBRID,0
0.06760905600094702,7,GPU_HYBRID,0
0.07269355400057975,7,GPU_HYBRID,0
0.05732511700261966,7,GPU_HYBRID,0
0.057982682999863755,7,GPU_HYBRID,0
0.06912162799926591,7,GPU_HYBRID,0
0.05648303999987547,7,GPU_HYBRID,0
0.06914726000104565,7,GPU_HYBRID,0
0.07668999000088661,7,GPU_HYBRID,0
0.07885017599983257,7,GPU_HYBRID,0
0.08450702399932197,7,GPU_HYBRID,0
0.08225179900182411,7,GPU_HYBRID,0
0.08431112000107532,7,GPU_HYBRID,0
0.07763145900025847,7,GPU_HYBRID,0
0.07836832199973287,7,GPU_HYBRID,0
0.08252939800149761,7,GPU_HYBRID,0
0.07232280300013372,7,GPU_HYBRID,0
0.08293282099839416,7,GPU_HYBRID,0
0.08256475700181909,7,GPU_HYBRID,0
0.08379560200046399,7,GPU_HYBRID,0
0.08083644299767911,7,GPU_HYBRID,0
0.07062197500272305,7,GPU_HYBRID,0
0.08580074900237378,7,GPU_HYBRID,0
0.08440849600083311,7,GPU_HYBRID,0
0.08181711200086283,7,GPU_HYBRID,0
0.08477400000265334,7,GPU_HYBRID,0
0.08322539599976153,7,GPU_HYBRID,0
0.07156722100262414,7,GPU_HYBRID,0
0.08032978800110868,7,GPU_HYBRID,0
0.07984290899912594,7,GPU_HYBRID,0
0.08021605999965686,7,GPU_HYBRID,0
0.0854390219974448,7,GPU_HYBRID,0
0.08133026500217966,7,GPU_HYBRID,0
0.07749722099833889,7,GPU_HYBRID,0
0.08467323099830537,7,GPU_HYBRID,0
0.08204597499934607,7,GPU_HYBRID,0
0.08072924199950648,7,GPU_HYBRID,0
0.08640429899969604,7,GPU_HYBRID,0
0.07823069000005489,7,GPU_HYBRID,0
0.08175855199806392,7,GPU_HYBRID,0
0.08037154799967539,7,GPU_HYBRID,0
0.07425281299947528,7,GPU_HYBRID,0
0.08769287099858047,7,GPU_HYBRID,0
0.07969948600293719,7,GPU_HYBRID,0
0.06971580300159985,7,GPU_HYBRID,0
0.08080127499852097,7,GPU_HYBRID,0
0.08152325699848006,7,GPU_HYBRID,0
0.07897046400103136,7,GPU_HYBRID,0
0.08027462099926197,7,GPU_HYBRID,0
0.0778680350013019,7,GPU_HYBRID,0
0.08798963899971568,8,GPU_HYBRID,0
0.09098834999895189,8,GPU_HYBRID,0
0.07689578200006508,8,GPU_HYBRID,0
0.09634385499884957,8,GPU_HYBRID,0
0.1051109340005496,8,GPU_HYBRID,0
0.09013932900052168,8,GPU_HYBRID,0
0.09154745299747447,8,GPU_HYBRID,0
0.1048489509994397,8,GPU_HYBRID,0
0.09329720700043254,8,GPU_HYBRID,0
0.09153903599872137,8,GPU_HYBRID,0
0.08902653100085445,8,GPU_HYBRID,0
0.09614491100001032,8,GPU_HYBRID,0
0.10487691899834317,8,GPU_HYBRID,0
0.09035772800052655,8,GPU_HYBRID,0
0.09717745200032368,8,GPU_HYBRID,0
0.06302858900016872,8,GPU_HYBRID,0
0.08944192199851386,8,GPU_HYBRID,0
0.10344517900011851,8,GPU_HYBRID,0
0.09361106199867208,8,GPU_HYBRID,0
0.09388030899935984,8,GPU_HYBRID,0
0.0899426250034594,8,GPU_HYBRID,0
0.09742791499957093,8,GPU_HYBRID,0
0.10719227200024761,8,GPU_HYBRID,0
0.09746228400035761,8,GPU_HYBRID,0
0.10073424199799774,8,GPU_HYBRID,0
0.09051119899959303,8,GPU_HYBRID,0
0.09073951900063548,8,GPU_HYBRID,0
0.09132162899913965,8,GPU_HYBRID,0
0.07977074999871547,8,GPU_HYBRID,0
0.08051193099890952,8,GPU_HYBRID,0
0.08113199299987173,8,GPU_HYBRID,0
0.08003849299711874,8,GPU_HYBRID,0
0.08694525700047961,8,GPU_HYBRID,0
0.0769530939978722,8,GPU_HYBRID,0
0.06175969700052519,8,GPU_HYBRID,0
0.06616061199747492,8,GPU_HYBRID,0
0.05799714800014044,8,GPU_HYBRID,0
0.06556582999837701,8,GPU_HYBRID,0
0.06068389199936064,8,GPU_HYBRID,0
0.06549584700042033,8,GPU_HYBRID,0
0.05912632800027495,8,GPU_HYBRID,0
0.06372324299809407,8,GPU_HYBRID,0
0.07385137399978703,8,GPU_HYBRID,0
0.07056232700051623,8,GPU_HYBRID,0
0.06100229100047727,8,GPU_HYBRID,0
0.07197586000256706,8,GPU_HYBRID,0
0.06370055499792215,8,GPU_HYBRID,0
0.07573856900125975,8,GPU_HYBRID,0
0.07939686299869209,8,GPU_HYBRID,0
0.07982690900098532,8,GPU_HYBRID,0
0.08055730699925334,8,GPU_HYBRID,0
0.0785597450012574,8,GPU_HYBRID,0
0.08365109100122936,8,GPU_HYBRID,0
0.08592282799872919,8,GPU_HYBRID,0
0.08352513900172198,8,GPU_HYBRID,0
0.08121250499971211,8,GPU_HYBRID,0
0.08061609200012754,8,GPU_HYBRID,0
0.08419224099998246,8,GPU_HYBRID,0
0.07940297500317683,8,GPU_HYBRID,0
0.0792408310007886,8,GPU_HYBRID,0
0.07758845100033795,8,GPU_HYBRID,0
0.07807676999800606,8,GPU_HYBRID,0
0.08021910000024945,8,GPU_HYBRID,0
0.08223314299902995,8,GPU_HYBRID,0
0.08160645599855343,8,GPU_HYBRID,0
0.07794502700198791,8,GPU_HYBRID,0
0.07245822600089014,8,GPU_HYBRID,0
0.06950837900149054,8,GPU_HYBRID,0
0.07038805599950138,8,GPU_HYBRID,0
0.07972607700139633,8,GPU_HYBRID,0
0.07742835699900752,8,GPU_HYBRID,0
0.06911119600044913,8,GPU_HYBRID,0
0.07971865400031675,8,GPU_HYBRID,0
0.07586368799820775,8,GPU_HYBRID,0
0.06799001499894075,8,GPU_HYBRID,0
0.07925503899969044,8,GPU_HYBRID,0
0.08563383699947735,8,GPU_HYBRID,0
0.07331563199841185,8,GPU_HYBRID,0
0.09059974200135912,8,GPU_HYBRID,0
0.07555181799762067,8,GPU_HYBRID,0
0.06766822400095407,8,GPU_HYBRID,0
0.0715546129977156,8,GPU_HYBRID,0
0.08843507699930342,8,GPU_HYBRID,0
0.08382872199945268,8,GPU_HYBRID,0
0.05869010500100558,8,GPU_HYBRID,0
0.06415261800066219,8,GPU_HYBRID,0
0.0855045889984467,8,GPU_HYBRID,0
0.08620775500094169,8,GPU_HYBRID,0
0.07149829299669364,8,GPU_HYBRID,0
0.08121848900191253,8,GPU_HYBRID,0
0.05756284499875619,8,GPU_HYBRID,0
0.061229970000567846,8,GPU_HYBRID,0
0.07437722899703658,8,GPU_HYBRID,0
0.08414392099803081,8,GPU_HYBRID,0
0.0815305520009133,8,GPU_HYBRID,0
0.05985522199989646,8,GPU_HYBRID,0
0.07827875399743789,8,GPU_HYBRID,0
0.0746874359974754,8,GPU_HYBRID,0
0.08200379899790278,8,GPU_HYBRID,0
0.08421873699990101,8,GPU_HYBRID,0
0.08608049200120149,8,GPU_HYBRID,0
0.07089586299844086,8,GPU_HYBRID,0
0.06124315499982913,8,GPU_HYBRID,0
0.07694960600201739,8,GPU_HYBRID,0
0.08466871999917203,8,GPU_HYBRID,0
0.07673344599970733,8,GPU_HYBRID,0
0.06658848299775855,8,GPU_HYBRID,0
0.0769846140028676,8,GPU_HYBRID,0
0.07843529700039653,8,GPU_HYBRID,0
0.08720429700042587,8,GPU_HYBRID,0
0.07295640099982847,8,GPU_HYBRID,0
0.0734370400023181,8,GPU_HYBRID,0
0.07832208200125024,8,GPU_HYBRID,0
0.0838059070010786,8,GPU_HYBRID,0
0.07107054999869433,8,GPU_HYBRID,0
0.07842483299828018,8,GPU_HYBRID,0
0.0773533169995062,8,GPU_HYBRID,0
0.07892604800144909,8,GPU_HYBRID,0
0.08239151000088896,8,GPU_HYBRID,0
0.08334161899983883,8,GPU_HYBRID,0
0.0782090579996293,8,GPU_HYBRID,0
0.07621655099865166,8,GPU_HYBRID,0
0.07600682399788639,8,GPU_HYBRID,0
0.07184354100172641,8,GPU_HYBRID,0
0.07873622500119382,8,GPU_HYBRID,0
0.06571626200093306,8,GPU_HYBRID,0
0.06126798599871108,8,GPU_HYBRID,0
0.06153745700066793,8,GPU_HYBRID,0
0.07158235700262594,8,GPU_HYBRID,0
0.0755004890015698,8,GPU_HYBRID,0
0.07868560099814204,8,GPU_HYBRID,0
0.06747587300196756,8,GPU_HYBRID,0
0.07990956600042409,8,GPU_HYBRID,0
0.0798979489991325,8,GPU_HYBRID,0
0.05411309400005848,8,GPU_HYBRID,0
0.06806313400011277,8,GPU_HYBRID,0
0.06796438300079899,8,GPU_HYBRID,0
0.05738374100110377,8,GPU_HYBRID,0
0.05547321899939561,8,GPU_HYBRID,0
0.0756183770026837,8,GPU_HYBRID,0
0.07845616100166808,8,GPU_HYBRID,0
0.08079308300148114,8,GPU_HYBRID,0
0.07522849099768791,8,GPU_HYBRID,0
0.0775106280016189,8,GPU_HYBRID,0
0.07767904399952386,8,GPU_HYBRID,0
0.06275748600091902,8,GPU_HYBRID,0
0.06211649599936209,8,GPU_HYBRID,0
0.07164274000024307,8,GPU_HYBRID,0
0.06307703699712874,8,GPU_HYBRID,0
0.073876525999367,8,GPU_HYBRID,0
0.07737530099984724,8,GPU_HYBRID,0
0.08339153899942175,8,GPU_HYBRID,0
0.0780844189976051,8,GPU_HYBRID,0
0.08467636699788272,8,GPU_HYBRID,0
0.07823440200081677,8,GPU_HYBRID,0
0.07685491799929878,8,GPU_HYBRID,0
0.0806136270002753,8,GPU_HYBRID,0
0.0747006199999305,8,GPU_HYBRID,0
0.0702687600023637,8,GPU_HYBRID,0
0.06961273100023391,8,GPU_HYBRID,0
0.06974604300194187,8,GPU_HYBRID,0
0.06077576400275575,8,GPU_HYBRID,0
0.06652701199709554,8,GPU_HYBRID,0
0.07151112499923329,8,GPU_HYBRID,0
0.0732793759998458,8,GPU_HYBRID,0
0.06163195299814106,8,GPU_HYBRID,0
0.07249896199937211,8,GPU_HYBRID,0
0.0716381009988254,8,GPU_HYBRID,0
0.07126594199871761,8,GPU_HYBRID,0
0.07161573299890733,8,GPU_HYBRID,0
0.06310839700017823,8,GPU_HYBRID,0
0.07488282799749868,8,GPU_HYBRID,0
0.07589693699992495,8,GPU_HYBRID,0
0.08074633099749917,8,GPU_HYBRID,0
0.07313444900137256,8,GPU_HYBRID,0
0.08010188499974902,8,GPU_HYBRID,0
0.0685824930005765,8,GPU_HYBRID,0
0.07884374399873195,8,GPU_HYBRID,0
0.0761776710023696,8,GPU_HYBRID,0
0.07120245400074054,8,GPU_HYBRID,0
0.07456196400016779,8,GPU_HYBRID,0
0.07266273800269119,8,GPU_HYBRID,0
0.06131317000108538,8,GPU_HYBRID,0
0.0749491320020752,8,GPU_HYBRID,0
0.06639050000012503,8,GPU_HYBRID,0
0.06845913399956771,8,GPU_HYBRID,0
0.06889244500052882,8,GPU_HYBRID,0
0.0701549689983949,8,GPU_HYBRID,0
0.0720957309968071,8,GPU_HYBRID,0
0.06720352099728188,8,GPU_HYBRID,0
0.05833919499855256,8,GPU_HYBRID,0
0.06776742299916805,8,GPU_HYBRID,0
0.06277537400092115,8,GPU_HYBRID,0
0.059548599001573166,8,GPU_HYBRID,0
0.05764239699783502,8,GPU_HYBRID,0
0.06753542400110746,8,GPU_HYBRID,0
0.06138696200287086,8,GPU_HYBRID,0
0.06887593300052686,8,GPU_HYBRID,0
0.07172296399949118,8,GPU_HYBRID,0
0.07576541700109374,8,GPU_HYBRID,0
0.07245560199953616,9,GPU_HYBRID,0
0.07743037199907121,9,GPU_HYBRID,0
0.0823920229995565,9,GPU_HYBRID,0
0.09183228300025803,9,GPU_HYBRID,0
0.0835601789985958,9,GPU_HYBRID,0
0.06895964499926777,9,GPU_HYBRID,0
0.07393265500286361,9,GPU_HYBRID,0
0.08832451700072852,9,GPU_HYBRID,0
0.09269052099989494,9,GPU_HYBRID,0
0.08627748299841187,9,GPU_HYBRID,0
0.07001676200161455,9,GPU_HYBRID,0
0.0661528359996737,9,GPU_HYBRID,0
0.06401920999996946,9,GPU_HYBRID,0
0.07951350299845217,9,GPU_HYBRID,0
0.08799191099751624,9,GPU_HYBRID,0
0.07589188099882449,9,GPU_HYBRID,0
0.08251077400200302,9,GPU_HYBRID,0
0.0839972649991978,9,GPU_HYBRID,0
0.08764938400054234,9,GPU_HYBRID,0
0.08940054599952418,9,GPU_HYBRID,0
0.09713636400192627,9,GPU_HYBRID,0
0.07448862100136466,9,GPU_HYBRID,0
0.06481018400154426,9,GPU_HYBRID,0
0.06913804400028312,9,GPU_HYBRID,0
0.0859630199993262,9,GPU_HYBRID,0
0.08608014000128605,9,GPU_HYBRID,0
0.08696679399872664,9,GPU_HYBRID,0
0.08506871799909277,9,GPU_HYBRID,0
0.08744240700252703,9,GPU_HYBRID,0
0.0872613210012787,9,GPU_HYBRID,0
0.08434440099881613,9,GPU_HYBRID,0
0.08191234400146641,9,GPU_HYBRID,0
0.05850034600007348,9,GPU_HYBRID,0
0.06549994200031506,9,GPU_HYBRID,0
0.07573053699888987,9,GPU_HYBRID,0
0.06065243599732639,9,GPU_HYBRID,0
0.07344839900179068,9,GPU_HYBRID,0
0.07811065799978678,9,GPU_HYBRID,0
0.09233004199995776,9,GPU_HYBRID,0
0.061171634999482194,9,GPU_HYBRID,0
0.06352049199995236,9,GPU_HYBRID,0
0.08956054499867605,9,GPU_HYBRID,0
0.08882288400127436,9,GPU_HYBRID,0
0.09084572599749663,9,GPU_HYBRID,0
0.07812256200122647,9,GPU_HYBRID,0
0.06838060600057361,9,GPU_HYBRID,0
0.07331374400018831,9,GPU_HYBRID,0
0.09549528099887539,9,GPU_HYBRID,0
0.06414289000167628,9,GPU_HYBRID,0
0.062470831002428895,9,GPU_HYBRID,0
0.08396347400048398,9,GPU_HYBRID,0
0.08982425800058991,9,GPU_HYBRID,0
0.09208437900088029,9,GPU_HYBRID,0
0.07497783500002697,9,GPU_HYBRID,0
0.07352059099866892,9,GPU_HYBRID,0
0.08675287400183151,9,GPU_HYBRID,0
0.07775018000029377,9,GPU_HYBRID,0
0.09116777400049614,9,GPU_HYBRID,0
0.08944022699870402,9,GPU_HYBRID,0
0.07326916799866012,9,GPU_HYBRID,0
0.06929474699791172,9,GPU_HYBRID,0
0.0785636489999888,9,GPU_HYBRID,0
0.07868927999879816,9,GPU_HYBRID,0
0.08012265299839783,9,GPU_HYBRID,0
0.08466523199967924,9,GPU_HYBRID,0
0.08498212600170518,9,GPU_HYBRID,0
0.08160968800075352,9,GPU_HYBRID,0
0.08845494900015183,9,GPU_HYBRID,0
0.10144524899806129,9,GPU_HYBRID,0
0.09434411600159365,9,GPU_HYBRID,0
0.08565306899981806,9,GPU_HYBRID,0
0.08705015300074592,9,GPU_HYBRID,0
0.08922061100020073,9,GPU_HYBRID,0
0.08043270000052871,9,GPU_HYBRID,0
0.07683190999887302,9,GPU_HYBRID,0
0.07750326799941831,9,GPU_HYBRID,0
0.08001746900117723,9,GPU_HYBRID,0
0.08063061900247703,9,GPU_HYBRID,0
0.07765331499831518,9,GPU_HYBRID,0
0.07821369799785316,9,GPU_HYBRID,0
0.08339464299933752,9,GPU_HYBRID,0
0.07854220899753273,9,GPU_HYBRID,0
0.08877395600211457,9,GPU_HYBRID,0
0.07946722999986378,9,GPU_HYBRID,0
0.09141362900118111,9,GPU_HYBRID,0
0.09276245699948049,9,GPU_HYBRID,0
0.09177052299855859,9,GPU_HYBRID,0
0.07802937800079235,9,GPU_HYBRID,0
0.07382443000096828,9,GPU_HYBRID,0
0.08691652199922828,9,GPU_HYBRID,0
0.07689642200057278,9,GPU_HYBRID,0
0.07101151000097161,9,GPU_HYBRID,0
0.08303784400050063,9,GPU_HYBRID,0
0.08707805700032623,9,GPU_HYBRID,0
0.08609732400145731,9,GPU_HYBRID,0
0.08175973599645658,9,GPU_HYBRID,0
0.08106156199937686,9,GPU_HYBRID,0
0.07071864699901198,9,GPU_HYBRID,0
0.07966207800200209,9,GPU_HYBRID,0
0.07039976799933356,9,GPU_HYBRID,0
0.07485933899806696,9,GPU_HYBRID,0
0.07911830299781286,9,GPU_HYBRID,0
0.07770137999978033,9,GPU_HYBRID,0
0.07783392299825209,9,GPU_HYBRID,0
0.07096882300174912,9,GPU_HYBRID,0
0.07879200099705486,9,GPU_HYBRID,0
0.07851260900133639,9,GPU_HYBRID,0
0.07991295799729414,9,GPU_HYBRID,0
0.08028201300112414,9,GPU_HYBRID,0
0.07913740799995139,9,GPU_HYBRID,0
0.07590071300001,9,GPU_HYBRID,0
0.06765622400052962,9,GPU_HYBRID,0
0.07363297499978216,9,GPU_HYBRID,0
0.07906220799850416,9,GPU_HYBRID,0
0.06847423699946376,9,GPU_HYBRID,0
0.07842489700124133,9,GPU_HYBRID,0
0.08009503699940979,9,GPU_HYBRID,0
0.07491185199978645,9,GPU_HYBRID,0
0.06880495700170286,9,GPU_HYBRID,0
0.07221224300155882,9,GPU_HYBRID,0
0.07307454499823507,9,GPU_HYBRID,0
0.07726918900152668,9,GPU_HYBRID,0
0.07564023300074041,9,GPU_HYBRID,0
0.07715437300066696,9,GPU_HYBRID,0
0.07982940600049915,9,GPU_HYBRID,0
0.10260396499870694,9,GPU_HYBRID,0
0.08864637199803838,9,GPU_HYBRID,0
0.10002515599990147,9,GPU_HYBRID,0
0.09932845499861287,9,GPU_HYBRID,0
0.10639669000011054,9,GPU_HYBRID,0
0.0894907219990273,9,GPU_HYBRID,0
0.0842672170001606,9,GPU_HYBRID,0
0.10569192399998428,9,GPU_HYBRID,0
0.11993786799939699,9,GPU_HYBRID,0
0.10951172099885298,9,GPU_HYBRID,0
0.11601179900026182,9,GPU_HYBRID,0
0.07111736599836149,9,GPU_HYBRID,0
0.080071644999407,9,GPU_HYBRID,0
0.08537428500130773,9,GPU_HYBRID,0
0.09402411699920776,9,GPU_HYBRID,0
0.07757305900304345,9,GPU_HYBRID,0
0.09842653699888615,9,GPU_HYBRID,0
0.08667869800046901,9,GPU_HYBRID,0
0.08717684099974576,9,GPU_HYBRID,0
0.08059535600114032,9,GPU_HYBRID,0
0.08292792499923962,9,GPU_HYBRID,0
0.08282549300201936,9,GPU_HYBRID,0
0.08220808700207272,9,GPU_HYBRID,0
0.08036847600305919,9,GPU_HYBRID,0
0.08068223500231397,9,GPU_HYBRID,0
0.08027868499993929,9,GPU_HYBRID,0
0.07810361799784005,9,GPU_HYBRID,0
0.07751693200043519,9,GPU_HYBRID,0
0.0747687479997694,9,GPU_HYBRID,0
0.06750524900053279,9,GPU_HYBRID,0
0.07716237299973727,9,GPU_HYBRID,0
0.07289012899855152,9,GPU_HYBRID,0
0.07448570899941842,9,GPU_HYBRID,0
0.0717482129985001,9,GPU_HYBRID,0
0.06696870599989779,9,GPU_HYBRID,0
0.07663223100098548,9,GPU_HYBRID,0
0.08096722700065584,9,GPU_HYBRID,0
0.08134050599983311,9,GPU_HYBRID,0
0.07982550200176775,9,GPU_HYBRID,0
0.08260917399820755,9,GPU_HYBRID,0
0.08664624999801163,9,GPU_HYBRID,0
0.07921900799919968,9,GPU_HYBRID,0
0.06236865499886335,9,GPU_HYBRID,0
0.08207058300104109,9,GPU_HYBRID,0
0.09128863700243528,9,GPU_HYBRID,0
0.08790343000146095,9,GPU_HYBRID,0
0.07410007799990126,9,GPU_HYBRID,0
0.06416429800083279,9,GPU_HYBRID,0
0.07176261200220324,9,GPU_HYBRID,0
0.08566577300007339,9,GPU_HYBRID,0
0.08880029200008721,9,GPU_HYBRID,0
0.08711975299956976,9,GPU_HYBRID,0
0.09920621499986737,9,GPU_HYBRID,0
0.08959145799963153,9,GPU_HYBRID,0
0.08270043700031238,9,GPU_HYBRID,0
0.08670528999937233,9,GPU_HYBRID,0
0.0751322669966612,9,GPU_HYBRID,0
0.09221461799825192,9,GPU_HYBRID,0
0.08884137999848463,9,GPU_HYBRID,0
0.08229598999969312,9,GPU_HYBRID,0
0.08339720299773035,9,GPU_HYBRID,0
0.09991350800191867,9,GPU_HYBRID,0
0.0851168460030749,9,GPU_HYBRID,0
0.08595473199966364,9,GPU_HYBRID,0
0.0820121510005265,9,GPU_HYBRID,0
0.08168251999813947,9,GPU_HYBRID,0
0.08413115399889648,9,GPU_HYBRID,0
0.08286734899957082,9,GPU_HYBRID,0
0.08691079300115234,9,GPU_HYBRID,0
0.08437294399845996,9,GPU_HYBRID,0
0.10270063600182766,9,GPU_HYBRID,0
0.09447950800313265,9,GPU_HYBRID,0
0.08866634099831572,9,GPU_HYBRID,0
0.06951042699802201,9,GPU_HYBRID,0
0.07203282000045874,9,GPU_HYBRID,0
0.09091148600055021,10,GPU_HYBRID,0
0.09420814900295227,10,GPU_HYBRID,0
0.09365179800079204,10,GPU_HYBRID,0
0.09007123300034436,10,GPU_HYBRID,0
0.09961783000107971,10,GPU_HYBRID,0
0.0930538799984788,10,GPU_HYBRID,0
0.09492405100172618,10,GPU_HYBRID,0
0.06836067000040202,10,GPU_HYBRID,0
0.0756850329998997,10,GPU_HYBRID,0
0.09708673199929763,10,GPU_HYBRID,0
0.08459041600144701,10,GPU_HYBRID,0
0.0761106319987448,10,GPU_HYBRID,0
0.08169099999940954,10,GPU_HYBRID,0
0.08334257900060038,10,GPU_HYBRID,0
0.06833951799853821,10,GPU_HYBRID,0
0.07648423099817592,10,GPU_HYBRID,0
0.08563319699896965,10,GPU_HYBRID,0
0.08994182500100578,10,GPU_HYBRID,0
0.0892072989990993,10,GPU_HYBRID,0
0.09106658899690956,10,GPU_HYBRID,0
0.09427077199870837,10,GPU_HYBRID,0
0.09308479199899011,10,GPU_HYBRID,0
0.08924672300054226,10,GPU_HYBRID,0
0.09483211500264588,10,GPU_HYBRID,0
0.09244879399921047,10,GPU_HYBRID,0
0.09969296500275959,10,GPU_HYBRID,0
0.08625226800359087,10,GPU_HYBRID,0
0.08779107900045346,10,GPU_HYBRID,0
0.08870160399965243,10,GPU_HYBRID,0
0.09066959899791982,10,GPU_HYBRID,0
0.10090627300087363,10,GPU_HYBRID,0
0.0956332960013242,10,GPU_HYBRID,0
0.10674180900241481,10,GPU_HYBRID,0
0.09276668100210372,10,GPU_HYBRID,0
0.1031752589988173,10,GPU_HYBRID,0
0.09318210399942473,10,GPU_HYBRID,0
0.10140166400015005,10,GPU_HYBRID,0
0.0876140549989941,10,GPU_HYBRID,0
0.09053055899858009,10,GPU_HYBRID,0
0.08345867499883752,10,GPU_HYBRID,0
0.08105167400208302,10,GPU_HYBRID,0
0.08386497799801873,10,GPU_HYBRID,0
0.07368555100038066,10,GPU_HYBRID,0
0.0870095450009103,10,GPU_HYBRID,0
0.07779942699926323,10,GPU_HYBRID,0
0.10117491299752146,10,GPU_HYBRID,0
0.09676737399786361,10,GPU_HYBRID,0
0.07394078300058027,10,GPU_HYBRID,0
0.08503483000095002,10,GPU_HYBRID,0
0.09775773799992749,10,GPU_HYBRID,0
0.09372315799919306,10,GPU_HYBRID,0
0.10063773100046092,10,GPU_HYBRID,0
0.09095458999945549,10,GPU_HYBRID,0
0.07181416399907903,10,GPU_HYBRID,0
0.07390811100049177,10,GPU_HYBRID,0
0.08901728300043033,10,GPU_HYBRID,0
0.06921458700162475,10,GPU_HYBRID,0
0.0773222120005812,10,GPU_HYBRID,0
0.07549581700004637,10,GPU_HYBRID,0
0.09027564800271648,10,GPU_HYBRID,0
0.08966892899843515,10,GPU_HYBRID,0
0.08506327899885946,10,GPU_HYBRID,0
0.08769456699883449,10,GPU_HYBRID,0
0.08854973299821722,10,GPU_HYBRID,0
0.08551863799948478,10,GPU_HYBRID,0
0.09133007700074813,10,GPU_HYBRID,0
0.08928851400196436,10,GPU_HYBRID,0
0.09715537299780408,10,GPU_HYBRID,0
0.09763825100162649,10,GPU_HYBRID,0
0.09200514699841733,10,GPU_HYBRID,0
0.08602183599941782,10,GPU_HYBRID,0
0.0896616019999783,10,GPU_HYBRID,0
0.08871152500069002,10,GPU_HYBRID,0
0.09666795000157435,10,GPU_HYBRID,0
0.08723098499831394,10,GPU_HYBRID,0
0.08907993899993016,10,GPU_HYBRID,0
0.08524478199979058,10,GPU_HYBRID,0
0.0903596469979675,10,GPU_HYBRID,0
0.08641815499868244,10,GPU_HYBRID,0
0.08662317800190067,10,GPU_HYBRID,0
0.08796874300242052,10,GPU_HYBRID,0
0.07712461299888673,10,GPU_HYBRID,0
0.08797846999732428,10,GPU_HYBRID,0
0.08115983400057303,10,GPU_HYBRID,0
0.08990768099829438,10,GPU_HYBRID,0
0.07992390100116609,10,GPU_HYBRID,0
0.10507727000003797,10,GPU_HYBRID,0
0.11099261400158866,10,GPU_HYBRID,0
0.08875254799932009,10,GPU_HYBRID,0
0.08324414800154045,10,GPU_HYBRID,0
0.06988687300327001,10,GPU_HYBRID,0
0.08804221400350798,10,GPU_HYBRID,0
0.10109673800252494,10,GPU_HYBRID,0
0.06602179699984845,10,GPU_HYBRID,0
0.09014304099764558,10,GPU_HYBRID,0
0.08730832899891539,10,GPU_HYBRID,0
0.08491246300036437,10,GPU_HYBRID,0
0.09093862200097647,10,GPU_HYBRID,0
0.09104163000301924,10,GPU_HYBRID,0
0.10293065199948614,10,GPU_HYBRID,0
0.09426581200023065,10,GPU_HYBRID,0
0.09386360500138835,10,GPU_HYBRID,0
0.0871849690011004,10,GPU_HYBRID,0
0.08532446199751575,10,GPU_HYBRID,0
0.08889866000026814,10,GPU_HYBRID,0
0.08880038799907197,10,GPU_HYBRID,0
0.0876131910008553,10,GPU_HYBRID,0
0.08837571700132685,10,GPU_HYBRID,0
0.0833624829974724,10,GPU_HYBRID,0
0.08793936700021732,10,GPU_HYBRID,0
0.08651312999791116,10,GPU_HYBRID,0
0.0831391240026278,10,GPU_HYBRID,0
0.08603060400128015,10,GPU_HYBRID,0
0.09226773800037336,10,GPU_HYBRID,0
0.10137113599921577,10,GPU_HYBRID,0
0.09450571599882096,10,GPU_HYBRID,0
0.0992535110017343,10,GPU_HYBRID,0
0.08886233999874094,10,GPU_HYBRID,0
0.10167664000255172,10,GPU_HYBRID,0
0.08529994999844348,10,GPU_HYBRID,0
0.07971692499995697,10,GPU_HYBRID,0
0.09360584600290167,10,GPU_HYBRID,0
0.08328440400146064,10,GPU_HYBRID,0
0.08562647700091475,10,GPU_HYBRID,0
0.08940851400257088,10,GPU_HYBRID,0
0.09703015700142714,10,GPU_HYBRID,0
0.09105145300054573,10,GPU_HYBRID,0
0.08491748699816526,10,GPU_HYBRID,0
0.07955580599809764,10,GPU_HYBRID,0
0.12660156099809683,10,GPU_HYBRID,0
0.11834750400157645,10,GPU_HYBRID,0
0.10830340400207206,10,GPU_HYBRID,0
0.11859214299693122,10,GPU_HYBRID,0
0.08157228099662461,10,GPU_HYBRID,0
0.1112619250015996,10,GPU_HYBRID,0
0.12245981299929554,10,GPU_HYBRID,0
0.11730536300092353,10,GPU_HYBRID,0
0.11901748699892778,10,GPU_HYBRID,0
0.10299170800135471,10,GPU_HYBRID,0
0.11373142099910183,10,GPU_HYBRID,0
0.07945420600299258,10,GPU_HYBRID,0
0.10002537999753258,10,GPU_HYBRID,0
0.11176979499941808,10,GPU_HYBRID,0
0.10989491999862366,10,GPU_HYBRID,0
0.0851220939985069,10,GPU_HYBRID,0
0.09232460199928028,10,GPU_HYBRID,0
0.10446175200195285,10,GPU_HYBRID,0
0.10927389800053788,10,GPU_HYBRID,0
0.10689835299854167,10,GPU_HYBRID,0
0.11349404599968693,10,GPU_HYBRID,0
0.08888336399832042,10,GPU_HYBRID,0
0.09819447299742023,10,GPU_HYBRID,0
0.09226607399978093,10,GPU_HYBRID,0
0.0950947700002871,10,GPU_HYBRID,0
0.09075609499996062,10,GPU_HYBRID,0
0.09633134199975757,10,GPU_HYBRID,0
0.09662724599911598,10,GPU_HYBRID,0
0.08946886600097059,10,GPU_HYBRID,0
0.08132204100184026,10,GPU_HYBRID,0
0.08983964899744024,10,GPU_HYBRID,0
0.09379710999928648,10,GPU_HYBRID,0
0.0936066150024999,10,GPU_HYBRID,0
0.08430081599726691,10,GPU_HYBRID,0
0.08158018399990397,10,GPU_HYBRID,0
0.07192981199841597,10,GPU_HYBRID,0
0.07557988099870272,10,GPU_HYBRID,0
0.08112572100071702,10,GPU_HYBRID,0
0.09338559100069688,10,GPU_HYBRID,0
0.09007859299890697,10,GPU_HYBRID,0
0.07564186600211542,10,GPU_HYBRID,0
0.08581623699865304,10,GPU_HYBRID,0
0.09553883300031885,10,GPU_HYBRID,0
0.10185158300009789,10,GPU_HYBRID,0
0.11049440699935076,10,GPU_HYBRID,0
0.10355480999714928,10,GPU_HYBRID,0
0.0747252600012871,10,GPU_HYBRID,0
0.08479051099857315,10,GPU_HYBRID,0
0.10523797399946488,10,GPU_HYBRID,0
0.10627336299876333,10,GPU_HYBRID,0
0.09617707100187545,10,GPU_HYBRID,0
0.08231951099878643,10,GPU_HYBRID,0
0.07092632700005197,10,GPU_HYBRID,0
0.07431098900269717,10,GPU_HYBRID,0
0.07655584699750762,10,GPU_HYBRID,0
0.10157209599856287,10,GPU_HYBRID,0
0.09339586300120573,10,GPU_HYBRID,0
0.09489528300036909,10,GPU_HYBRID,0
0.09003817600023467,10,GPU_HYBRID,0
0.08970905800015316,10,GPU_HYBRID,0
0.10427051999795367,10,GPU_HYBRID,0
0.08872893199804821,10,GPU_HYBRID,0
0.09038911899915547,10,GPU_HYBRID,0
0.09082275000037043,10,GPU_HYBRID,0
0.08900195499882102,10,GPU_HYBRID,0
0.09860362499966868,10,GPU_HYBRID,0
0.09418699700108846,10,GPU_HYBRID,0
0.09978950900040218,10,GPU_HYBRID,0
0.09263976900183479,10,GPU_HYBRID,0
0.08080271400103811,10,GPU_HYBRID,0
0.07760195600349107,10,GPU_HYBRID,0
0.100360226999328,11,GPU_HYBRID,0
0.10613115500018466,11,GPU_HYBRID,0
0.09318101600001683,11,GPU_HYBRID,0
0.10588763600026141,11,GPU_HYBRID,0
0.09813450499859755,11,GPU_HYBRID,0
0.09022825599822681,11,GPU_HYBRID,0
0.09020070399856195,11,GPU_HYBRID,0
0.10105094499886036,11,GPU_HYBRID,0
0.09156953300043824,11,GPU_HYBRID,0
0.10869255499710562,11,GPU_HYBRID,0
0.10567976499805809,11,GPU_HYBRID,0
0.11195091400077217,11,GPU_HYBRID,0
0.0966633419993741,11,GPU_HYBRID,0
0.09650481399876298,11,GPU_HYBRID,0
0.11615301400161115,11,GPU_HYBRID,0
0.1062319220000063,11,GPU_HYBRID,0
0.11339567800314398,11,GPU_HYBRID,0
0.10064918599891826,11,GPU_HYBRID,0
0.10706558399760979,11,GPU_HYBRID,0
0.10164905599958729,11,GPU_HYBRID,0
0.10167302300033043,11,GPU_HYBRID,0
0.10851825200006715,11,GPU_HYBRID,0
0.09676452599887853,11,GPU_HYBRID,0
0.1078394699979981,11,GPU_HYBRID,0
0.10619573099756963,11,GPU_HYBRID,0
0.09923767100190162,11,GPU_HYBRID,0
0.10538360500140698,11,GPU_HYBRID,0
0.09919117499885033,11,GPU_HYBRID,0
0.10060720299952663,11,GPU_HYBRID,0
0.1096540559992718,11,GPU_HYBRID,0
0.0939737820008304,11,GPU_HYBRID,0
0.10185094299959019,11,GPU_HYBRID,0
0.09063087799950154,11,GPU_HYBRID,0
0.10076240199850872,11,GPU_HYBRID,0
0.09845284100083518,11,GPU_HYBRID,0
0.10212870199757162,11,GPU_HYBRID,0
0.0993448699991859,11,GPU_HYBRID,0
0.10047097899951041,11,GPU_HYBRID,0
0.09316216699880897,11,GPU_HYBRID,0
0.09222991400019964,11,GPU_HYBRID,0
0.08732506399974227,11,GPU_HYBRID,0
0.08743751099973451,11,GPU_HYBRID,0
0.09741130800102837,11,GPU_HYBRID,0
0.08836426099878736,11,GPU_HYBRID,0
0.09107996500097215,11,GPU_HYBRID,0
0.09280498500083922,11,GPU_HYBRID,0
0.09823184999913792,11,GPU_HYBRID,0
0.09511592200215091,11,GPU_HYBRID,0
0.10491064699817798,11,GPU_HYBRID,0
0.09288098500110209,11,GPU_HYBRID,0
0.1327339919989754,11,GPU_HYBRID,0
0.1292428979977558,11,GPU_HYBRID,0
0.11690830800216645,11,GPU_HYBRID,0
0.13420563500039862,11,GPU_HYBRID,0
0.1303281100008462,11,GPU_HYBRID,0
0.12242122099996777,11,GPU_HYBRID,0
0.11774366600002395,11,GPU_HYBRID,0
0.10195945499799564,11,GPU_HYBRID,0
0.0881862780006486,11,GPU_HYBRID,0
0.10091305700188968,11,GPU_HYBRID,0
0.11417074800192495,11,GPU_HYBRID,0
0.11940436499935458,11,GPU_HYBRID,0
0.1044054630001483,11,GPU_HYBRID,0
0.11483368999688537,11,GPU_HYBRID,0
0.09957027700147592,11,GPU_HYBRID,0
0.10478683899782482,11,GPU_HYBRID,0
0.10073497800112818,11,GPU_HYBRID,0
0.0966449739971722,11,GPU_HYBRID,0
0.10676216099818703,11,GPU_HYBRID,0
0.09348648599916487,11,GPU_HYBRID,0
0.09817047300020931,11,GPU_HYBRID,0
0.09088307099955273,11,GPU_HYBRID,0
0.09120060600253055,11,GPU_HYBRID,0
0.09028252799907932,11,GPU_HYBRID,0
0.09965562100114767,11,GPU_HYBRID,0
0.09825104899937287,11,GPU_HYBRID,0
0.09025811199899181,11,GPU_HYBRID,0
0.10476383099739905,11,GPU_HYBRID,0
0.09322431100008544,11,GPU_HYBRID,0
0.09243989799870178,11,GPU_HYBRID,0
0.09361931800231105,11,GPU_HYBRID,0
0.10864970799957518,11,GPU_HYBRID,0
0.09714871599862818,11,GPU_HYBRID,0
0.10800174199903267,11,GPU_HYBRID,0
0.1089006510010222,11,GPU_HYBRID,0
0.1050170779999462,11,GPU_HYBRID,0
0.11898772600034135,11,GPU_HYBRID,0
0.08537354999862146,11,GPU_HYBRID,0
0.09135308400072972,11,GPU_HYBRID,0
0.10777166199841304,11,GPU_HYBRID,0
0.10097305799718015,11,GPU_HYBRID,0
0.09389867699792376,11,GPU_HYBRID,0
0.08103762600148912,11,GPU_HYBRID,0
0.0936352220014669,11,GPU_HYBRID,0
0.10951072900206782,11,GPU_HYBRID,0
0.11535215299954871,11,GPU_HYBRID,0
0.11001146400303696,11,GPU_HYBRID,0
0.09764583500145818,11,GPU_HYBRID,0
0.10191359899909003,11,GPU_HYBRID,0
0.09657598199919448,11,GPU_HYBRID,0
0.09670586999709485,11,GPU_HYBRID,0
0.10042233900094288,11,GPU_HYBRID,0
0.11416364400065504,11,GPU_HYBRID,0
0.09515665800063289,11,GPU_HYBRID,0
0.11656059700180776,11,GPU_HYBRID,0
0.10243100500156288,11,GPU_HYBRID,0
0.10159724799814285,11,GPU_HYBRID,0
0.096945229000994,11,GPU_HYBRID,0
0.1042901040018478,11,GPU_HYBRID,0
0.12395244900108082,11,GPU_HYBRID,0
0.09401835700191441,11,GPU_HYBRID,0
0.08615210800053319,11,GPU_HYBRID,0
0.1070242399982817,11,GPU_HYBRID,0
0.0899130249999871,11,GPU_HYBRID,0
0.08072636300130398,11,GPU_HYBRID,0
0.0774628839972138,11,GPU_HYBRID,0
0.09796599399851402,11,GPU_HYBRID,0
0.10536322099869722,11,GPU_HYBRID,0
0.11414588399929926,11,GPU_HYBRID,0
0.08664100199894165,11,GPU_HYBRID,0
0.07818444999793428,11,GPU_HYBRID,0
0.1082814529981988,11,GPU_HYBRID,0
0.0762152720017184,11,GPU_HYBRID,0
0.08573345200056792,11,GPU_HYBRID,0
0.10436684000160312,11,GPU_HYBRID,0
0.10422172000107821,11,GPU_HYBRID,0
0.12278595499810763,11,GPU_HYBRID,0
0.10763268599839648,11,GPU_HYBRID,0
0.11138566799854743,11,GPU_HYBRID,0
0.08147183300025063,11,GPU_HYBRID,0
0.10158179200152517,11,GPU_HYBRID,0
0.10137353599930066,11,GPU_HYBRID,0
0.11313062299814192,11,GPU_HYBRID,0
0.09939162199952989,11,GPU_HYBRID,0
0.10802410900214454,11,GPU_HYBRID,0
0.11409849299889174,11,GPU_HYBRID,0
0.09718215599787072,11,GPU_HYBRID,0
0.10832874799962156,11,GPU_HYBRID,0
0.11113571699752356,11,GPU_HYBRID,0
0.09570951999921817,11,GPU_HYBRID,0
0.1048565659984888,11,GPU_HYBRID,0
0.0930309360010142,11,GPU_HYBRID,0
0.09641483000086737,11,GPU_HYBRID,0
0.09817472899885615,11,GPU_HYBRID,0
0.11228854500222951,11,GPU_HYBRID,0
0.0980887449986767,11,GPU_HYBRID,0
0.09559336099846405,11,GPU_HYBRID,0
0.0959785759987426,11,GPU_HYBRID,0
0.09501598699716851,11,GPU_HYBRID,0
0.10396770499937702,11,GPU_HYBRID,0
0.08980406499904348,11,GPU_HYBRID,0
0.09850455299965688,11,GPU_HYBRID,0
0.08831834100055858,11,GPU_HYBRID,0
0.09099820600022213,11,GPU_HYBRID,0
0.09596011200119392,11,GPU_HYBRID,0
0.09120476499811048,11,GPU_HYBRID,0
0.10513765400173725,11,GPU_HYBRID,0
0.09789489000104368,11,GPU_HYBRID,0
0.11311811099949409,11,GPU_HYBRID,0
0.08791831100097625,11,GPU_HYBRID,0
0.09363035799833597,11,GPU_HYBRID,0
0.10775895900223986,11,GPU_HYBRID,0
0.11164742699838826,11,GPU_HYBRID,0
0.11514024899952346,11,GPU_HYBRID,0
0.10255663700081641,11,GPU_HYBRID,0
0.09684650900089764,11,GPU_HYBRID,0
0.11362102199927904,11,GPU_HYBRID,0
0.1084352760008187,11,GPU_HYBRID,0
0.09263880899743526,11,GPU_HYBRID,0
0.10551157299778424,11,GPU_HYBRID,0
0.10978768899803981,11,GPU_HYBRID,0
0.0998069810011657,11,GPU_HYBRID,0
0.10963485700267483,11,GPU_HYBRID,0
0.09001552099653054,11,GPU_HYBRID,0
0.08135781700184452,11,GPU_HYBRID,0
0.0937806299989461,11,GPU_HYBRID,0
0.09970950899878517,11,GPU_HYBRID,0
0.10450735199992778,11,GPU_HYBRID,0
0.09229234600206837,11,GPU_HYBRID,0
0.0912862050026888,11,GPU_HYBRID,0
0.09454360399831785,11,GPU_HYBRID,0
0.10157855999932508,11,GPU_HYBRID,0
0.09248248999938369,11,GPU_HYBRID,0
0.09955619699758245,11,GPU_HYBRID,0
0.09110614100063685,11,GPU_HYBRID,0
0.09474350800155662,11,GPU_HYBRID,0
0.09254911400057608,11,GPU_HYBRID,0
0.09125513300023158,11,GPU_HYBRID,0
0.09430802000133554,11,GPU_HYBRID,0
0.09111010900232941,11,GPU_HYBRID,0
0.1031983630018658,11,GPU_HYBRID,0
0.0906769590001204,11,GPU_HYBRID,0
0.10501794199808501,11,GPU_HYBRID,0
0.12215923700205167,11,GPU_HYBRID,0
0.10693656000148621,11,GPU_HYBRID,0
0.10531240499767591,11,GPU_HYBRID,0
0.11656722100087791,11,GPU_HYBRID,0
0.09697108500040486,11,GPU_HYBRID,0
0.09243026599870063,11,GPU_HYBRID,0
0.09792599399952451,11,GPU_HYBRID,0
0.10094525000022259,12,GPU_HYBRID,0
0.10374808999767993,12,GPU_HYBRID,0
0.106228242002544,12,GPU_HYBRID,0
0.10731441600000835,12,GPU_HYBRID,0
0.10200470300333109,12,GPU_HYBRID,0
0.10112451299937675,12,GPU_HYBRID,0
0.10510303000046406,12,GPU_HYBRID,0
0.10133011200014153,12,GPU_HYBRID,0
0.10338994599806028,12,GPU_HYBRID,0
0.09866154400151572,12,GPU_HYBRID,0
0.09533173000090756,12,GPU_HYBRID,0
0.10503179800070939,12,GPU_HYBRID,0
0.09305621599924052,12,GPU_HYBRID,0
0.10866324400194571,12,GPU_HYBRID,0
0.0991326149996894,12,GPU_HYBRID,0
0.11054672600221238,12,GPU_HYBRID,0
0.1238084489996254,12,GPU_HYBRID,0
0.1147944260010263,12,GPU_HYBRID,0
0.11658053299834137,12,GPU_HYBRID,0
0.11646699799894122,12,GPU_HYBRID,0
0.12468367899782606,12,GPU_HYBRID,0
0.14259044400023413,12,GPU_HYBRID,0
0.15954418699766393,12,GPU_HYBRID,0
0.15254993499911507,12,GPU_HYBRID,0
0.14925016800043522,12,GPU_HYBRID,0
0.1540398510005616,12,GPU_HYBRID,0
0.1635368160023063,12,GPU_HYBRID,0
0.13903397300236975,12,GPU_HYBRID,0
0.14475251700059744,12,GPU_HYBRID,0
0.12379328000315581,12,GPU_HYBRID,0
0.09603739099839004,12,GPU_HYBRID,0
0.12777461400037282,12,GPU_HYBRID,0
0.12450838299992029,12,GPU_HYBRID,0
0.11403532400072436,12,GPU_HYBRID,0
0.11421458800032269,12,GPU_HYBRID,0
0.10718667100081802,12,GPU_HYBRID,0
0.10605685100017581,12,GPU_HYBRID,0
0.11591845499788178,12,GPU_HYBRID,0
0.10344130600060453,12,GPU_HYBRID,0
0.10390978500072379,12,GPU_HYBRID,0
0.11106173300140654,12,GPU_HYBRID,0
0.11268169599861722,12,GPU_HYBRID,0
0.11449849099881249,12,GPU_HYBRID,0
0.102324765000958,12,GPU_HYBRID,0
0.11387462100174162,12,GPU_HYBRID,0
0.12605001100018853,12,GPU_HYBRID,0
0.13683858800141024,12,GPU_HYBRID,0
0.10632708999764873,12,GPU_HYBRID,0
0.09811111399903893,12,GPU_HYBRID,0
0.1231868190006935,12,GPU_HYBRID,0
0.11328883099849918,12,GPU_HYBRID,0
0.12114755999937188,12,GPU_HYBRID,0
0.09511345799910487,12,GPU_HYBRID,0
0.10109241700047278,12,GPU_HYBRID,0
0.12366230499901576,12,GPU_HYBRID,0
0.11866206400009105,12,GPU_HYBRID,0
0.11346585399951437,12,GPU_HYBRID,0
0.09472472299967194,12,GPU_HYBRID,0
0.11197840300155804,12,GPU_HYBRID,0
0.12383670400231495,12,GPU_HYBRID,0
0.0921460739991744,12,GPU_HYBRID,0
0.10343989899774897,12,GPU_HYBRID,0
0.12326448200110462,12,GPU_HYBRID,0
0.11439487600000575,12,GPU_HYBRID,0
0.12703515899920603,12,GPU_HYBRID,0
0.12151562299914076,12,GPU_HYBRID,0
0.11519359399972018,12,GPU_HYBRID,0
0.11113091600054759,12,GPU_HYBRID,0
0.11768478600060917,12,GPU_HYBRID,0
0.10195660700264852,12,GPU_HYBRID,0
0.11364582200258155,12,GPU_HYBRID,0
0.11896193500069785,12,GPU_HYBRID,0
0.1172372990004078,12,GPU_HYBRID,0
0.10812644499674207,12,GPU_HYBRID,0
0.11779752199799987,12,GPU_HYBRID,0
0.12119604100007564,12,GPU_HYBRID,0
0.10891364300186979,12,GPU_HYBRID,0
0.11278140799913672,12,GPU_HYBRID,0
0.11261568000190891,12,GPU_HYBRID,0
0.10440975100209471,12,GPU_HYBRID,0
0.09663246200216236,12,GPU_HYBRID,0
0.10269455700108665,12,GPU_HYBRID,0
0.11465215499993064,12,GPU_HYBRID,0
0.10668091400293633,12,GPU_HYBRID,0
0.11126230799709447,12,GPU_HYBRID,0
0.1183859359989583,12,GPU_HYBRID,0
0.11258115199962049,12,GPU_HYBRID,0
0.11564251999880071,12,GPU_HYBRID,0
0.12209751000045799,12,GPU_HYBRID,0
0.10523240499969688,12,GPU_HYBRID,0
0.11696411600132706,12,GPU_HYBRID,0
0.12009293899973272,12,GPU_HYBRID,0
0.11071309399994789,12,GPU_HYBRID,0
0.10597160299948882,12,GPU_HYBRID,0
0.1059038910025265,12,GPU_HYBRID,0
0.1136276139986876,12,GPU_HYBRID,0
0.09979904500141856,12,GPU_HYBRID,0
0.09755220299848588,12,GPU_HYBRID,0
0.11250940900208661,12,GPU_HYBRID,0
0.10225401400020928,12,GPU_HYBRID,0
0.10878625099940109,12,GPU_HYBRID,0
0.1037061380011437,12,GPU_HYBRID,0
0.11107923600138747,12,GPU_HYBRID,0
0.10135984000226017,12,GPU_HYBRID,0
0.09725534000244807,12,GPU_HYBRID,0
0.10872004400152946,12,GPU_HYBRID,0
0.10126371300066239,12,GPU_HYBRID,0
0.10744951900051092,12,GPU_HYBRID,0
0.11349871799757238,12,GPU_HYBRID,0
0.11329625399957877,12,GPU_HYBRID,0
0.11016826299965032,12,GPU_HYBRID,0
0.10731729500184883,12,GPU_HYBRID,0
0.10184969499823637,12,GPU_HYBRID,0
0.10660712199751288,12,GPU_HYBRID,0
0.09509573099785484,12,GPU_HYBRID,0
0.10424648799744318,12,GPU_HYBRID,0
0.11196131399992737,12,GPU_HYBRID,0
0.11163833899991005,12,GPU_HYBRID,0
0.12178202200084343,12,GPU_HYBRID,0
0.1221131249985774,12,GPU_HYBRID,0
0.12062253699696157,12,GPU_HYBRID,0
0.12305593899873202,12,GPU_HYBRID,0
0.10609009899781086,12,GPU_HYBRID,0
0.10763370999848121,12,GPU_HYBRID,0
0.11329583899714635,12,GPU_HYBRID,0
0.12481634999858215,12,GPU_HYBRID,0
0.12591167500067968,12,GPU_HYBRID,0
0.11211488199842279,12,GPU_HYBRID,0
0.1179676659994584,12,GPU_HYBRID,0
0.11454789900017204,12,GPU_HYBRID,0
0.11976196399700711,12,GPU_HYBRID,0
0.11839835199862137,12,GPU_HYBRID,0
0.11895460599771468,12,GPU_HYBRID,0
0.10527528600141522,12,GPU_HYBRID,0
0.10567806800099788,12,GPU_HYBRID,0
0.11864283199975034,12,GPU_HYBRID,0
0.10888289099966642,12,GPU_HYBRID,0
0.11337679799908074,12,GPU_HYBRID,0
0.11834308900142787,12,GPU_HYBRID,0
0.12168643900076859,12,GPU_HYBRID,0
0.1205101220002689,12,GPU_HYBRID,0
0.12125095200099167,12,GPU_HYBRID,0
0.10181583899975521,12,GPU_HYBRID,0
0.08900595600061934,12,GPU_HYBRID,0
0.11714840399872628,12,GPU_HYBRID,0
0.1254562200010696,12,GPU_HYBRID,0
0.12226298099994892,12,GPU_HYBRID,0
0.10812647700004163,12,GPU_HYBRID,0
0.10172140799841145,12,GPU_HYBRID,0
0.11690795600225101,12,GPU_HYBRID,0
0.11102054900038638,12,GPU_HYBRID,0
0.10774775899699307,12,GPU_HYBRID,0
0.09784980199765414,12,GPU_HYBRID,0
0.10521480599709321,12,GPU_HYBRID,0
0.09151222099899314,12,GPU_HYBRID,0
0.10667691400158219,12,GPU_HYBRID,0
0.10879850699711824,12,GPU_HYBRID,0
0.09745316399857984,12,GPU_HYBRID,0
0.10627096299867844,12,GPU_HYBRID,0
0.10673873700216063,12,GPU_HYBRID,0
0.10293906800143304,12,GPU_HYBRID,0
0.1021337259990105,12,GPU_HYBRID,0
0.1123999690025812,12,GPU_HYBRID,0
0.10414101599963033,12,GPU_HYBRID,0
0.1062037629999395,12,GPU_HYBRID,0
0.10826170799919055,12,GPU_HYBRID,0
0.1267007599999488,12,GPU_HYBRID,0
0.09343538300163345,12,GPU_HYBRID,0
0.10116566499709734,12,GPU_HYBRID,0
0.11375161400064826,12,GPU_HYBRID,0
0.11771019400111982,12,GPU_HYBRID,0
0.11890135899739107,12,GPU_HYBRID,0
0.1150605059992813,12,GPU_HYBRID,0
0.11750833800033433,12,GPU_HYBRID,0
0.11808897700029775,12,GPU_HYBRID,0
0.1232087060016056,12,GPU_HYBRID,0
0.12414348699894617,12,GPU_HYBRID,0
0.10607985900060157,12,GPU_HYBRID,0
0.11156093199679162,12,GPU_HYBRID,0
0.10970013699989067,12,GPU_HYBRID,0
0.12021933800133411,12,GPU_HYBRID,0
0.12370294499851298,12,GPU_HYBRID,0
0.12437302300168085,12,GPU_HYBRID,0
0.11665563699716586,12,GPU_HYBRID,0
0.1179685930001142,12,GPU_HYBRID,0
0.11975735600208282,12,GPU_HYBRID,0
0.11649458199826768,12,GPU_HYBRID,0
0.10879514699990978,12,GPU_HYBRID,0
0.08688628199888626,12,GPU_HYBRID,0
0.09469752400036668,12,GPU_HYBRID,0
0.10070137799993972,12,GPU_HYBRID,0
0.11047091799991904,12,GPU_HYBRID,0
0.10422290399947087,12,GPU_HYBRID,0
0.09280728899830137,12,GPU_HYBRID,0
0.10770318199865869,12,GPU_HYBRID,0
0.12179917399771512,12,GPU_HYBRID,0
0.12930411299748812,12,GPU_HYBRID,0
0.11277468799744383,12,GPU_HYBRID,0
0.12926798499756842,12,GPU_HYBRID,0
0.11642357399978209,12,GPU_HYBRID,0
0.11784081800215063,13,GPU_HYBRID,0
0.14336688999901526,13,GPU_HYBRID,0
0.14235418799944455,13,GPU_HYBRID,0
0.1390626770007657,13,GPU_HYBRID,0
0.12657704899902456,13,GPU_HYBRID,0
0.09089615799894091,13,GPU_HYBRID,0
0.10598792300152127,13,GPU_HYBRID,0
0.1255036439979449,13,GPU_HYBRID,0
0.1132424630013702,13,GPU_HYBRID,0
0.13010183900041739,13,GPU_HYBRID,0
0.1278614610018849,13,GPU_HYBRID,0
0.12240352500157314,13,GPU_HYBRID,0
0.13245076000021072,13,GPU_HYBRID,0
0.12500463700052933,13,GPU_HYBRID,0
0.11782248199961032,13,GPU_HYBRID,0
0.11814408099962748,13,GPU_HYBRID,0
0.1251550689994474,13,GPU_HYBRID,0
0.11407830100142746,13,GPU_HYBRID,0
0.12312528300026315,13,GPU_HYBRID,0
0.11226553800224792,13,GPU_HYBRID,0
0.11363490900112083,13,GPU_HYBRID,0
0.11376681399997324,13,GPU_HYBRID,0
0.10983418400064693,13,GPU_HYBRID,0
0.10776635000001988,13,GPU_HYBRID,0
0.10566139599905,13,GPU_HYBRID,0
0.12079588100095862,13,GPU_HYBRID,0
0.12441292699804762,13,GPU_HYBRID,0
0.11902542200186872,13,GPU_HYBRID,0
0.14012139500118792,13,GPU_HYBRID,0
0.1078249419988424,13,GPU_HYBRID,0
0.10385567399862339,13,GPU_HYBRID,0
0.12606194600084564,13,GPU_HYBRID,0
0.11613746300281491,13,GPU_HYBRID,0
0.1302641100010078,13,GPU_HYBRID,0
0.1272344869976223,13,GPU_HYBRID,0
0.12702776799778803,13,GPU_HYBRID,0
0.11346063800010597,13,GPU_HYBRID,0
0.12098048900224967,13,GPU_HYBRID,0
0.11555704800048261,13,GPU_HYBRID,0
0.12882446700314176,13,GPU_HYBRID,0
0.11559967199718812,13,GPU_HYBRID,0
0.11195814599705045,13,GPU_HYBRID,0
0.1139010849983606,13,GPU_HYBRID,0
0.11778699400019832,13,GPU_HYBRID,0
0.11607509500026936,13,GPU_HYBRID,0
0.11735870700067608,13,GPU_HYBRID,0
0.1184742549994553,13,GPU_HYBRID,0
0.10733527900083573,13,GPU_HYBRID,0
0.11556024799938314,13,GPU_HYBRID,0
0.11584632800077088,13,GPU_HYBRID,0
0.11777185800019652,13,GPU_HYBRID,0
0.12201859800188686,13,GPU_HYBRID,0
0.11707851600294816,13,GPU_HYBRID,0
0.10312501899898052,13,GPU_HYBRID,0
0.11943313300071168,13,GPU_HYBRID,0
0.11567211999863503,13,GPU_HYBRID,0
0.1174652990011964,13,GPU_HYBRID,0
0.10897514699900057,13,GPU_HYBRID,0
0.11795076900307322,13,GPU_HYBRID,0
0.12633279300280265,13,GPU_HYBRID,0
0.10370428200258175,13,GPU_HYBRID,0
0.11016032699990319,13,GPU_HYBRID,0
0.13366886900257668,13,GPU_HYBRID,0
0.1295567849992949,13,GPU_HYBRID,0
0.11636171800273587,13,GPU_HYBRID,0
0.12179280599957565,13,GPU_HYBRID,0
0.1134802859996853,13,GPU_HYBRID,0
0.11676190900107031,13,GPU_HYBRID,0
0.11835799999971641,13,GPU_HYBRID,0
0.11152432400194812,13,GPU_HYBRID,0
0.11092378099783673,13,GPU_HYBRID,0
0.11663637300080154,13,GPU_HYBRID,0
0.11921012599850656,13,GPU_HYBRID,0
0.1170291400012502,13,GPU_HYBRID,0
0.1235927689995151,13,GPU_HYBRID,0
0.11020112700134632,13,GPU_HYBRID,0
0.10658987399801845,13,GPU_HYBRID,0
0.11533688800045638,13,GPU_HYBRID,0
0.1259497859973635,13,GPU_HYBRID,0
0.10957671300275251,13,GPU_HYBRID,0
0.10305126000093878,13,GPU_HYBRID,0
0.11399327600156539,13,GPU_HYBRID,0
0.10047133099942585,13,GPU_HYBRID,0
0.10380380199785577,13,GPU_HYBRID,0
0.10840919599650078,13,GPU_HYBRID,0
0.1256172430003062,13,GPU_HYBRID,0
0.11492520999672706,13,GPU_HYBRID,0
0.11124086799827637,13,GPU_HYBRID,0
0.1758648129980429,13,GPU_HYBRID,0
0.1704801560008491,13,GPU_HYBRID,0
0.14011537800251972,13,GPU_HYBRID,0
0.18097721400044975,13,GPU_HYBRID,0
0.15398874699894805,13,GPU_HYBRID,0
0.16485127600026317,13,GPU_HYBRID,0
0.16348801600179286,13,GPU_HYBRID,0
0.15767881700230646,13,GPU_HYBRID,0
0.13859867899736855,13,GPU_HYBRID,0
0.12298374700185377,13,GPU_HYBRID,0
0.12216816499858396,13,GPU_HYBRID,0
0.12002279599983012,13,GPU_HYBRID,0
0.125667803997203,13,GPU_HYBRID,0
0.12802965299852076,13,GPU_HYBRID,0
0.12824728399937158,13,GPU_HYBRID,0
0.1213822479985538,13,GPU_HYBRID,0
0.12783128599767224,13,GPU_HYBRID,0
0.12440713500109268,13,GPU_HYBRID,0
0.12063613700229325,13,GPU_HYBRID,0
0.10604011599934893,13,GPU_HYBRID,0
0.13396432400259073,13,GPU_HYBRID,0
0.1322965840008692,13,GPU_HYBRID,0
0.1038156729991897,13,GPU_HYBRID,0
0.10813876500105835,13,GPU_HYBRID,0
0.11823697599902516,13,GPU_HYBRID,0
0.1435327760009386,13,GPU_HYBRID,0
0.12276819599719602,13,GPU_HYBRID,0
0.1102639429991541,13,GPU_HYBRID,0
0.13096234800104867,13,GPU_HYBRID,0
0.13910450099865557,13,GPU_HYBRID,0
0.15140670600158046,13,GPU_HYBRID,0
0.1280728210003872,13,GPU_HYBRID,0
0.11174416200083215,13,GPU_HYBRID,0
0.13926584499859018,13,GPU_HYBRID,0
0.1407356650015572,13,GPU_HYBRID,0
0.12865857900033006,13,GPU_HYBRID,0
0.10571496400007163,13,GPU_HYBRID,0
0.10028851600145572,13,GPU_HYBRID,0
0.10964426499776891,13,GPU_HYBRID,0
0.11736517100143828,13,GPU_HYBRID,0
0.12002257199856103,13,GPU_HYBRID,0
0.12357091299782041,13,GPU_HYBRID,0
0.12083517700011726,13,GPU_HYBRID,0
0.11558504799904767,13,GPU_HYBRID,0
0.11622229400018114,13,GPU_HYBRID,0
0.11775172900161124,13,GPU_HYBRID,0
0.1155810800009931,13,GPU_HYBRID,0
0.11551384800259257,13,GPU_HYBRID,0
0.10847994800133165,13,GPU_HYBRID,0
0.11276515200006543,13,GPU_HYBRID,0
0.11862081599974772,13,GPU_HYBRID,0
0.10843418900185497,13,GPU_HYBRID,0
0.10735051099982229,13,GPU_HYBRID,0
0.11427804300183197,13,GPU_HYBRID,0
0.12644332100171596,13,GPU_HYBRID,0
0.12436764700032654,13,GPU_HYBRID,0
0.12352742599978228,13,GPU_HYBRID,0
0.1328042320019449,13,GPU_HYBRID,0
0.12069172100018477,13,GPU_HYBRID,0
0.10228566099976888,13,GPU_HYBRID,0
0.10954151399710099,13,GPU_HYBRID,0
0.12141549499938264,13,GPU_HYBRID,0
0.09839815300074406,13,GPU_HYBRID,0
0.11478313000043272,13,GPU_HYBRID,0
0.11974938799903612,13,GPU_HYBRID,0
0.1200150200020289,13,GPU_HYBRID,0
0.12520044499979122,13,GPU_HYBRID,0
0.1229427870021027,13,GPU_HYBRID,0
0.12417923099928885,13,GPU_HYBRID,0
0.1165015249971475,13,GPU_HYBRID,0
0.10850769199896604,13,GPU_HYBRID,0
0.1176498420027201,13,GPU_HYBRID,0
0.11684354099998018,13,GPU_HYBRID,0
0.1260449539986439,13,GPU_HYBRID,0
0.1123292499978561,13,GPU_HYBRID,0
0.10620097900027758,13,GPU_HYBRID,0
0.11382239700105856,13,GPU_HYBRID,0
0.11448233100236394,13,GPU_HYBRID,0
0.10579627599872765,13,GPU_HYBRID,0
0.10703761599870631,13,GPU_HYBRID,0
0.10631233899766812,13,GPU_HYBRID,0
0.11282460800066474,13,GPU_HYBRID,0
0.11452287500287639,13,GPU_HYBRID,0
0.11054701399916667,13,GPU_HYBRID,0
0.11566149499776657,13,GPU_HYBRID,0
0.11342543799764826,13,GPU_HYBRID,0
0.11488453799756826,13,GPU_HYBRID,0
0.12294227500024135,13,GPU_HYBRID,0
0.1341701160017692,13,GPU_HYBRID,0
0.1268547440013208,13,GPU_HYBRID,0
0.1215800069985562,13,GPU_HYBRID,0
0.11550411999996868,13,GPU_HYBRID,0
0.16594432999772835,13,GPU_HYBRID,0
0.15708243400149513,13,GPU_HYBRID,0
0.1643735170000582,13,GPU_HYBRID,0
0.15248641499783844,13,GPU_HYBRID,0
0.11943879799946444,13,GPU_HYBRID,0
0.12883537800007616,13,GPU_HYBRID,0
0.13578998199955095,13,GPU_HYBRID,0
0.10465458299950114,13,GPU_HYBRID,0
0.1260274819978804,13,GPU_HYBRID,0
0.1252009560012084,13,GPU_HYBRID,0
0.13338189400019473,13,GPU_HYBRID,0
0.12328198600152973,13,GPU_HYBRID,0
0.11993402799998876,13,GPU_HYBRID,0
0.11727496300227358,13,GPU_HYBRID,0
0.11349750199951814,13,GPU_HYBRID,0
0.11619141399933142,13,GPU_HYBRID,0
0.1135133739990124,13,GPU_HYBRID,0
0.10299749900150346,13,GPU_HYBRID,0
0.10580210000262014,13,GPU_HYBRID,0
0.11311500699957833,13,GPU_HYBRID,0
0.12122032800107263,14,GPU_HYBRID,0
0.12760712599992985,14,GPU_HYBRID,0
0.12746722199881333,14,GPU_HYBRID,0
0.1215778309997404,14,GPU_HYBRID,0
0.13391491600123118,14,GPU_HYBRID,0
0.13402886699986993,14,GPU_HYBRID,0
0.13061863699840615,14,GPU_HYBRID,0
0.14252567600124166,14,GPU_HYBRID,0
0.1194300610004575,14,GPU_HYBRID,0
0.1318116580005153,14,GPU_HYBRID,0
0.1422884610001347,14,GPU_HYBRID,0
0.13939851699979044,14,GPU_HYBRID,0
0.1433791449999262,14,GPU_HYBRID,0
0.1419533570006024,14,GPU_HYBRID,0
0.13796360800188268,14,GPU_HYBRID,0
0.13473488100135,14,GPU_HYBRID,0
0.137116090998461,14,GPU_HYBRID,0
0.14265585099929012,14,GPU_HYBRID,0
0.12576069900023867,14,GPU_HYBRID,0
0.12564044300233945,14,GPU_HYBRID,0
0.13316515800033812,14,GPU_HYBRID,0
0.1281651729987061,14,GPU_HYBRID,0
0.13384061200122233,14,GPU_HYBRID,0
0.13452451400007703,14,GPU_HYBRID,0
0.129379185000289,14,GPU_HYBRID,0
0.1327545669992105,14,GPU_HYBRID,0
0.1450189479983237,14,GPU_HYBRID,0
0.14147057400259655,14,GPU_HYBRID,0
0.14476608599943575,14,GPU_HYBRID,0
0.12196928599951207,14,GPU_HYBRID,0
0.11968788499871152,14,GPU_HYBRID,0
0.144316006997542,14,GPU_HYBRID,0
0.11660258099800558,14,GPU_HYBRID,0
0.14143130999946152,14,GPU_HYBRID,0
0.15220705599858775,14,GPU_HYBRID,0
0.11353238199808402,14,GPU_HYBRID,0
0.11447004399815341,14,GPU_HYBRID,0
0.13931131600111257,14,GPU_HYBRID,0
0.10996013600015431,14,GPU_HYBRID,0
0.10268671599988011,14,GPU_HYBRID,0
0.13286394299939275,14,GPU_HYBRID,0
0.13298727100118413,14,GPU_HYBRID,0
0.1252366999979131,14,GPU_HYBRID,0
0.123981119999371,14,GPU_HYBRID,0
0.1425513080030214,14,GPU_HYBRID,0
0.10673176199998125,14,GPU_HYBRID,0
0.12787621400275384,14,GPU_HYBRID,0
0.1298300639973604,14,GPU_HYBRID,0
0.14244161199894734,14,GPU_HYBRID,0
0.1282952200017462,14,GPU_HYBRID,0
0.12600572200244642,14,GPU_HYBRID,0
0.1298138399979507,14,GPU_HYBRID,0
0.12808321999909822,14,GPU_HYBRID,0
0.12160384700109717,14,GPU_HYBRID,0
0.1401474109989067,14,GPU_HYBRID,0
0.12068036100026802,14,GPU_HYBRID,0
0.12143127099989215,14,GPU_HYBRID,0
0.11858808000033605,14,GPU_HYBRID,0
0.11979770800098777,14,GPU_HYBRID,0
0.1265557369988528,14,GPU_HYBRID,0
0.14098353599911206,14,GPU_HYBRID,0
0.1312986990014906,14,GPU_HYBRID,0
0.13746997799898963,14,GPU_HYBRID,0
0.12365888099884614,14,GPU_HYBRID,0
0.12995435099946917,14,GPU_HYBRID,0
0.14459907800119254,14,GPU_HYBRID,0
0.10010214800058748,14,GPU_HYBRID,0
0.11266166399946087,14,GPU_HYBRID,0
0.12795429199832142,14,GPU_HYBRID,0
0.12801986100021168,14,GPU_HYBRID,0
0.1297891680005705,14,GPU_HYBRID,0
0.1379124730010517,14,GPU_HYBRID,0
0.13843077500132495,14,GPU_HYBRID,0
0.1232026899997436,14,GPU_HYBRID,0
0.1189812949996849,14,GPU_HYBRID,0
0.12439212699973723,14,GPU_HYBRID,0
0.1251619489994482,14,GPU_HYBRID,0
0.09876624800017453,14,GPU_HYBRID,0
0.11448591500084149,14,GPU_HYBRID,0
0.12179069400008302,14,GPU_HYBRID,0
0.11524671299775946,14,GPU_HYBRID,0
0.130049871000665,14,GPU_HYBRID,0
0.13306998999905773,14,GPU_HYBRID,0
0.12617439399764407,14,GPU_HYBRID,0
0.11444857099922956,14,GPU_HYBRID,0
0.11586341499787522,14,GPU_HYBRID,0
0.11798222499783151,14,GPU_HYBRID,0
0.11269798400098807,14,GPU_HYBRID,0
0.12570018799669924,14,GPU_HYBRID,0
0.11631794200002332,14,GPU_HYBRID,0
0.1145419150016096,14,GPU_HYBRID,0
0.1423094849997142,14,GPU_HYBRID,0
0.1315730979986256,14,GPU_HYBRID,0
0.13227671300046495,14,GPU_HYBRID,0
0.14800428400121746,14,GPU_HYBRID,0
0.1760597559987218,14,GPU_HYBRID,0
0.17890339600126026,14,GPU_HYBRID,0
0.12506847699842183,14,GPU_HYBRID,0
0.17559828600133187,14,GPU_HYBRID,0
0.16633716000069398,14,GPU_HYBRID,0
0.16460839700084762,14,GPU_HYBRID,0
0.15379549999852316,14,GPU_HYBRID,0
0.11014576800153009,14,GPU_HYBRID,0
0.12418265599990264,14,GPU_HYBRID,0
0.1426576109988673,14,GPU_HYBRID,0
0.1551940880017355,14,GPU_HYBRID,0
0.1523109919980925,14,GPU_HYBRID,0
0.13970539500223822,14,GPU_HYBRID,0
0.12454633499874035,14,GPU_HYBRID,0
0.12726658300016425,14,GPU_HYBRID,0
0.11222614600046654,14,GPU_HYBRID,0
0.13346151000223472,14,GPU_HYBRID,0
0.12351222500001313,14,GPU_HYBRID,0
0.11651592600173899,14,GPU_HYBRID,0
0.11793294599920046,14,GPU_HYBRID,0
0.12197450099847629,14,GPU_HYBRID,0
0.12427686299997731,14,GPU_HYBRID,0
0.12722475900227437,14,GPU_HYBRID,0
0.11472338600287912,14,GPU_HYBRID,0
0.11727790799704962,14,GPU_HYBRID,0
0.1144194830012566,14,GPU_HYBRID,0
0.11784942599842907,14,GPU_HYBRID,0
0.11777057699873694,14,GPU_HYBRID,0
0.11580517499896814,14,GPU_HYBRID,0
0.11406390000047395,14,GPU_HYBRID,0
0.12054100200111861,14,GPU_HYBRID,0
0.10930727400045726,14,GPU_HYBRID,0
0.10922807400129386,14,GPU_HYBRID,0
0.11544044100082829,14,GPU_HYBRID,0
0.11615298200194957,14,GPU_HYBRID,0
0.11764833800043561,14,GPU_HYBRID,0
0.11334454200186883,14,GPU_HYBRID,0
0.12069024999800604,14,GPU_HYBRID,0
0.12166125400108285,14,GPU_HYBRID,0
0.1306126220006263,14,GPU_HYBRID,0
0.13487283299764385,14,GPU_HYBRID,0
0.12698399100190727,14,GPU_HYBRID,0
0.14570233899939922,14,GPU_HYBRID,0
0.12954811199961114,14,GPU_HYBRID,0
0.14038475300185382,14,GPU_HYBRID,0
0.12837649999710266,14,GPU_HYBRID,0
0.18562312200083397,14,GPU_HYBRID,0
0.1876832749985624,14,GPU_HYBRID,0
0.17568487799871946,14,GPU_HYBRID,0
0.13894399000128033,14,GPU_HYBRID,0
0.16566928999964148,14,GPU_HYBRID,0
0.17322107699874323,14,GPU_HYBRID,0
0.15919801199925132,14,GPU_HYBRID,0
0.16769366799780983,14,GPU_HYBRID,0
0.18026521600040724,14,GPU_HYBRID,0
0.14109681499758153,14,GPU_HYBRID,0
0.16795475500111934,14,GPU_HYBRID,0
0.13169149799796287,14,GPU_HYBRID,0
0.15052309300153865,14,GPU_HYBRID,0
0.17407323400038877,14,GPU_HYBRID,0
0.13634582099984982,14,GPU_HYBRID,0
0.1378967599994212,14,GPU_HYBRID,0
0.1340804510000453,14,GPU_HYBRID,0
0.1280220049993659,14,GPU_HYBRID,0
0.11343366200162563,14,GPU_HYBRID,0
0.12666946500030463,14,GPU_HYBRID,0
0.12776181300068856,14,GPU_HYBRID,0
0.09583934400143335,14,GPU_HYBRID,0
0.11618213399924571,14,GPU_HYBRID,0
0.12442403100067168,14,GPU_HYBRID,0
0.1300246229984623,14,GPU_HYBRID,0
0.1310583480008063,14,GPU_HYBRID,0
0.13226957699953346,14,GPU_HYBRID,0
0.15067442000145093,14,GPU_HYBRID,0
0.11785272199995234,14,GPU_HYBRID,0
0.11375289300121949,14,GPU_HYBRID,0
0.1286163389995636,14,GPU_HYBRID,0
0.10095888200157788,14,GPU_HYBRID,0
0.13012583900126629,14,GPU_HYBRID,0
0.11625752600230044,14,GPU_HYBRID,0
0.1064938740018988,14,GPU_HYBRID,0
0.14799497200147016,14,GPU_HYBRID,0
0.12414950399761437,14,GPU_HYBRID,0
0.10668545699809329,14,GPU_HYBRID,0
0.11882347100254265,14,GPU_HYBRID,0
0.13217354500011425,14,GPU_HYBRID,0
0.10814356499759015,14,GPU_HYBRID,0
0.12642082499951357,14,GPU_HYBRID,0
0.14668988799894578,14,GPU_HYBRID,0
0.13307686999905854,14,GPU_HYBRID,0
0.11185696300162817,14,GPU_HYBRID,0
0.1032485390023794,14,GPU_HYBRID,0
0.11364697400131263,14,GPU_HYBRID,0
0.10651060899908771,14,GPU_HYBRID,0
0.13006020700049703,14,GPU_HYBRID,0
0.13285959099812317,14,GPU_HYBRID,0
0.12016756299999543,14,GPU_HYBRID,0
0.11254201699921396,14,GPU_HYBRID,0
0.12412364700139733,14,GPU_HYBRID,0
0.12310844999956316,14,GPU_HYBRID,0
0.13355258100273204,14,GPU_HYBRID,0
0.14954306399886264,14,GPU_HYBRID,0
0.12954462500056252,14,GPU_HYBRID,0
0.11896852599966223,14,GPU_HYBRID,0
0.122429381000984,14,GPU_HYBRID,0
0.12779573399893707,15,GPU_HYBRID,0
0.11332998299985775,15,GPU_HYBRID,0
0.12852209899938316,15,GPU_HYBRID,0
0.12582245899830014,15,GPU_HYBRID,0
0.13672028399741976,15,GPU_HYBRID,0
0.15179630600323435,15,GPU_HYBRID,0
0.14856121099728625,15,GPU_HYBRID,0
0.12873003500135383,15,GPU_HYBRID,0
0.1529996610006492,15,GPU_HYBRID,0
0.1275040539985639,15,GPU_HYBRID,0
0.1145771789997525,15,GPU_HYBRID,0
0.1514728500005731,15,GPU_HYBRID,0
0.14358298500155797,15,GPU_HYBRID,0
0.1399799230021017,15,GPU_HYBRID,0
0.1465312959990115,15,GPU_HYBRID,0
0.1264183610001055,15,GPU_HYBRID,0
0.13230458500038367,15,GPU_HYBRID,0
0.1373055949989066,15,GPU_HYBRID,0
0.1378638009991846,15,GPU_HYBRID,0
0.1368562829993607,15,GPU_HYBRID,0
0.1335241019987734,15,GPU_HYBRID,0
0.1321383450012945,15,GPU_HYBRID,0
0.14328976899923873,15,GPU_HYBRID,0
0.13791954499902204,15,GPU_HYBRID,0
0.14234724400012055,15,GPU_HYBRID,0
0.13620764500228688,15,GPU_HYBRID,0
0.14284900300117442,15,GPU_HYBRID,0
0.14883288999772049,15,GPU_HYBRID,0
0.13728527399871382,15,GPU_HYBRID,0
0.14624140999876545,15,GPU_HYBRID,0
0.13953598800071632,15,GPU_HYBRID,0
0.1372447950016067,15,GPU_HYBRID,0
0.14298570699975244,15,GPU_HYBRID,0
0.13828495100096916,15,GPU_HYBRID,0
0.1486909060004109,15,GPU_HYBRID,0
0.14877669799898285,15,GPU_HYBRID,0
0.13482307300000684,15,GPU_HYBRID,0
0.13708389900057227,15,GPU_HYBRID,0
0.13368973300021025,15,GPU_HYBRID,0
0.14718582299974514,15,GPU_HYBRID,0
0.14595296200059238,15,GPU_HYBRID,0
0.13597529400067287,15,GPU_HYBRID,0
0.14262503500140156,15,GPU_HYBRID,0
0.1343679709971184,15,GPU_HYBRID,0
0.18031731200244394,15,GPU_HYBRID,0
0.1730067729986331,15,GPU_HYBRID,0
0.17974256200250238,15,GPU_HYBRID,0
0.19303212399972836,15,GPU_HYBRID,0
0.18749425199712277,15,GPU_HYBRID,0
0.17679642700022669,15,GPU_HYBRID,0
0.17762772000060068,15,GPU_HYBRID,0
0.18333202400026494,15,GPU_HYBRID,0
0.12866833899897756,15,GPU_HYBRID,0
0.140282226002455,15,GPU_HYBRID,0
0.1478769560017099,15,GPU_HYBRID,0
0.15815529499741388,15,GPU_HYBRID,0
0.1437623439996969,15,GPU_HYBRID,0
0.14376564000122016,15,GPU_HYBRID,0
0.13600003000101424,15,GPU_HYBRID,0
0.1380959289999737,15,GPU_HYBRID,0
0.13578095900084008,15,GPU_HYBRID,0
0.1267987440005527,15,GPU_HYBRID,0
0.1156494000024395,15,GPU_HYBRID,0
0.12038122599915368,15,GPU_HYBRID,0
0.12744661499891663,15,GPU_HYBRID,0
0.12608994699985487,15,GPU_HYBRID,0
0.13470252999832155,15,GPU_HYBRID,0
0.15131838700108347,15,GPU_HYBRID,0
0.13791196099919034,15,GPU_HYBRID,0
0.11547327199878055,15,GPU_HYBRID,0
0.12900085000001127,15,GPU_HYBRID,0
0.1079287819993624,15,GPU_HYBRID,0
0.1250590050003666,15,GPU_HYBRID,0
0.1383690149996255,15,GPU_HYBRID,0
0.1421401080006035,15,GPU_HYBRID,0
0.1496101680022548,15,GPU_HYBRID,0
0.14674207899952307,15,GPU_HYBRID,0
0.14766274899739074,15,GPU_HYBRID,0
0.13554982300047413,15,GPU_HYBRID,0
0.11334546999933082,15,GPU_HYBRID,0
0.1404734580028162,15,GPU_HYBRID,0
0.15742182499889168,15,GPU_HYBRID,0
0.1442270469997311,15,GPU_HYBRID,0
0.15669033899757778,15,GPU_HYBRID,0
0.15479642499849433,15,GPU_HYBRID,0
0.14274151499921572,15,GPU_HYBRID,0
0.14894709800137207,15,GPU_HYBRID,0
0.14701811100167106,15,GPU_HYBRID,0
0.14800492400172516,15,GPU_HYBRID,0
0.1525943830019969,15,GPU_HYBRID,0
0.11493186599909677,15,GPU_HYBRID,0
0.1276424540010339,15,GPU_HYBRID,0
0.12556546699852333,15,GPU_HYBRID,0
0.11944231699817465,15,GPU_HYBRID,0
0.137573017997056,15,GPU_HYBRID,0
0.1261665220008581,15,GPU_HYBRID,0
0.15287009500025306,15,GPU_HYBRID,0
0.17713268200168386,15,GPU_HYBRID,0
0.12412998299987521,15,GPU_HYBRID,0
0.11503394600003958,15,GPU_HYBRID,0
0.15333463699789718,15,GPU_HYBRID,0
0.14893292199849384,15,GPU_HYBRID,0
0.14874018599948613,15,GPU_HYBRID,0
0.13827391199811245,15,GPU_HYBRID,0
0.11117066100268858,15,GPU_HYBRID,0
0.14849365800182568,15,GPU_HYBRID,0
0.13738895500137005,15,GPU_HYBRID,0
0.12422985499870265,15,GPU_HYBRID,0
0.14671024000199395,15,GPU_HYBRID,0
0.1401762109999254,15,GPU_HYBRID,0
0.14146539000284974,15,GPU_HYBRID,0
0.15527047100113123,15,GPU_HYBRID,0
0.14779327699943678,15,GPU_HYBRID,0
0.13856255100108683,15,GPU_HYBRID,0
0.14865624999947613,15,GPU_HYBRID,0
0.14990110999860917,15,GPU_HYBRID,0
0.12444150299779722,15,GPU_HYBRID,0
0.13685260399870458,15,GPU_HYBRID,0
0.1319483940023929,15,GPU_HYBRID,0
0.13305267800024012,15,GPU_HYBRID,0
0.1609422639994591,15,GPU_HYBRID,0
0.1419672129995888,15,GPU_HYBRID,0
0.14654176000112784,15,GPU_HYBRID,0
0.14111524799955077,15,GPU_HYBRID,0
0.11856907199762645,15,GPU_HYBRID,0
0.14707625500159338,15,GPU_HYBRID,0
0.14608208099889453,15,GPU_HYBRID,0
0.13280035900243092,15,GPU_HYBRID,0
0.11932065399741987,15,GPU_HYBRID,0
0.11998641100217355,15,GPU_HYBRID,0
0.13683036400107085,15,GPU_HYBRID,0
0.1372210509980505,15,GPU_HYBRID,0
0.14701913500175579,15,GPU_HYBRID,0
0.13598201399872778,15,GPU_HYBRID,0
0.14031233800051268,15,GPU_HYBRID,0
0.14245642800233327,15,GPU_HYBRID,0
0.14506451600027503,15,GPU_HYBRID,0
0.15495767299944418,15,GPU_HYBRID,0
0.13417609900352545,15,GPU_HYBRID,0
0.13938962099928176,15,GPU_HYBRID,0
0.14199572500001523,15,GPU_HYBRID,0
0.13351904599767295,15,GPU_HYBRID,0
0.13954027599902474,15,GPU_HYBRID,0
0.12530620399775216,15,GPU_HYBRID,0
0.15146821099915542,15,GPU_HYBRID,0
0.13401664399862057,15,GPU_HYBRID,0
0.11959306899734656,15,GPU_HYBRID,0
0.14049867300127517,15,GPU_HYBRID,0
0.13369229300224106,15,GPU_HYBRID,0
0.1392405639999197,15,GPU_HYBRID,0
0.13781784899765626,15,GPU_HYBRID,0
0.14258445900122751,15,GPU_HYBRID,0
0.131165835999127,15,GPU_HYBRID,0
0.1226678120001452,15,GPU_HYBRID,0
0.1183697119995486,15,GPU_HYBRID,0
0.15434023399939178,15,GPU_HYBRID,0
0.1389628700017056,15,GPU_HYBRID,0
0.1259291470014432,15,GPU_HYBRID,0
0.13968843600014225,15,GPU_HYBRID,0
0.14408717499827617,15,GPU_HYBRID,0
0.13055998200070462,15,GPU_HYBRID,0
0.1395762440006365,15,GPU_HYBRID,0
0.1379544880001049,15,GPU_HYBRID,0
0.13176199399822508,15,GPU_HYBRID,0
0.1312127800010785,15,GPU_HYBRID,0
0.13133857100183377,15,GPU_HYBRID,0
0.13276423099887324,15,GPU_HYBRID,0
0.13143665099778445,15,GPU_HYBRID,0
0.13561251099963556,15,GPU_HYBRID,0
0.135302591999789,15,GPU_HYBRID,0
0.13487372899908223,15,GPU_HYBRID,0
0.14424480700108688,15,GPU_HYBRID,0
0.12795019700206467,15,GPU_HYBRID,0
0.14220244500029366,15,GPU_HYBRID,0
0.12729778300126782,15,GPU_HYBRID,0
0.13374662900241674,15,GPU_HYBRID,0
0.17661421800221433,15,GPU_HYBRID,0
0.17452356899957522,15,GPU_HYBRID,0
0.18487573099992005,15,GPU_HYBRID,0
0.1901315560025978,15,GPU_HYBRID,0
0.1823691459976544,15,GPU_HYBRID,0
0.12575609200212057,15,GPU_HYBRID,0
0.1206838809994224,15,GPU_HYBRID,0
0.13838002299962682,15,GPU_HYBRID,0
0.11074832499798504,15,GPU_HYBRID,0
0.13122225199913373,15,GPU_HYBRID,0
0.14232458799961023,15,GPU_HYBRID,0
0.1547047770000063,15,GPU_HYBRID,0
0.13456889799999772,15,GPU_HYBRID,0
0.1504574610007694,15,GPU_HYBRID,0
0.14699059100166778,15,GPU_HYBRID,0
0.14094638399910764,15,GPU_HYBRID,0
0.15150926599744707,15,GPU_HYBRID,0
0.14161012600015965,15,GPU_HYBRID,0
0.15993436300050234,15,GPU_HYBRID,0
0.1426995630026795,15,GPU_HYBRID,0
0.1423138360005396,15,GPU_HYBRID,0
0.15176209800119977,15,GPU_HYBRID,0
0.15051032499832218,15,GPU_HYBRID,0
0.11162121899906197,15,GPU_HYBRID,0
0.151591122001264,16,GPU_HYBRID,0
0.1520879210002022,16,GPU_HYBRID,0
0.16858627400142723,16,GPU_HYBRID,0
0.1505056850000983,16,GPU_HYBRID,0
0.15286513400133117,16,GPU_HYBRID,0
0.14597644999957993,16,GPU_HYBRID,0
0.1414393419981934,16,GPU_HYBRID,0
0.1410126560003846,16,GPU_HYBRID,0
0.12877656199998455,16,GPU_HYBRID,0
0.16684029399766587,16,GPU_HYBRID,0
0.1622542600016459,16,GPU_HYBRID,0
0.14652902400121093,16,GPU_HYBRID,0
0.1447945649997564,16,GPU_HYBRID,0
0.15731629000219982,16,GPU_HYBRID,0
0.14577728200310958,16,GPU_HYBRID,0
0.14798751599664683,16,GPU_HYBRID,0
0.14183985400086385,16,GPU_HYBRID,0
0.1488938500006043,16,GPU_HYBRID,0
0.151693265997892,16,GPU_HYBRID,0
0.14822191599887447,16,GPU_HYBRID,0
0.1346016019997478,16,GPU_HYBRID,0
0.13158746699991752,16,GPU_HYBRID,0
0.13499030500315712,16,GPU_HYBRID,0
0.13226036000196473,16,GPU_HYBRID,0
0.13120929099750356,16,GPU_HYBRID,0
0.13856146300167893,16,GPU_HYBRID,0
0.14156855900000664,16,GPU_HYBRID,0
0.16054108000025735,16,GPU_HYBRID,0
0.1667681030012318,16,GPU_HYBRID,0
0.17641095600265544,16,GPU_HYBRID,0
0.16217134799808264,16,GPU_HYBRID,0
0.14176474999840138,16,GPU_HYBRID,0
0.1274054299974523,16,GPU_HYBRID,0
0.14220829999976559,16,GPU_HYBRID,0
0.14976264699726016,16,GPU_HYBRID,0
0.14078168000196456,16,GPU_HYBRID,0
0.14864709800167475,16,GPU_HYBRID,0
0.14028676900124992,16,GPU_HYBRID,0
0.14044324999849778,16,GPU_HYBRID,0
0.15979647399944952,16,GPU_HYBRID,0
0.15262222300225403,16,GPU_HYBRID,0
0.15865548600049806,16,GPU_HYBRID,0
0.1527534229971934,16,GPU_HYBRID,0
0.14723193399913725,16,GPU_HYBRID,0
0.15717203399981372,16,GPU_HYBRID,0
0.1438625989976572,16,GPU_HYBRID,0
0.1539282030025788,16,GPU_HYBRID,0
0.14011451400074293,16,GPU_HYBRID,0
0.13574012699973537,16,GPU_HYBRID,0
0.13586242999735987,16,GPU_HYBRID,0
0.13526947300124448,16,GPU_HYBRID,0
0.15146424200065667,16,GPU_HYBRID,0
0.1524222230000305,16,GPU_HYBRID,0
0.1538546679985302,16,GPU_HYBRID,0
0.1808315179987403,16,GPU_HYBRID,0
0.19690411299961852,16,GPU_HYBRID,0
0.18070710399842937,16,GPU_HYBRID,0
0.18972381400089944,16,GPU_HYBRID,0
0.1961808829983056,16,GPU_HYBRID,0
0.1500342300023476,16,GPU_HYBRID,0
0.17857117300081882,16,GPU_HYBRID,0
0.20758574700084864,16,GPU_HYBRID,0
0.19356569099909393,16,GPU_HYBRID,0
0.19852897199962172,16,GPU_HYBRID,0
0.14184682999984943,16,GPU_HYBRID,0
0.16685738199885236,16,GPU_HYBRID,0
0.127881589000026,16,GPU_HYBRID,0
0.13157556299847784,16,GPU_HYBRID,0
0.15881554999941727,16,GPU_HYBRID,0
0.11605570300162071,16,GPU_HYBRID,0
0.13866536600107793,16,GPU_HYBRID,0
0.1418587980006123,16,GPU_HYBRID,0
0.12519148499995936,16,GPU_HYBRID,0
0.15438666599948192,16,GPU_HYBRID,0
0.15763785599847324,16,GPU_HYBRID,0
0.1653259309969144,16,GPU_HYBRID,0
0.1735586120012158,16,GPU_HYBRID,0
0.17323397200016188,16,GPU_HYBRID,0
0.1435237519981456,16,GPU_HYBRID,0
0.12834667599963723,16,GPU_HYBRID,0
0.1727557660015009,16,GPU_HYBRID,0
0.16042725599982077,16,GPU_HYBRID,0
0.11939243000233546,16,GPU_HYBRID,0
0.1446545969993167,16,GPU_HYBRID,0
0.15584010200109333,16,GPU_HYBRID,0
0.1654602660019009,16,GPU_HYBRID,0
0.1544031140001607,16,GPU_HYBRID,0
0.16990425400217646,16,GPU_HYBRID,0
0.15881702200204018,16,GPU_HYBRID,0
0.14559081900006277,16,GPU_HYBRID,0
0.1430215459986357,16,GPU_HYBRID,0
0.18079731100078789,16,GPU_HYBRID,0
0.19813745400097105,16,GPU_HYBRID,0
0.15468397699805791,16,GPU_HYBRID,0
0.17972579399793176,16,GPU_HYBRID,0
0.13802143300199532,16,GPU_HYBRID,0
0.17793351099680876,16,GPU_HYBRID,0
0.14503744399917196,16,GPU_HYBRID,0
0.1346215060002578,16,GPU_HYBRID,0
0.13870683799905237,16,GPU_HYBRID,0
0.14772751700002118,16,GPU_HYBRID,0
0.13449609899907955,16,GPU_HYBRID,0
0.13265754399981233,16,GPU_HYBRID,0
0.14064187300027697,16,GPU_HYBRID,0
0.1340827560015896,16,GPU_HYBRID,0
0.13881064599991078,16,GPU_HYBRID,0
0.1374550979999185,16,GPU_HYBRID,0
0.13616524600001867,16,GPU_HYBRID,0
0.1485221389993967,16,GPU_HYBRID,0
0.138171032001992,16,GPU_HYBRID,0
0.13875723800083506,16,GPU_HYBRID,0
0.13095530799910193,16,GPU_HYBRID,0
0.14023176200134913,16,GPU_HYBRID,0
0.13420573199982755,16,GPU_HYBRID,0
0.1314071469969349,16,GPU_HYBRID,0
0.14113540700054727,16,GPU_HYBRID,0
0.1410185120003007,16,GPU_HYBRID,0
0.14806207600122434,16,GPU_HYBRID,0
0.14973803899920313,16,GPU_HYBRID,0
0.1472439339995617,16,GPU_HYBRID,0
0.1642129419997218,16,GPU_HYBRID,0
0.16867792199991527,16,GPU_HYBRID,0
0.151596370000334,16,GPU_HYBRID,0
0.13158701900101732,16,GPU_HYBRID,0
0.1689909449996776,16,GPU_HYBRID,0
0.11569007200159831,16,GPU_HYBRID,0
0.1421842359995935,16,GPU_HYBRID,0
0.15020584499870893,16,GPU_HYBRID,0
0.14508890100114513,16,GPU_HYBRID,0
0.1483006669986935,16,GPU_HYBRID,0
0.11427791499954765,16,GPU_HYBRID,0
0.13281216700124787,16,GPU_HYBRID,0
0.14828066699919873,16,GPU_HYBRID,0
0.17181372000050033,16,GPU_HYBRID,0
0.1544494819972897,16,GPU_HYBRID,0
0.15359025200086762,16,GPU_HYBRID,0
0.14682409499800997,16,GPU_HYBRID,0
0.14362784799959627,16,GPU_HYBRID,0
0.1261894659983227,16,GPU_HYBRID,0
0.11779486600062228,16,GPU_HYBRID,0
0.13852699899871368,16,GPU_HYBRID,0
0.14410704700276256,16,GPU_HYBRID,0
0.1586865579993173,16,GPU_HYBRID,0
0.11638802200104692,16,GPU_HYBRID,0
0.12743426199813257,16,GPU_HYBRID,0
0.14918796100027976,16,GPU_HYBRID,0
0.17077749900272465,16,GPU_HYBRID,0
0.14482358900204417,16,GPU_HYBRID,0
0.13162589900093735,16,GPU_HYBRID,0
0.14395936799701303,16,GPU_HYBRID,0
0.13422377999813762,16,GPU_HYBRID,0
0.16121525500057032,16,GPU_HYBRID,0
0.12626360900321743,16,GPU_HYBRID,0
0.1737308350020612,16,GPU_HYBRID,0
0.1805138870004157,16,GPU_HYBRID,0
0.13494163399809622,16,GPU_HYBRID,0
0.1312578039978689,16,GPU_HYBRID,0
0.1425243319972651,16,GPU_HYBRID,0
0.1476502689984045,16,GPU_HYBRID,0
0.1209611610029242,16,GPU_HYBRID,0
0.14426336699762032,16,GPU_HYBRID,0
0.14394007100054296,16,GPU_HYBRID,0
0.14917429700290086,16,GPU_HYBRID,0
0.14632697699926211,16,GPU_HYBRID,0
0.13741561099959654,16,GPU_HYBRID,0
0.13963179599886644,16,GPU_HYBRID,0
0.13961544400081038,16,GPU_HYBRID,0
0.14537325100172893,16,GPU_HYBRID,0
0.13533036800072296,16,GPU_HYBRID,0
0.14620448099958594,16,GPU_HYBRID,0
0.14101508800013107,16,GPU_HYBRID,0
0.1351106889997027,16,GPU_HYBRID,0
0.148471801996493,16,GPU_HYBRID,0
0.16431367699988186,16,GPU_HYBRID,0
0.12248310799986939,16,GPU_HYBRID,0
0.16551661799894646,16,GPU_HYBRID,0
0.1573955220010248,16,GPU_HYBRID,0
0.13290931899973657,16,GPU_HYBRID,0
0.13972843599913176,16,GPU_HYBRID,0
0.14938920799977495,16,GPU_HYBRID,0
0.144635364998976,16,GPU_HYBRID,0
0.14891426600297564,16,GPU_HYBRID,0
0.1577730880017043,16,GPU_HYBRID,0
0.15234980799868936,16,GPU_HYBRID,0
0.15283038199777366,16,GPU_HYBRID,0
0.15624157300044317,16,GPU_HYBRID,0
0.14746191700032796,16,GPU_HYBRID,0
0.151610641998559,16,GPU_HYBRID,0
0.14113143899885472,16,GPU_HYBRID,0
0.14906184899882646,16,GPU_HYBRID,0
0.14816767599768355,16,GPU_HYBRID,0
0.14730611000049976,16,GPU_HYBRID,0
0.15869234899946605,16,GPU_HYBRID,0
0.14436858300177846,16,GPU_HYBRID,0
0.13475878499957616,16,GPU_HYBRID,0
0.12949166399994283,16,GPU_HYBRID,0
0.13361923699994804,16,GPU_HYBRID,0
0.14667097599885892,16,GPU_HYBRID,0
0.14223086099809734,16,GPU_HYBRID,0
0.14880300200093188,16,GPU_HYBRID,0
