0.06580531700092251,2,QZ_DUMMY,0
0.04198820099918521,4,QZ_DUMMY,0
0.05049320100079058,4,QZ_DUMMY,0
0.0329320339988044,4,QZ_DUMMY,0
0.041728970001713606,4,QZ_DUMMY,0
0.049313908002659446,4,QZ_DUMMY,0
0.039100209996831836,4,QZ_DUMMY,0
0.037374838000687305,4,QZ_DUMMY,0
0.060460883996711345,4,QZ_DUMMY,0
0.04887426200002665,4,QZ_DUMMY,0
0.052501962996757356,4,QZ_DUMMY,0
0.049213620000955416,4,QZ_DUMMY,0
0.052322570998512674,4,QZ_DUMMY,0
0.05038209800113691,4,QZ_DUMMY,0
0.0533265689991822,4,QZ_DUMMY,0
0.05583117000060156,4,QZ_DUMMY,0
0.05456496500119101,4,QZ_DUMMY,0
0.046416156001214404,4,QZ_DUMMY,0
0.05043323200152372,4,QZ_DUMMY,0
0.04960641899742768,4,QZ_DUMMY,0
0.052232747002562974,4,QZ_DUMMY,0
0.04820623100022203,4,QZ_DUMMY,0
0.045562174997030525,4,QZ_DUMMY,0
0.04956728400065913,4,QZ_DUMMY,0
0.04961323600218748,4,QZ_DUMMY,0
0.06013922200145316,4,QZ_DUMMY,0
0.0481991270025901,4,QZ_DUMMY,0
0.05464659700010088,4,QZ_DUMMY,0
0.047332474001450464,4,QZ_DUMMY,0
0.07416487799855531,4,QZ_DUMMY,0
0.04884082199714612,4,QZ_DUMMY,0
0.04785154399723979,4,QZ_DUMMY,0
0.05662537600073847,4,QZ_DUMMY,0
0.048059672000817955,4,QZ_DUMMY,0
0.04900536499917507,4,QZ_DUMMY,0
0.06201607999901171,4,QZ_DUMMY,0
0.04780187999858754,4,QZ_DUMMY,0
0.0347658210012014,4,QZ_DUMMY,0
0.05339172100138967,4,QZ_DUMMY,0
0.06305950100068003,4,QZ_DUMMY,0
0.05161745399891515,4,QZ_DUMMY,0
0.0513919180011726,4,QZ_DUMMY,0
0.05329139999957988,4,QZ_DUMMY,0
0.04882770099720801,4,QZ_DUMMY,0
0.048190486999374116,4,QZ_DUMMY,0
0.05279924199930974,4,QZ_DUMMY,0
0.05533158700200147,4,QZ_DUMMY,0
0.06014773300194065,4,QZ_DUMMY,0
0.04386323499784339,4,QZ_DUMMY,0
0.04457728199849953,4,QZ_DUMMY,0
0.044032898997102166,4,QZ_DUMMY,0
0.045606463001604425,4,QZ_DUMMY,0
0.044042946999979904,4,QZ_DUMMY,0
0.0448036809975747,4,QZ_DUMMY,0
0.050749456000630744,4,QZ_DUMMY,0
0.04808056700130692,4,QZ_DUMMY,0
0.04837202300041099,4,QZ_DUMMY,0
0.0440537949980353,4,QZ_DUMMY,0
0.05058561600162648,4,QZ_DUMMY,0
0.044532161999086384,4,QZ_DUMMY,0
0.048018839999713236,4,QZ_DUMMY,0
0.04219402400121908,4,QZ_DUMMY,0
0.060404980002203956,4,QZ_DUMMY,0
0.04476732900002389,4,QZ_DUMMY,0
0.048593495001114206,4,QZ_DUMMY,0
0.04952389100071741,4,QZ_DUMMY,0
0.0582081870015827,4,QZ_DUMMY,0
0.050355088998912834,4,QZ_DUMMY,0
0.05985643799795071,4,QZ_DUMMY,0
0.051807181000185665,4,QZ_DUMMY,0
0.037010358999395976,4,QZ_DUMMY,0
0.04356838799867546,4,QZ_DUMMY,0
0.05674297500081593,4,QZ_DUMMY,0
0.04862520599999698,4,QZ_DUMMY,0
0.0618257120004273,4,QZ_DUMMY,0
0.049486995998449856,4,QZ_DUMMY,0
0.06539760599844158,4,QZ_DUMMY,0
0.04916142900037812,4,QZ_DUMMY,0
0.04943771599937463,4,QZ_DUMMY,0
0.062485678998200456,4,QZ_DUMMY,0
0.0511199510001461,4,QZ_DUMMY,0
0.05398947900175699,4,QZ_DUMMY,0
0.03872696199687198,4,QZ_DUMMY,0
0.047078521998628275,4,QZ_DUMMY,0
0.050835534999350784,4,QZ_DUMMY,0
0.05531267500191461,4,QZ_DUMMY,0
0.05527222700038692,4,QZ_DUMMY,0
0.048438517998874886,4,QZ_DUMMY,0
0.0518876280002587,4,QZ_DUMMY,0
0.05676358200071263,4,QZ_DUMMY,0
0.06427264900048613,4,QZ_DUMMY,0
0.05383258400252089,4,QZ_DUMMY,0
0.060701171998516656,4,QZ_DUMMY,0
0.048192022997682216,4,QZ_DUMMY,0
0.057552317000954645,4,QZ_DUMMY,0
0.05592400100067607,4,QZ_DUMMY,0
0.048403862998384284,4,QZ_DUMMY,0
0.05340477700156043,4,QZ_DUMMY,0
0.05771126100080437,4,QZ_DUMMY,0
0.054173733999050455,4,QZ_DUMMY,0
0.04869928599873674,4,QZ_DUMMY,0
0.058686137002951,4,QZ_DUMMY,0
0.049598195000726264,4,QZ_DUMMY,0
0.03693567200025427,4,QZ_DUMMY,0
0.039081521001207875,4,QZ_DUMMY,0
0.051149807000911096,4,QZ_DUMMY,0
0.05072625600223546,4,QZ_DUMMY,0
0.05513462799717672,4,QZ_DUMMY,0
0.051488654000422684,4,QZ_DUMMY,0
0.05133716599812033,4,QZ_DUMMY,0
0.054302085998642724,4,QZ_DUMMY,0
0.06355380399691057,4,QZ_DUMMY,0
0.04900210100095137,4,QZ_DUMMY,0
0.034741565999866,4,QZ_DUMMY,0
0.05619392099833931,4,QZ_DUMMY,0
0.05447648499830393,4,QZ_DUMMY,0
0.03396444800091558,4,QZ_DUMMY,0
0.05294503299955977,4,QZ_DUMMY,0
0.051540045998990536,4,QZ_DUMMY,0
0.05239287499716738,4,QZ_DUMMY,0
0.051352014001167845,4,QZ_DUMMY,0
0.04616873299892177,4,QZ_DUMMY,0
0.05501395600003889,4,QZ_DUMMY,0
0.06362692300172057,4,QZ_DUMMY,0
0.0653412549982022,4,QZ_DUMMY,0
0.05154020600093645,4,QZ_DUMMY,0
0.03692783100268571,4,QZ_DUMMY,0
0.0425570309998875,4,QZ_DUMMY,0
0.057675516000017524,4,QZ_DUMMY,0
0.05182036499900278,4,QZ_DUMMY,0
0.06304567699771724,4,QZ_DUMMY,0
0.045806270001776284,4,QZ_DUMMY,0
0.053027497000584844,4,QZ_DUMMY,0
0.05286298599821748,4,QZ_DUMMY,0
0.05540915500023402,4,QZ_DUMMY,0
0.05850383399956627,4,QZ_DUMMY,0
0.05541638700015028,4,QZ_DUMMY,0
0.04170308199900319,4,QZ_DUMMY,0
0.058268379001674475,4,QZ_DUMMY,0
0.048441365997859975,4,QZ_DUMMY,0
0.048097208000399405,4,QZ_DUMMY,0
0.05029982500127517,4,QZ_DUMMY,0
0.048570390998065704,4,QZ_DUMMY,0
0.056874654997955076,4,QZ_DUMMY,0
0.04572031800125842,4,QZ_DUMMY,0
0.04557660699720145,4,QZ_DUMMY,0
0.048939412998151965,4,QZ_DUMMY,0
0.0447374729992589,4,QZ_DUMMY,0
0.05430215000160388,4,QZ_DUMMY,0
0.048245719000988174,4,QZ_DUMMY,0
0.06241230299929157,4,QZ_DUMMY,0
0.034601565999764716,4,QZ_DUMMY,0
0.04351293199943029,4,QZ_DUMMY,0
0.052305548000731505,4,QZ_DUMMY,0
0.053781128000991885,4,QZ_DUMMY,0
0.06985119299861253,4,QZ_DUMMY,0
0.05777887599833775,4,QZ_DUMMY,0
0.07223185999828274,4,QZ_DUMMY,0
0.056632416002685204,4,QZ_DUMMY,0
0.0533612239996728,4,QZ_DUMMY,0
0.052139563998935046,4,QZ_DUMMY,0
0.06501680699875578,4,QZ_DUMMY,0
0.05753602899858379,4,QZ_DUMMY,0
0.04141399400032242,4,QZ_DUMMY,0
0.05850252199888928,4,QZ_DUMMY,0
0.05391043900090153,4,QZ_DUMMY,0
0.058776794001460075,4,QZ_DUMMY,0
0.057991067002149066,4,QZ_DUMMY,0
0.04933221199826221,4,QZ_DUMMY,0
0.04993873800049187,4,QZ_DUMMY,0
0.05477718899783213,4,QZ_DUMMY,0
0.044500353000330506,4,QZ_DUMMY,0
0.057311996999487747,4,QZ_DUMMY,0
0.0502305130030436,4,QZ_DUMMY,0
0.053422631997818826,4,QZ_DUMMY,0
0.04821323900250718,4,QZ_DUMMY,0
0.056619423998199636,4,QZ_DUMMY,0
0.04468400100086001,4,QZ_DUMMY,0
0.04553327900066506,4,QZ_DUMMY,0
0.054425925998657476,4,QZ_DUMMY,0
0.061371506002615206,4,QZ_DUMMY,0
0.051058383000054164,4,QZ_DUMMY,0
0.0551519710024877,4,QZ_DUMMY,0
0.059252344002743484,4,QZ_DUMMY,0
0.05110881500149844,4,QZ_DUMMY,0
0.04614866899646586,4,QZ_DUMMY,0
0.04893381299916655,4,QZ_DUMMY,0
0.0470316749997437,4,QZ_DUMMY,0
0.047871767998003634,4,QZ_DUMMY,0
0.05631990400070208,4,QZ_DUMMY,0
0.04882021400044323,4,QZ_DUMMY,0
0.04928907599969534,4,QZ_DUMMY,0
0.051417613998637535,4,QZ_DUMMY,0
0.048429718997795135,4,QZ_DUMMY,0
0.06120404999819584,4,QZ_DUMMY,0
0.051044943000306375,4,QZ_DUMMY,0
0.051560462001361884,4,QZ_DUMMY,0
0.061323953999817604,4,QZ_DUMMY,0
0.0497322749979503,4,QZ_DUMMY,0
0.04721714600236737,4,QZ_DUMMY,0
0.06250142299904837,4,QZ_DUMMY,0
0.07697859700056142,6,QZ_DUMMY,0
0.07931030299732811,6,QZ_DUMMY,0
0.08063756300180103,6,QZ_DUMMY,0
0.0818317039993417,6,QZ_DUMMY,0
0.07984844600287033,6,QZ_DUMMY,0
0.07854083300117054,6,QZ_DUMMY,0
0.07191330000205198,6,QZ_DUMMY,0
0.0827080209965061,6,QZ_DUMMY,0
0.06976319400200737,6,QZ_DUMMY,0
0.0935075749985117,6,QZ_DUMMY,0
0.07063464699967881,6,QZ_DUMMY,0
0.07908121600121376,6,QZ_DUMMY,0
0.08369960300115054,6,QZ_DUMMY,0
0.0977152749983361,6,QZ_DUMMY,0
0.07716525299838395,6,QZ_DUMMY,0
0.07326145600018208,6,QZ_DUMMY,0
0.06567856600304367,6,QZ_DUMMY,0
0.06340311599706183,6,QZ_DUMMY,0
0.06346381999901496,6,QZ_DUMMY,0
0.06747040099799051,6,QZ_DUMMY,0
0.07560621700031334,6,QZ_DUMMY,0
0.06752806499935105,6,QZ_DUMMY,0
0.06779935899976408,6,QZ_DUMMY,0
0.06717360200127587,6,QZ_DUMMY,0
0.07718170100270072,6,QZ_DUMMY,0
0.0718708999993396,6,QZ_DUMMY,0
0.07418913299989072,6,QZ_DUMMY,0
0.07709837400034303,6,QZ_DUMMY,0
0.07869212800142122,6,QZ_DUMMY,0
0.07412593400295009,6,QZ_DUMMY,0
0.07932092700139037,6,QZ_DUMMY,0
0.08298622800066369,6,QZ_DUMMY,0
0.0855234049995488,6,QZ_DUMMY,0
0.08270562100005918,6,QZ_DUMMY,0
0.055224579002242535,6,QZ_DUMMY,0
0.053826183000637684,6,QZ_DUMMY,0
0.08558647699828725,6,QZ_DUMMY,0
0.08470331200078363,6,QZ_DUMMY,0
0.08065100300154882,6,QZ_DUMMY,0
0.08427972800200223,6,QZ_DUMMY,0
0.08158776799973566,6,QZ_DUMMY,0
0.07986287700259709,6,QZ_DUMMY,0
0.07014940099907108,6,QZ_DUMMY,0
0.08041420400331845,6,QZ_DUMMY,0
0.05332231200009119,6,QZ_DUMMY,0
0.05804655500105582,6,QZ_DUMMY,0
0.07464686000093934,6,QZ_DUMMY,0
0.08203474299807567,6,QZ_DUMMY,0
0.08046137099881889,6,QZ_DUMMY,0
0.07947404700098559,6,QZ_DUMMY,0
0.08338050000020303,6,QZ_DUMMY,0
0.08198271200308227,6,QZ_DUMMY,0
0.08335038699806319,6,QZ_DUMMY,0
0.07772985900010099,6,QZ_DUMMY,0
0.0827583889986272,6,QZ_DUMMY,0
0.08928985899910913,6,QZ_DUMMY,0
0.0729985130019486,6,QZ_DUMMY,0
0.08670404199801851,6,QZ_DUMMY,0
0.08408373000202118,6,QZ_DUMMY,0
0.08588999600033276,6,QZ_DUMMY,0
0.09162002800076152,6,QZ_DUMMY,0
0.08178501599832089,6,QZ_DUMMY,0
0.08847302900176146,6,QZ_DUMMY,0
0.08552686099938,6,QZ_DUMMY,0
0.08323739600018598,6,QZ_DUMMY,0
0.08638637900003232,6,QZ_DUMMY,0
0.05836728999929619,6,QZ_DUMMY,0
0.05627481600095052,6,QZ_DUMMY,0
0.06358097100019222,6,QZ_DUMMY,0
0.0772353970023687,6,QZ_DUMMY,0
0.06996476199856261,6,QZ_DUMMY,0
0.056729631000052905,6,QZ_DUMMY,0
0.07878895999965607,6,QZ_DUMMY,0
0.0856164609976986,6,QZ_DUMMY,0
0.06980882599964389,6,QZ_DUMMY,0
0.05230212300011772,6,QZ_DUMMY,0
0.07083643900114112,6,QZ_DUMMY,0
0.08403019400066114,6,QZ_DUMMY,0
0.08875805199932074,6,QZ_DUMMY,0
0.09335800699773245,6,QZ_DUMMY,0
0.07330926400027238,6,QZ_DUMMY,0
0.0770446130009077,6,QZ_DUMMY,0
0.0670795209989592,6,QZ_DUMMY,0
0.053430825002578786,6,QZ_DUMMY,0
0.055779393998818705,6,QZ_DUMMY,0
0.08235160599724622,6,QZ_DUMMY,0
0.09135516499736696,6,QZ_DUMMY,0
0.0844820640013495,6,QZ_DUMMY,0
0.08901824399799807,6,QZ_DUMMY,0
0.08306699600143475,6,QZ_DUMMY,0
0.08296178000091459,6,QZ_DUMMY,0
0.08201692000147887,6,QZ_DUMMY,0
0.08093385100073647,6,QZ_DUMMY,0
0.0822040230013954,6,QZ_DUMMY,0
0.08342968299984932,6,QZ_DUMMY,0
0.07725370099797146,6,QZ_DUMMY,0
0.07804195499920752,6,QZ_DUMMY,0
0.07715309299965156,6,QZ_DUMMY,0
0.08636359500087565,6,QZ_DUMMY,0
0.0792131190028158,6,QZ_DUMMY,0
0.08340213100018445,6,QZ_DUMMY,0
0.07860988900210941,6,QZ_DUMMY,0
0.06856665300074383,6,QZ_DUMMY,0
0.060487060000014026,6,QZ_DUMMY,0
0.07218574700164027,6,QZ_DUMMY,0
0.07159186099670478,6,QZ_DUMMY,0
0.0906235190013831,6,QZ_DUMMY,0
0.07105336600216106,6,QZ_DUMMY,0
0.07950764700217405,6,QZ_DUMMY,0
0.06368068300071172,6,QZ_DUMMY,0
0.07110463100252673,6,QZ_DUMMY,0
0.07867040099881706,6,QZ_DUMMY,0
0.07640032800190966,6,QZ_DUMMY,0
0.07247745899803704,6,QZ_DUMMY,0
0.08630753099714639,6,QZ_DUMMY,0
0.0835445949996938,6,QZ_DUMMY,0
0.0858386360014265,6,QZ_DUMMY,0
0.05843455399735831,6,QZ_DUMMY,0
0.07145365300311823,6,QZ_DUMMY,0
0.0832605310024519,6,QZ_DUMMY,0
0.0877371589995164,6,QZ_DUMMY,0
0.07250840200140374,6,QZ_DUMMY,0
0.06460394500027178,6,QZ_DUMMY,0
0.05962040699887439,6,QZ_DUMMY,0
0.08432465700025205,6,QZ_DUMMY,0
0.051253071000246564,6,QZ_DUMMY,0
0.0624897419984336,6,QZ_DUMMY,0
0.08175023200237774,6,QZ_DUMMY,0
0.07614378400103305,6,QZ_DUMMY,0
0.08593396400101483,6,QZ_DUMMY,0
0.08347179599877563,6,QZ_DUMMY,0
0.07048312799815903,6,QZ_DUMMY,0
0.0688035810017027,6,QZ_DUMMY,0
0.07257521800056566,6,QZ_DUMMY,0
0.07001794500320102,6,QZ_DUMMY,0
0.06904994800061104,6,QZ_DUMMY,0
0.0806347799989453,6,QZ_DUMMY,0
0.08316827599992394,6,QZ_DUMMY,0
0.07766297999842209,6,QZ_DUMMY,0
0.08256664599684882,6,QZ_DUMMY,0
0.08063055499951588,6,QZ_DUMMY,0
0.07749949199933326,6,QZ_DUMMY,0
0.0758914010002627,6,QZ_DUMMY,0
0.07394555000064429,6,QZ_DUMMY,0
0.06764313600069727,6,QZ_DUMMY,0
0.08024607600236777,6,QZ_DUMMY,0
0.07425719700040645,6,QZ_DUMMY,0
0.07277582500319113,6,QZ_DUMMY,0
0.07018581699958304,6,QZ_DUMMY,0
0.07784998700299184,6,QZ_DUMMY,0
0.07108130299820914,6,QZ_DUMMY,0
0.0709671900003741,6,QZ_DUMMY,0
0.07211553999877651,6,QZ_DUMMY,0
0.07760890000281506,6,QZ_DUMMY,0
0.07200318700051866,6,QZ_DUMMY,0
0.07533700199928717,6,QZ_DUMMY,0
0.07420049299980747,6,QZ_DUMMY,0
0.07228171400129213,6,QZ_DUMMY,0
0.08029241199983517,6,QZ_DUMMY,0
0.07571709700278006,6,QZ_DUMMY,0
0.0803145880017837,6,QZ_DUMMY,0
0.08894365100059076,6,QZ_DUMMY,0
0.07770137999978033,6,QZ_DUMMY,0
0.08207736700205714,6,QZ_DUMMY,0
0.07847699400008423,6,QZ_DUMMY,0
0.07938153499708278,6,QZ_DUMMY,0
0.07997743700252613,6,QZ_DUMMY,0
0.07800733000112814,6,QZ_DUMMY,0
0.07442074899881845,6,QZ_DUMMY,0
0.06692048200056888,6,QZ_DUMMY,0
0.07631888800096931,6,QZ_DUMMY,0
0.06850934100293671,6,QZ_DUMMY,0
0.06520730299962452,6,QZ_DUMMY,0
0.07205793899993296,6,QZ_DUMMY,0
0.07944940699962899,6,QZ_DUMMY,0
0.07900723200145876,6,QZ_DUMMY,0
0.056095424999512034,6,QZ_DUMMY,0
0.07165486799931386,6,QZ_DUMMY,0
0.07382286199936061,6,QZ_DUMMY,0
0.06109720200038282,6,QZ_DUMMY,0
0.06080945999929099,6,QZ_DUMMY,0
0.07785209900248447,6,QZ_DUMMY,0
0.05555555499813636,6,QZ_DUMMY,0
0.05788562800080399,6,QZ_DUMMY,0
0.08030242799941334,6,QZ_DUMMY,0
0.08009106900135521,6,QZ_DUMMY,0
0.07707245300116483,6,QZ_DUMMY,0
0.07497678000072483,6,QZ_DUMMY,0
0.07430286099770456,6,QZ_DUMMY,0
0.07339297499856912,6,QZ_DUMMY,0
0.06860703699931037,6,QZ_DUMMY,0
0.07101586199860321,6,QZ_DUMMY,0
0.0726225139987946,6,QZ_DUMMY,0
0.07507882700156188,6,QZ_DUMMY,0
0.07233214700318058,6,QZ_DUMMY,0
0.07098379799936083,6,QZ_DUMMY,0
0.0753847140003927,6,QZ_DUMMY,0
0.06731059300000197,6,QZ_DUMMY,0
0.06608566800059634,6,QZ_DUMMY,0
0.07707507699888083,6,QZ_DUMMY,0
0.0936436699994374,8,QZ_DUMMY,0
0.10025683600179036,8,QZ_DUMMY,0
0.10278777300118236,8,QZ_DUMMY,0
0.1032107469982293,8,QZ_DUMMY,0
0.10355954599799588,8,QZ_DUMMY,0
0.10923185000137892,8,QZ_DUMMY,0
0.0793447029973322,8,QZ_DUMMY,0
0.07727037299991935,8,QZ_DUMMY,0
0.0862713070018799,8,QZ_DUMMY,0
0.10393458500038832,8,QZ_DUMMY,0
0.10372117800216074,8,QZ_DUMMY,0
0.12672540099811158,8,QZ_DUMMY,0
0.10109465799905593,8,QZ_DUMMY,0
0.11248940899895388,8,QZ_DUMMY,0
0.11566840800151112,8,QZ_DUMMY,0
0.08697594499972183,8,QZ_DUMMY,0
0.07131119000041508,8,QZ_DUMMY,0
0.09104505399955087,8,QZ_DUMMY,0
0.10377909800081397,8,QZ_DUMMY,0
0.11628485400069621,8,QZ_DUMMY,0
0.10626376200161758,8,QZ_DUMMY,0
0.11781608200180926,8,QZ_DUMMY,0
0.09997043600014877,8,QZ_DUMMY,0
0.11320057500051917,8,QZ_DUMMY,0
0.10051907500019297,8,QZ_DUMMY,0
0.11346915000103763,8,QZ_DUMMY,0
0.10906823400000576,8,QZ_DUMMY,0
0.1166552850008884,8,QZ_DUMMY,0
0.09960195700114127,8,QZ_DUMMY,0
0.08847219699964626,8,QZ_DUMMY,0
0.08035910000035074,8,QZ_DUMMY,0
0.09162770799957798,8,QZ_DUMMY,0
0.10520235799776856,8,QZ_DUMMY,0
0.07588836000286392,8,QZ_DUMMY,0
0.09356763899995713,8,QZ_DUMMY,0
0.09528126599980169,8,QZ_DUMMY,0
0.0906473270006245,8,QZ_DUMMY,0
0.06158446600238676,8,QZ_DUMMY,0
0.07360935899851029,8,QZ_DUMMY,0
0.08777747899875976,8,QZ_DUMMY,0
0.08171845600008965,8,QZ_DUMMY,0
0.08318786000018008,8,QZ_DUMMY,0
0.09005219300161116,8,QZ_DUMMY,0
0.06656387499970151,8,QZ_DUMMY,0
0.0702410809972207,8,QZ_DUMMY,0
0.09493361900240416,8,QZ_DUMMY,0
0.08437070400032098,8,QZ_DUMMY,0
0.07420164599898271,8,QZ_DUMMY,0
0.07154082100169035,8,QZ_DUMMY,0
0.08524503899752744,8,QZ_DUMMY,0
0.06145451300108107,8,QZ_DUMMY,0
0.0715015570021933,8,QZ_DUMMY,0
0.07914457600054448,8,QZ_DUMMY,0
0.09569601600014721,8,QZ_DUMMY,0
0.06462256899976637,8,QZ_DUMMY,0
0.06715491299837595,8,QZ_DUMMY,0
0.0673788810017868,8,QZ_DUMMY,0
0.07800813100038795,8,QZ_DUMMY,0
0.08174754399806261,8,QZ_DUMMY,0
0.0849030870012939,8,QZ_DUMMY,0
0.08167349600262241,8,QZ_DUMMY,0
0.07453236400033347,8,QZ_DUMMY,0
0.08041890800086549,8,QZ_DUMMY,0
0.08981484900141368,8,QZ_DUMMY,0
0.07705178100150079,8,QZ_DUMMY,0
0.07296363299974473,8,QZ_DUMMY,0
0.08310062900272897,8,QZ_DUMMY,0
0.07268888199905632,8,QZ_DUMMY,0
0.08022559700111742,8,QZ_DUMMY,0
0.07187573199917097,8,QZ_DUMMY,0
0.08193314400341478,8,QZ_DUMMY,0
0.08028236400059541,8,QZ_DUMMY,0
0.08051001200146857,8,QZ_DUMMY,0
0.07130277300166199,8,QZ_DUMMY,0
0.07869596900127362,8,QZ_DUMMY,0
0.07065503199919476,8,QZ_DUMMY,0
0.08067455499985954,8,QZ_DUMMY,0
0.06877926100059994,8,QZ_DUMMY,0
0.06742464000126347,8,QZ_DUMMY,0
0.08386376199996448,8,QZ_DUMMY,0
0.08262722099971143,8,QZ_DUMMY,0
0.07122690100004547,8,QZ_DUMMY,0
0.0902942719985731,8,QZ_DUMMY,0
0.09811197700037155,8,QZ_DUMMY,0
0.09943050099900574,8,QZ_DUMMY,0
0.08211237499926938,8,QZ_DUMMY,0
0.06947721100004856,8,QZ_DUMMY,0
0.07534151400250266,8,QZ_DUMMY,0
0.07872819299882394,8,QZ_DUMMY,0
0.08172636100061936,8,QZ_DUMMY,0
0.06655747500190046,8,QZ_DUMMY,0
0.06202164799833554,8,QZ_DUMMY,0
0.06276842999795917,8,QZ_DUMMY,0
0.07397889400090207,8,QZ_DUMMY,0
0.08294824500262621,8,QZ_DUMMY,0
0.0834452670023893,8,QZ_DUMMY,0
0.07517738699971233,8,QZ_DUMMY,0
0.08094117799919331,8,QZ_DUMMY,0
0.08214472699910402,8,QZ_DUMMY,0
0.0758792730011919,8,QZ_DUMMY,0
0.08011385300051188,8,QZ_DUMMY,0
0.07866524800192565,8,QZ_DUMMY,0
0.0784691209992161,8,QZ_DUMMY,0
0.08311605199924088,8,QZ_DUMMY,0
0.0820338469966373,8,QZ_DUMMY,0
0.10246134200133383,8,QZ_DUMMY,0
0.08191704799901345,8,QZ_DUMMY,0
0.08726292000210378,8,QZ_DUMMY,0
0.08035513200229616,8,QZ_DUMMY,0
0.08361720199900446,8,QZ_DUMMY,0
0.08062482700188411,8,QZ_DUMMY,0
0.08090978600012022,8,QZ_DUMMY,0
0.08323419599764748,8,QZ_DUMMY,0
0.08098764199894504,8,QZ_DUMMY,0
0.07714730100269662,8,QZ_DUMMY,0
0.07838099400032661,8,QZ_DUMMY,0
0.0727596659999108,8,QZ_DUMMY,0
0.07676656599869602,8,QZ_DUMMY,0
0.07025176800016197,8,QZ_DUMMY,0
0.07472010800120188,8,QZ_DUMMY,0
0.06319866800185991,8,QZ_DUMMY,0
0.0786313610005891,8,QZ_DUMMY,0
0.0731586090005294,8,QZ_DUMMY,0
0.06759692799823824,8,QZ_DUMMY,0
0.09131209299812326,8,QZ_DUMMY,0
0.08112380200327607,8,QZ_DUMMY,0
0.07110763800301356,8,QZ_DUMMY,0
0.09743764399900101,8,QZ_DUMMY,0
0.08418027399966377,8,QZ_DUMMY,0
0.10147571199922822,8,QZ_DUMMY,0
0.09936976600147318,8,QZ_DUMMY,0
0.10412354400250479,8,QZ_DUMMY,0
0.10632331400120165,8,QZ_DUMMY,0
0.10699803199895541,8,QZ_DUMMY,0
0.11696417999701225,8,QZ_DUMMY,0
0.10245810899868957,8,QZ_DUMMY,0
0.10797086199818295,8,QZ_DUMMY,0
0.11151942800279357,8,QZ_DUMMY,0
0.11540130499997758,8,QZ_DUMMY,0
0.11575259999881382,8,QZ_DUMMY,0
0.11899473399898852,8,QZ_DUMMY,0
0.10800804500104277,8,QZ_DUMMY,0
0.09635431800052174,8,QZ_DUMMY,0
0.09169490799831692,8,QZ_DUMMY,0
0.11437154799932614,8,QZ_DUMMY,0
0.100606018997496,8,QZ_DUMMY,0
0.10000835699975141,8,QZ_DUMMY,0
0.10265212499871268,8,QZ_DUMMY,0
0.099440293997759,8,QZ_DUMMY,0
0.09474104300170438,8,QZ_DUMMY,0
0.09304322399839293,8,QZ_DUMMY,0
0.09538756999972975,8,QZ_DUMMY,0
0.09515902599741821,8,QZ_DUMMY,0
0.10448568799984059,8,QZ_DUMMY,0
0.08345323499816004,8,QZ_DUMMY,0
0.07029752800008282,8,QZ_DUMMY,0
0.06932508399768267,8,QZ_DUMMY,0
0.07822147399929236,8,QZ_DUMMY,0
0.08279000499896938,8,QZ_DUMMY,0
0.08648938600163092,8,QZ_DUMMY,0
0.0795700790004048,8,QZ_DUMMY,0
0.09397003699996276,8,QZ_DUMMY,0
0.0708505829970818,8,QZ_DUMMY,0
0.07541408999895793,8,QZ_DUMMY,0
0.08685626599981333,8,QZ_DUMMY,0
0.09671649400115712,8,QZ_DUMMY,0
0.06668832300056238,8,QZ_DUMMY,0
0.0663491229970532,8,QZ_DUMMY,0
0.08598295600313577,8,QZ_DUMMY,0
0.08757367100042757,8,QZ_DUMMY,0
0.0911903979977069,8,QZ_DUMMY,0
0.0891546590028156,8,QZ_DUMMY,0
0.07371009399867035,8,QZ_DUMMY,0
0.07955775799928233,8,QZ_DUMMY,0
0.07513085900063743,8,QZ_DUMMY,0
0.09004320000167354,8,QZ_DUMMY,0
0.0877152710017981,8,QZ_DUMMY,0
0.08804493500065291,8,QZ_DUMMY,0
0.08002495700202417,8,QZ_DUMMY,0
0.08298664500034647,8,QZ_DUMMY,0
0.08780067900079302,8,QZ_DUMMY,0
0.0822849510004744,8,QZ_DUMMY,0
0.0692045079995296,8,QZ_DUMMY,0
0.09421112499694573,8,QZ_DUMMY,0
0.06485789599901182,8,QZ_DUMMY,0
0.06069771599868545,8,QZ_DUMMY,0
0.08193112699882477,8,QZ_DUMMY,0
0.09277138500328874,8,QZ_DUMMY,0
0.08667642600266845,8,QZ_DUMMY,0
0.08844563700040453,8,QZ_DUMMY,0
0.09038742299890146,8,QZ_DUMMY,0
0.08886355600043316,8,QZ_DUMMY,0
0.09163849200194818,8,QZ_DUMMY,0
0.07535088999793516,8,QZ_DUMMY,0
0.07832195399896591,8,QZ_DUMMY,0
0.07559773699904326,8,QZ_DUMMY,0
0.09644308700080728,8,QZ_DUMMY,0
0.08272274100090726,8,QZ_DUMMY,0
0.06337834799705888,8,QZ_DUMMY,0
0.07955378999758977,8,QZ_DUMMY,0
0.11668891700173845,10,QZ_DUMMY,0
0.09747069900186034,10,QZ_DUMMY,0
0.09071145499910926,10,QZ_DUMMY,0
0.11671352499979548,10,QZ_DUMMY,0
0.11033815100017819,10,QZ_DUMMY,0
0.1100722000010137,10,QZ_DUMMY,0
0.10624453000127687,10,QZ_DUMMY,0
0.0965031830019143,10,QZ_DUMMY,0
0.11196390599798178,10,QZ_DUMMY,0
0.1373549700001604,10,QZ_DUMMY,0
0.11069488600332988,10,QZ_DUMMY,0
0.1199711480003316,10,QZ_DUMMY,0
0.10924477799926535,10,QZ_DUMMY,0
0.08095660199978738,10,QZ_DUMMY,0
0.0897083849995397,10,QZ_DUMMY,0
0.10541461300090305,10,QZ_DUMMY,0
0.10984279200056335,10,QZ_DUMMY,0
0.11369430099875899,10,QZ_DUMMY,0
0.09633918299732613,10,QZ_DUMMY,0
0.10060355499808793,10,QZ_DUMMY,0
0.1078069899995171,10,QZ_DUMMY,0
0.10187599799974123,10,QZ_DUMMY,0
0.11047303099985584,10,QZ_DUMMY,0
0.09743261900075595,10,QZ_DUMMY,0
0.09553748899998027,10,QZ_DUMMY,0
0.09241903399743023,10,QZ_DUMMY,0
0.09559492900007172,10,QZ_DUMMY,0
0.1057131079978717,10,QZ_DUMMY,0
0.10569051600032253,10,QZ_DUMMY,0
0.09690327699718182,10,QZ_DUMMY,0
0.11158505999992485,10,QZ_DUMMY,0
0.10565976399811916,10,QZ_DUMMY,0
0.09897808700043242,10,QZ_DUMMY,0
0.14626521700120065,10,QZ_DUMMY,0
0.09984490100032417,10,QZ_DUMMY,0
0.13129895599922747,10,QZ_DUMMY,0
0.109150699001475,10,QZ_DUMMY,0
0.10923943400121061,10,QZ_DUMMY,0
0.11701061200074037,10,QZ_DUMMY,0
0.13299526999981026,10,QZ_DUMMY,0
0.13260215199989034,10,QZ_DUMMY,0
0.11041395900247153,10,QZ_DUMMY,0
0.10999120800261153,10,QZ_DUMMY,0
0.11020432700024685,10,QZ_DUMMY,0
0.1053106459985429,10,QZ_DUMMY,0
0.10467103100017994,10,QZ_DUMMY,0
0.10714676799761946,10,QZ_DUMMY,0
0.0923808250008733,10,QZ_DUMMY,0
0.09323192800002289,10,QZ_DUMMY,0
0.0959303199997521,10,QZ_DUMMY,0
0.09607950400095433,10,QZ_DUMMY,0
0.10125676899770042,10,QZ_DUMMY,0
0.09211391400094726,10,QZ_DUMMY,0
0.10418940000090515,10,QZ_DUMMY,0
0.09559918400191236,10,QZ_DUMMY,0
0.08938419400146813,10,QZ_DUMMY,0
0.09233906600275077,10,QZ_DUMMY,0
0.09321634300067672,10,QZ_DUMMY,0
0.10054601899901172,10,QZ_DUMMY,0
0.09407934900082182,10,QZ_DUMMY,0
0.0874013520005974,10,QZ_DUMMY,0
0.08750804000010248,10,QZ_DUMMY,0
0.08972112199990079,10,QZ_DUMMY,0
0.08788183100114111,10,QZ_DUMMY,0
0.08352785900206072,10,QZ_DUMMY,0
0.0917457879986614,10,QZ_DUMMY,0
0.0965536779985996,10,QZ_DUMMY,0
0.09422574899872416,10,QZ_DUMMY,0
0.09855744899687124,10,QZ_DUMMY,0
0.09884915899965563,10,QZ_DUMMY,0
0.0995720370010531,10,QZ_DUMMY,0
0.10297196299870848,10,QZ_DUMMY,0
0.10305842800153187,10,QZ_DUMMY,0
0.0953604969981825,10,QZ_DUMMY,0
0.10129286500159651,10,QZ_DUMMY,0
0.12883899499865947,10,QZ_DUMMY,0
0.12481439800103544,10,QZ_DUMMY,0
0.12211747699984699,10,QZ_DUMMY,0
0.12708939899675897,10,QZ_DUMMY,0
0.13158311499864794,10,QZ_DUMMY,0
0.13200176899772487,10,QZ_DUMMY,0
0.1197800769987225,10,QZ_DUMMY,0
0.09670849300164264,10,QZ_DUMMY,0
0.11440380400017602,10,QZ_DUMMY,0
0.12711426299938466,10,QZ_DUMMY,0
0.12857969900142052,10,QZ_DUMMY,0
0.13015751900093164,10,QZ_DUMMY,0
0.11482933800289175,10,QZ_DUMMY,0
0.11989700299818651,10,QZ_DUMMY,0
0.11723800300023868,10,QZ_DUMMY,0
0.11567157600075006,10,QZ_DUMMY,0
0.12572831500074244,10,QZ_DUMMY,0
0.12000055499811424,10,QZ_DUMMY,0
0.1145098830020288,10,QZ_DUMMY,0
0.13123133999761194,10,QZ_DUMMY,0
0.11968212499778019,10,QZ_DUMMY,0
0.1226730279995536,10,QZ_DUMMY,0
0.12293917100032559,10,QZ_DUMMY,0
0.1375150330022734,10,QZ_DUMMY,0
0.13692786799947498,10,QZ_DUMMY,0
0.13597967800160404,10,QZ_DUMMY,0
0.14301392999914242,10,QZ_DUMMY,0
0.12897758599865483,10,QZ_DUMMY,0
0.09099804600191419,10,QZ_DUMMY,0
0.09970330099895364,10,QZ_DUMMY,0
0.12001687600059086,10,QZ_DUMMY,0
0.1247362219983188,10,QZ_DUMMY,0
0.1011315529976855,10,QZ_DUMMY,0
0.10974541599716758,10,QZ_DUMMY,0
0.12975963200005936,10,QZ_DUMMY,0
0.10645806500178878,10,QZ_DUMMY,0
0.0941865799977677,10,QZ_DUMMY,0
0.10335772300095414,10,QZ_DUMMY,0
0.15161589000126696,10,QZ_DUMMY,0
0.13322759000220685,10,QZ_DUMMY,0
0.1351444169995375,10,QZ_DUMMY,0
0.13569647899930715,10,QZ_DUMMY,0
0.13077892499859445,10,QZ_DUMMY,0
0.12282384400168667,10,QZ_DUMMY,0
0.13675983600114705,10,QZ_DUMMY,0
0.12901278600111254,10,QZ_DUMMY,0
0.1264781369973207,10,QZ_DUMMY,0
0.10452312800043728,10,QZ_DUMMY,0
0.09182837900152663,10,QZ_DUMMY,0
0.08883706000051461,10,QZ_DUMMY,0
0.10946468200199888,10,QZ_DUMMY,0
0.11084237400064012,10,QZ_DUMMY,0
0.10720942400075728,10,QZ_DUMMY,0
0.08119893700131797,10,QZ_DUMMY,0
0.09956326899919077,10,QZ_DUMMY,0
0.10510846900069737,10,QZ_DUMMY,0
0.10642747399833752,10,QZ_DUMMY,0
0.08528142199793365,10,QZ_DUMMY,0
0.08673546599675319,10,QZ_DUMMY,0
0.10604651500034379,10,QZ_DUMMY,0
0.10485550999874249,10,QZ_DUMMY,0
0.09694455700082472,10,QZ_DUMMY,0
0.10073548999935156,10,QZ_DUMMY,0
0.09749319500042475,10,QZ_DUMMY,0
0.08464760000060778,10,QZ_DUMMY,0
0.11066234200188774,10,QZ_DUMMY,0
0.1292947690017172,10,QZ_DUMMY,0
0.08596474799924181,10,QZ_DUMMY,0
0.0894773139989411,10,QZ_DUMMY,0
0.10547147699980997,10,QZ_DUMMY,0
0.12060983300034422,10,QZ_DUMMY,0
0.10692996900252183,10,QZ_DUMMY,0
0.10859610799889197,10,QZ_DUMMY,0
0.10762814199915738,10,QZ_DUMMY,0
0.10772046299825888,10,QZ_DUMMY,0
0.09623156700035906,10,QZ_DUMMY,0
0.11343884600137244,10,QZ_DUMMY,0
0.113046910999401,10,QZ_DUMMY,0
0.09686455699920771,10,QZ_DUMMY,0
0.10698651200073073,10,QZ_DUMMY,0
0.1081107330028317,10,QZ_DUMMY,0
0.09983302800173988,10,QZ_DUMMY,0
0.09766282700002193,10,QZ_DUMMY,0
0.10972400900209323,10,QZ_DUMMY,0
0.1073318870003277,10,QZ_DUMMY,0
0.09892128700084868,10,QZ_DUMMY,0
0.10679544099912164,10,QZ_DUMMY,0
0.09111116499843774,10,QZ_DUMMY,0
0.09538030499970773,10,QZ_DUMMY,0
0.09285292099957587,10,QZ_DUMMY,0
0.09963747700021486,10,QZ_DUMMY,0
0.13374784400002682,10,QZ_DUMMY,0
0.13745759399898816,10,QZ_DUMMY,0
0.09425387600276736,10,QZ_DUMMY,0
0.11489077800069936,10,QZ_DUMMY,0
0.12109050400249544,10,QZ_DUMMY,0
0.09428306100016925,10,QZ_DUMMY,0
0.11536792799961404,10,QZ_DUMMY,0
0.14043627299906802,10,QZ_DUMMY,0
0.09719335599947954,10,QZ_DUMMY,0
0.12297056299939868,10,QZ_DUMMY,0
0.12865342700024485,10,QZ_DUMMY,0
0.12940299199908623,10,QZ_DUMMY,0
0.12814792499921168,10,QZ_DUMMY,0
0.12243357300030766,10,QZ_DUMMY,0
0.13339571700271335,10,QZ_DUMMY,0
0.1166793480006163,10,QZ_DUMMY,0
0.09553259300082573,10,QZ_DUMMY,0
0.08468734399866662,10,QZ_DUMMY,0
0.09326802299983683,10,QZ_DUMMY,0
0.10646302600071067,10,QZ_DUMMY,0
0.10256406099870219,10,QZ_DUMMY,0
0.09320799200213514,10,QZ_DUMMY,0
0.09498622700266424,10,QZ_DUMMY,0
0.09497374599959585,10,QZ_DUMMY,0
0.10555730000123731,10,QZ_DUMMY,0
0.10141878399736015,10,QZ_DUMMY,0
0.0915190360028646,10,QZ_DUMMY,0
0.09773873100130004,10,QZ_DUMMY,0
0.09347064699977636,10,QZ_DUMMY,0
0.10979367199979606,10,QZ_DUMMY,0
0.09541064099903451,10,QZ_DUMMY,0
0.09769255400169641,10,QZ_DUMMY,0
0.09301653600050486,10,QZ_DUMMY,0
0.09917136700096307,10,QZ_DUMMY,0
0.11899511799856555,12,QZ_DUMMY,0
0.12072756199995638,12,QZ_DUMMY,0
0.12744936599847279,12,QZ_DUMMY,0
0.1388757019994955,12,QZ_DUMMY,0
0.12422207900090143,12,QZ_DUMMY,0
0.1490824890024669,12,QZ_DUMMY,0
0.15731085000152234,12,QZ_DUMMY,0
0.15909218800152303,12,QZ_DUMMY,0
0.15843647899964708,12,QZ_DUMMY,0
0.16718179800227517,12,QZ_DUMMY,0
0.15947660399979213,12,QZ_DUMMY,0
0.13923477299977094,12,QZ_DUMMY,0
0.12105364099988947,12,QZ_DUMMY,0
0.1707332750011119,12,QZ_DUMMY,0
0.15138392300286796,12,QZ_DUMMY,0
0.10827962799885427,12,QZ_DUMMY,0
0.12049501799992868,12,QZ_DUMMY,0
0.13690994799981127,12,QZ_DUMMY,0
0.15247729600014281,12,QZ_DUMMY,0
0.1472733740010881,12,QZ_DUMMY,0
0.1477778530024807,12,QZ_DUMMY,0
0.13631324499874609,12,QZ_DUMMY,0
0.15062833999763825,12,QZ_DUMMY,0
0.1388270300012664,12,QZ_DUMMY,0
0.14539987500029383,12,QZ_DUMMY,0
0.13940520500182174,12,QZ_DUMMY,0
0.1577674560030573,12,QZ_DUMMY,0
0.1210338650016638,12,QZ_DUMMY,0
0.11983540399887715,12,QZ_DUMMY,0
0.11983790000158479,12,QZ_DUMMY,0
0.1171881480004231,12,QZ_DUMMY,0
0.1061137789984059,12,QZ_DUMMY,0
0.12895262700112653,12,QZ_DUMMY,0
0.15740825700049754,12,QZ_DUMMY,0
0.15862668599947938,12,QZ_DUMMY,0
0.15521028000148362,12,QZ_DUMMY,0
0.16482065200034413,12,QZ_DUMMY,0
0.10926368899890804,12,QZ_DUMMY,0
0.15322455699788406,12,QZ_DUMMY,0
0.11343343799671857,12,QZ_DUMMY,0
0.1314878500015766,12,QZ_DUMMY,0
0.15993458600132726,12,QZ_DUMMY,0
0.1675452839990612,12,QZ_DUMMY,0
0.1358242229980533,12,QZ_DUMMY,0
0.12057293799807667,12,QZ_DUMMY,0
0.14463219800018123,12,QZ_DUMMY,0
0.15958671499902266,12,QZ_DUMMY,0
0.17335755599924596,12,QZ_DUMMY,0
0.15972207500090008,12,QZ_DUMMY,0
0.11198752299969783,12,QZ_DUMMY,0
0.14467303000128595,12,QZ_DUMMY,0
0.13408569999955944,12,QZ_DUMMY,0
0.12327865800034488,12,QZ_DUMMY,0
0.150508564998745,12,QZ_DUMMY,0
0.16038092099915957,12,QZ_DUMMY,0
0.17748381699857418,12,QZ_DUMMY,0
0.11759224199704477,12,QZ_DUMMY,0
0.14002472200081684,12,QZ_DUMMY,0
0.1635052320016257,12,QZ_DUMMY,0
0.15705929799878504,12,QZ_DUMMY,0
0.12295325100058108,12,QZ_DUMMY,0
0.1596363789976749,12,QZ_DUMMY,0
0.13467238600060227,12,QZ_DUMMY,0
0.10968573599893716,12,QZ_DUMMY,0
0.13905346100000315,12,QZ_DUMMY,0
0.10944241000106558,12,QZ_DUMMY,0
0.13464048199966783,12,QZ_DUMMY,0
0.1507782929984387,12,QZ_DUMMY,0
0.14201310100179398,12,QZ_DUMMY,0
0.15627062899875455,12,QZ_DUMMY,0
0.11885067100229207,12,QZ_DUMMY,0
0.12665160899996408,12,QZ_DUMMY,0
0.12268330000006245,12,QZ_DUMMY,0
0.11591740000221762,12,QZ_DUMMY,0
0.11994766000134405,12,QZ_DUMMY,0
0.11842705500021111,12,QZ_DUMMY,0
0.12023092299932614,12,QZ_DUMMY,0
0.10988084100245032,12,QZ_DUMMY,0
0.10884826699839323,12,QZ_DUMMY,0
0.12680053599979146,12,QZ_DUMMY,0
0.11692177999793785,12,QZ_DUMMY,0
0.09904371900120168,12,QZ_DUMMY,0
0.12885144299798412,12,QZ_DUMMY,0
0.09834244100056821,12,QZ_DUMMY,0
0.10083513800054789,12,QZ_DUMMY,0
0.11857748700276716,12,QZ_DUMMY,0
0.13569715099947643,12,QZ_DUMMY,0
0.1323870479973266,12,QZ_DUMMY,0
0.1320677860021533,12,QZ_DUMMY,0
0.11187449799763272,12,QZ_DUMMY,0
0.12022004300160916,12,QZ_DUMMY,0
0.10786916600045515,12,QZ_DUMMY,0
0.12114551199920243,12,QZ_DUMMY,0
0.12519049199909205,12,QZ_DUMMY,0
0.10740638300194405,12,QZ_DUMMY,0
0.12795243700020364,12,QZ_DUMMY,0
0.11866129500049283,12,QZ_DUMMY,0
0.11215238600198063,12,QZ_DUMMY,0
0.11022615099864197,12,QZ_DUMMY,0
0.11165424399951007,12,QZ_DUMMY,0
0.1143566999999166,12,QZ_DUMMY,0
0.12444851100008236,12,QZ_DUMMY,0
0.10760954999932437,12,QZ_DUMMY,0
0.11063958999875467,12,QZ_DUMMY,0
0.11857585600228049,12,QZ_DUMMY,0
0.11187881799924071,12,QZ_DUMMY,0
0.12063405799926841,12,QZ_DUMMY,0
0.11104349299785099,12,QZ_DUMMY,0
0.10938189800071996,12,QZ_DUMMY,0
0.11932167800114257,12,QZ_DUMMY,0
0.11538751199987018,12,QZ_DUMMY,0
0.11734955499923672,12,QZ_DUMMY,0
0.1165533659986977,12,QZ_DUMMY,0
0.11772024200035958,12,QZ_DUMMY,0
0.15693875400029356,12,QZ_DUMMY,0
0.16497565999816288,12,QZ_DUMMY,0
0.16067708000264247,12,QZ_DUMMY,0
0.16486353199798032,12,QZ_DUMMY,0
0.1539873389992863,12,QZ_DUMMY,0
0.15544496700022137,12,QZ_DUMMY,0
0.16282606599997962,12,QZ_DUMMY,0
0.15632966900011525,12,QZ_DUMMY,0
0.1565482600017276,12,QZ_DUMMY,0
0.15700256199852447,12,QZ_DUMMY,0
0.14273386700006085,12,QZ_DUMMY,0
0.13364278800145257,12,QZ_DUMMY,0
0.1229187870012538,12,QZ_DUMMY,0
0.11664165299953311,12,QZ_DUMMY,0
0.11089933299808763,12,QZ_DUMMY,0
0.10837575600089622,12,QZ_DUMMY,0
0.11548728900015703,12,QZ_DUMMY,0
0.10886983499949565,12,QZ_DUMMY,0
0.10929098600172438,12,QZ_DUMMY,0
0.09880516000339412,12,QZ_DUMMY,0
0.11069514200062258,12,QZ_DUMMY,0
0.10812311799963936,12,QZ_DUMMY,0
0.11359039800299797,12,QZ_DUMMY,0
0.11733966699830489,12,QZ_DUMMY,0
0.1173376830010966,12,QZ_DUMMY,0
0.11649752499943133,12,QZ_DUMMY,0
0.10799412599953939,12,QZ_DUMMY,0
0.11572623199754162,12,QZ_DUMMY,0
0.12126426399845514,12,QZ_DUMMY,0
0.12525660400206107,12,QZ_DUMMY,0
0.12897077000161516,12,QZ_DUMMY,0
0.10913860199798364,12,QZ_DUMMY,0
0.10732759999882546,12,QZ_DUMMY,0
0.12303165100092883,12,QZ_DUMMY,0
0.09865760799948475,12,QZ_DUMMY,0
0.12149533500269172,12,QZ_DUMMY,0
0.13271821499802172,12,QZ_DUMMY,0
0.12751477399797295,12,QZ_DUMMY,0
0.1336403879977297,12,QZ_DUMMY,0
0.13229664800019236,12,QZ_DUMMY,0
0.1314516909988015,12,QZ_DUMMY,0
0.13313187799940351,12,QZ_DUMMY,0
0.11876158299855888,12,QZ_DUMMY,0
0.12205853300110903,12,QZ_DUMMY,0
0.12600690600083908,12,QZ_DUMMY,0
0.12473574199975701,12,QZ_DUMMY,0
0.09512462599741411,12,QZ_DUMMY,0
0.12055021800188115,12,QZ_DUMMY,0
0.11347654199926183,12,QZ_DUMMY,0
0.11916846199892461,12,QZ_DUMMY,0
0.12296000299829757,12,QZ_DUMMY,0
0.11953905299742473,12,QZ_DUMMY,0
0.1365659479997703,12,QZ_DUMMY,0
0.10952960899885511,12,QZ_DUMMY,0
0.11964932499904535,12,QZ_DUMMY,0
0.1316272099975322,12,QZ_DUMMY,0
0.1320901210019656,12,QZ_DUMMY,0
0.13217696900028386,12,QZ_DUMMY,0
0.13541270299901953,12,QZ_DUMMY,0
0.13573929500125814,12,QZ_DUMMY,0
0.09773738700096146,12,QZ_DUMMY,0
0.1208315939984459,12,QZ_DUMMY,0
0.1253233880015614,12,QZ_DUMMY,0
0.09985715699804132,12,QZ_DUMMY,0
0.13176826600101776,12,QZ_DUMMY,0
0.10743473500042455,12,QZ_DUMMY,0
0.12732517400218057,12,QZ_DUMMY,0
0.09869245599838905,12,QZ_DUMMY,0
0.1136733089988411,12,QZ_DUMMY,0
0.13555395199728082,12,QZ_DUMMY,0
0.14555990699955146,12,QZ_DUMMY,0
0.13083658899995498,12,QZ_DUMMY,0
0.12022007499763276,12,QZ_DUMMY,0
0.1293899690026592,12,QZ_DUMMY,0
0.1113409009994939,12,QZ_DUMMY,0
0.11643509400164476,12,QZ_DUMMY,0
0.12022730699754902,12,QZ_DUMMY,0
0.11664805300097214,12,QZ_DUMMY,0
0.12983736000023782,12,QZ_DUMMY,0
0.12818392400004086,12,QZ_DUMMY,0
0.11064886999884038,12,QZ_DUMMY,0
0.11816859299869975,12,QZ_DUMMY,0
0.1260272260005877,12,QZ_DUMMY,0
0.11472850700010895,12,QZ_DUMMY,0
0.1132837750010367,12,QZ_DUMMY,0
0.1034515779974754,12,QZ_DUMMY,0
0.1444537980023597,14,QZ_DUMMY,0
0.16787209899848676,14,QZ_DUMMY,0
0.12039684200135525,14,QZ_DUMMY,0
0.16104543099936564,14,QZ_DUMMY,0
0.13686799599963706,14,QZ_DUMMY,0
0.11893684700044105,14,QZ_DUMMY,0
0.14904085700254655,14,QZ_DUMMY,0
0.1507937159985886,14,QZ_DUMMY,0
0.13242032899870537,14,QZ_DUMMY,0
0.14314013799958047,14,QZ_DUMMY,0
0.15011467799922684,14,QZ_DUMMY,0
0.1562753319994954,14,QZ_DUMMY,0
0.14894821699999738,14,QZ_DUMMY,0
0.148252410999703,14,QZ_DUMMY,0
0.1517339699967124,14,QZ_DUMMY,0
0.1415098700017552,14,QZ_DUMMY,0
0.13638194899976952,14,QZ_DUMMY,0
0.14304445900052087,14,QZ_DUMMY,0
0.13030353499925695,14,QZ_DUMMY,0
0.1294769450032618,14,QZ_DUMMY,0
0.13095994900140795,14,QZ_DUMMY,0
0.13590508600100293,14,QZ_DUMMY,0
0.1250745889992686,14,QZ_DUMMY,0
0.1304906059995119,14,QZ_DUMMY,0
0.134290467001847,14,QZ_DUMMY,0
0.13210362500103656,14,QZ_DUMMY,0
0.132528039997851,14,QZ_DUMMY,0
0.14931330499894102,14,QZ_DUMMY,0
0.14970699900004547,14,QZ_DUMMY,0
0.1481087319989456,14,QZ_DUMMY,0
0.14566243499939446,14,QZ_DUMMY,0
0.12972455999988597,14,QZ_DUMMY,0
0.12206170200079214,14,QZ_DUMMY,0
0.19126768199930666,14,QZ_DUMMY,0
0.17822563799927593,14,QZ_DUMMY,0
0.18920538300153567,14,QZ_DUMMY,0
0.18128594999870984,14,QZ_DUMMY,0
0.1830897530016955,14,QZ_DUMMY,0
0.13583433399981004,14,QZ_DUMMY,0
0.18101945400121622,14,QZ_DUMMY,0
0.19495525499951327,14,QZ_DUMMY,0
0.18079763100104174,14,QZ_DUMMY,0
0.1737129469984211,14,QZ_DUMMY,0
0.14598467399991932,14,QZ_DUMMY,0
0.12840200299979188,14,QZ_DUMMY,0
0.12995080000109738,14,QZ_DUMMY,0
0.14141153499804204,14,QZ_DUMMY,0
0.1342863070021849,14,QZ_DUMMY,0
0.13327952599865966,14,QZ_DUMMY,0
0.12664578499970958,14,QZ_DUMMY,0
0.13191277800069656,14,QZ_DUMMY,0
0.1260871619997488,14,QZ_DUMMY,0
0.12818475600215606,14,QZ_DUMMY,0
0.13748114600093686,14,QZ_DUMMY,0
0.1307538690016372,14,QZ_DUMMY,0
0.12650460100121563,14,QZ_DUMMY,0
0.12180755800000043,14,QZ_DUMMY,0
0.11910391799756326,14,QZ_DUMMY,0
0.12407900800099014,14,QZ_DUMMY,0
0.1403212010009156,14,QZ_DUMMY,0
0.13344442200104822,14,QZ_DUMMY,0
0.13471568200111506,14,QZ_DUMMY,0
0.1359614379980485,14,QZ_DUMMY,0
0.13755753000077675,14,QZ_DUMMY,0
0.1405764650007768,14,QZ_DUMMY,0
0.1640420300027472,14,QZ_DUMMY,0
0.11562623200006783,14,QZ_DUMMY,0
0.15773510399958468,14,QZ_DUMMY,0
0.15578659799939487,14,QZ_DUMMY,0
0.14452074200016796,14,QZ_DUMMY,0
0.1408072810008889,14,QZ_DUMMY,0
0.1459864659991581,14,QZ_DUMMY,0
0.1391474769989145,14,QZ_DUMMY,0
0.14644867199967848,14,QZ_DUMMY,0
0.14429488699897774,14,QZ_DUMMY,0
0.12325625800076523,14,QZ_DUMMY,0
0.14011368199862773,14,QZ_DUMMY,0
0.13173383500179625,14,QZ_DUMMY,0
0.15307348599890247,14,QZ_DUMMY,0
0.13560412699735025,14,QZ_DUMMY,0
0.16725789399788482,14,QZ_DUMMY,0
0.17143224900064524,14,QZ_DUMMY,0
0.18892503200186184,14,QZ_DUMMY,0
0.18286165699828416,14,QZ_DUMMY,0
0.1914043530014169,14,QZ_DUMMY,0
0.18291752900040592,14,QZ_DUMMY,0
0.14450064600168844,14,QZ_DUMMY,0
0.1653208750030899,14,QZ_DUMMY,0
0.22728101900065667,14,QZ_DUMMY,0
0.20451589900039835,14,QZ_DUMMY,0
0.0966854210018937,14,QZ_DUMMY,0
0.11217990500153974,14,QZ_DUMMY,0
0.14748422100092284,14,QZ_DUMMY,0
0.15246827200098778,14,QZ_DUMMY,0
0.1562099559996568,14,QZ_DUMMY,0
0.14825650799684809,14,QZ_DUMMY,0
0.1398309629985306,14,QZ_DUMMY,0
0.11999271600143402,14,QZ_DUMMY,0
0.14588790600100765,14,QZ_DUMMY,0
0.1964131710010406,14,QZ_DUMMY,0
0.14458314199873712,14,QZ_DUMMY,0
0.16795443600130966,14,QZ_DUMMY,0
0.1974523360004241,14,QZ_DUMMY,0
0.18422107700098422,14,QZ_DUMMY,0
0.18734730900177965,14,QZ_DUMMY,0
0.14647449699987192,14,QZ_DUMMY,0
0.17110607500217156,14,QZ_DUMMY,0
0.18406261299969628,14,QZ_DUMMY,0
0.18907299999773386,14,QZ_DUMMY,0
0.1528746059993864,14,QZ_DUMMY,0
0.12359875300171552,14,QZ_DUMMY,0
0.13307479099967168,14,QZ_DUMMY,0
0.14193422099924646,14,QZ_DUMMY,0
0.13876158999846666,14,QZ_DUMMY,0
0.14430624700253247,14,QZ_DUMMY,0
0.14780876399890985,14,QZ_DUMMY,0
0.12744139799906407,14,QZ_DUMMY,0
0.16806205099783256,14,QZ_DUMMY,0
0.12085437700079638,14,QZ_DUMMY,0
0.12063933700119378,14,QZ_DUMMY,0
0.15932268400138128,14,QZ_DUMMY,0
0.151061522999953,14,QZ_DUMMY,0
0.15158299399990938,14,QZ_DUMMY,0
0.16209531600179616,14,QZ_DUMMY,0
0.1576159039977938,14,QZ_DUMMY,0
0.15198571300061303,14,QZ_DUMMY,0
0.15561027899821056,14,QZ_DUMMY,0
0.1445517819993256,14,QZ_DUMMY,0
0.15131464200021583,14,QZ_DUMMY,0
0.13562156700209016,14,QZ_DUMMY,0
0.13039953400220838,14,QZ_DUMMY,0
0.15230779199919198,14,QZ_DUMMY,0
0.12396793600055389,14,QZ_DUMMY,0
0.13270163899869658,14,QZ_DUMMY,0
0.12961988800088875,14,QZ_DUMMY,0
0.1305948619992705,14,QZ_DUMMY,0
0.13792370400187792,14,QZ_DUMMY,0
0.12560943599964958,14,QZ_DUMMY,0
0.16176002099746256,14,QZ_DUMMY,0
0.1483129869993718,14,QZ_DUMMY,0
0.15045042099882266,14,QZ_DUMMY,0
0.15512739999758196,14,QZ_DUMMY,0
0.14043428999866592,14,QZ_DUMMY,0
0.14000405100159696,14,QZ_DUMMY,0
0.1475842210020346,14,QZ_DUMMY,0
0.15004581500033964,14,QZ_DUMMY,0
0.15264833500259556,14,QZ_DUMMY,0
0.13652633199671982,14,QZ_DUMMY,0
0.13332503000128781,14,QZ_DUMMY,0
0.13263002299936488,14,QZ_DUMMY,0
0.14775170900247758,14,QZ_DUMMY,0
0.15298916599931545,14,QZ_DUMMY,0
0.1527856469983817,14,QZ_DUMMY,0
0.14539792299910914,14,QZ_DUMMY,0
0.12854808300107834,14,QZ_DUMMY,0
0.13503443299850915,14,QZ_DUMMY,0
0.13144513099905453,14,QZ_DUMMY,0
0.14355060000161757,14,QZ_DUMMY,0
0.14233364400206483,14,QZ_DUMMY,0
0.13711186699947575,14,QZ_DUMMY,0
0.15151633800269337,14,QZ_DUMMY,0
0.15510016799817095,14,QZ_DUMMY,0
0.14127659099904122,14,QZ_DUMMY,0
0.15628182900036336,14,QZ_DUMMY,0
0.14492214900019462,14,QZ_DUMMY,0
0.15255105500182253,14,QZ_DUMMY,0
0.18973296599870082,14,QZ_DUMMY,0
0.17874598799971864,14,QZ_DUMMY,0
0.18605716800084338,14,QZ_DUMMY,0
0.14117678299953695,14,QZ_DUMMY,0
0.16301755300082732,14,QZ_DUMMY,0
0.1952673820014752,14,QZ_DUMMY,0
0.16886105700177723,14,QZ_DUMMY,0
0.13770207299967296,14,QZ_DUMMY,0
0.17236063100062893,14,QZ_DUMMY,0
0.16810253100265982,14,QZ_DUMMY,0
0.17804835900096805,14,QZ_DUMMY,0
0.14259671599938883,14,QZ_DUMMY,0
0.12360560099841678,14,QZ_DUMMY,0
0.13256035999802407,14,QZ_DUMMY,0
0.13150071400013985,14,QZ_DUMMY,0
0.1388331099988136,14,QZ_DUMMY,0
0.13401366800098913,14,QZ_DUMMY,0
0.13659916400138172,14,QZ_DUMMY,0
0.1425001390016405,14,QZ_DUMMY,0
0.14495856500070659,14,QZ_DUMMY,0
0.1561945969988301,14,QZ_DUMMY,0
0.13612991800255259,14,QZ_DUMMY,0
0.13519846400231472,14,QZ_DUMMY,0
0.1460039699995832,14,QZ_DUMMY,0
0.11656776599920704,14,QZ_DUMMY,0
0.15213547199891764,14,QZ_DUMMY,0
0.14980546299921116,14,QZ_DUMMY,0
0.15363018799689598,14,QZ_DUMMY,0
0.1572588179988088,14,QZ_DUMMY,0
0.1536108600012085,14,QZ_DUMMY,0
0.15191803299967432,14,QZ_DUMMY,0
0.16486733999772696,14,QZ_DUMMY,0
0.14016737800193368,14,QZ_DUMMY,0
0.15080926899827318,14,QZ_DUMMY,0
0.17072927600020193,16,QZ_DUMMY,0
0.16288577799787163,16,QZ_DUMMY,0
0.1581366069985961,16,QZ_DUMMY,0
0.15917087699926924,16,QZ_DUMMY,0
0.1411837919986283,16,QZ_DUMMY,0
0.17540273400300066,16,QZ_DUMMY,0
0.17891760500060627,16,QZ_DUMMY,0
0.1624603069976729,16,QZ_DUMMY,0
0.17448136100210832,16,QZ_DUMMY,0
0.1669145980013127,16,QZ_DUMMY,0
0.18281618499895558,16,QZ_DUMMY,0
0.13610601400068845,16,QZ_DUMMY,0
0.16322340899932897,16,QZ_DUMMY,0
0.15094904400029918,16,QZ_DUMMY,0
0.17195602400170173,16,QZ_DUMMY,0
0.15778115300054196,16,QZ_DUMMY,0
0.14608054599739262,16,QZ_DUMMY,0
0.17715210499954992,16,QZ_DUMMY,0
0.18111615799716674,16,QZ_DUMMY,0
0.17512494300171966,16,QZ_DUMMY,0
0.17317083699890645,16,QZ_DUMMY,0
0.16370878300222103,16,QZ_DUMMY,0
0.16738390899990918,16,QZ_DUMMY,0
0.15264826999919023,16,QZ_DUMMY,0
0.16542615499929525,16,QZ_DUMMY,0
0.15792191899890895,16,QZ_DUMMY,0
0.15431149800133426,16,QZ_DUMMY,0
0.1586852460022783,16,QZ_DUMMY,0
0.14821266699800617,16,QZ_DUMMY,0
0.14663628799826256,16,QZ_DUMMY,0
0.17277346199989552,16,QZ_DUMMY,0
0.18100217399842222,16,QZ_DUMMY,0
0.15587878899896168,16,QZ_DUMMY,0
0.1613481819986191,16,QZ_DUMMY,0
0.15627610099909361,16,QZ_DUMMY,0
0.14704889499989804,16,QZ_DUMMY,0
0.16240056400056346,16,QZ_DUMMY,0
0.15584874100022716,16,QZ_DUMMY,0
0.16746448499907274,16,QZ_DUMMY,0
0.16336843200042495,16,QZ_DUMMY,0
0.16715373400074895,16,QZ_DUMMY,0
0.16684567099946435,16,QZ_DUMMY,0
0.162287410999852,16,QZ_DUMMY,0
0.17563073400015128,16,QZ_DUMMY,0
0.1575063370000862,16,QZ_DUMMY,0
0.15756425699873944,16,QZ_DUMMY,0
0.15418343499914045,16,QZ_DUMMY,0
0.1636476949970529,16,QZ_DUMMY,0
0.15617712400126038,16,QZ_DUMMY,0
0.14637756899901433,16,QZ_DUMMY,0
0.14326948199959588,16,QZ_DUMMY,0
0.1656906340031128,16,QZ_DUMMY,0
0.15875647799839498,16,QZ_DUMMY,0
0.1475444140014588,16,QZ_DUMMY,0
0.16519597899969085,16,QZ_DUMMY,0
0.17833802200038917,16,QZ_DUMMY,0
0.18572270499862498,16,QZ_DUMMY,0
0.21631976999924518,16,QZ_DUMMY,0
0.1612099429985392,16,QZ_DUMMY,0
0.204594075003115,16,QZ_DUMMY,0
0.21786466100093094,16,QZ_DUMMY,0
0.22151345200109063,16,QZ_DUMMY,0
0.18284904900065158,16,QZ_DUMMY,0
0.16322580899941386,16,QZ_DUMMY,0
0.15932617200087407,16,QZ_DUMMY,0
0.14286855500176898,16,QZ_DUMMY,0
0.1541660589973617,16,QZ_DUMMY,0
0.1480710040013946,16,QZ_DUMMY,0
0.15232372799800942,16,QZ_DUMMY,0
0.15010619800159475,16,QZ_DUMMY,0
0.14924773699749494,16,QZ_DUMMY,0
0.15411789800054976,16,QZ_DUMMY,0
0.1487500099974568,16,QZ_DUMMY,0
0.1550210009991133,16,QZ_DUMMY,0
0.15595888499956345,16,QZ_DUMMY,0
0.14193681300093886,16,QZ_DUMMY,0
0.14134206300150254,16,QZ_DUMMY,0
0.1608069349967991,16,QZ_DUMMY,0
0.17001356599939754,16,QZ_DUMMY,0
0.1738803700027347,16,QZ_DUMMY,0
0.16345332799755852,16,QZ_DUMMY,0
0.1306163339977502,16,QZ_DUMMY,0
0.14657875299963052,16,QZ_DUMMY,0
0.14559673899930203,16,QZ_DUMMY,0
0.17688224999801605,16,QZ_DUMMY,0
0.18796855499749654,16,QZ_DUMMY,0
0.17961830599961104,16,QZ_DUMMY,0
0.1653159470006358,16,QZ_DUMMY,0
0.17467384100018535,16,QZ_DUMMY,0
0.16425649400116527,16,QZ_DUMMY,0
0.1642421260003175,16,QZ_DUMMY,0
0.18213989900323213,16,QZ_DUMMY,0
0.1742927220002457,16,QZ_DUMMY,0
0.16712515800099936,16,QZ_DUMMY,0
0.17198994399950607,16,QZ_DUMMY,0
0.18205266700169886,16,QZ_DUMMY,0
0.18433762099812157,16,QZ_DUMMY,0
0.18082707100256812,16,QZ_DUMMY,0
0.15388525999878766,16,QZ_DUMMY,0
0.1501549980021082,16,QZ_DUMMY,0
0.1682315230027598,16,QZ_DUMMY,0
0.14164513499781606,16,QZ_DUMMY,0
0.18662779099759064,16,QZ_DUMMY,0
0.15580538200083538,16,QZ_DUMMY,0
0.18882823300009477,16,QZ_DUMMY,0
0.1594555470001069,16,QZ_DUMMY,0
0.18229727400103002,16,QZ_DUMMY,0
0.16238904299825663,16,QZ_DUMMY,0
0.13312221399974078,16,QZ_DUMMY,0
0.16876828900058172,16,QZ_DUMMY,0
0.1771618020029564,16,QZ_DUMMY,0
0.16590279299998656,16,QZ_DUMMY,0
0.1696698860032484,16,QZ_DUMMY,0
0.16593674500109046,16,QZ_DUMMY,0
0.15778995300206589,16,QZ_DUMMY,0
0.152071951997641,16,QZ_DUMMY,0
0.16034709700034,16,QZ_DUMMY,0
0.1474663970002439,16,QZ_DUMMY,0
0.16673011899911216,16,QZ_DUMMY,0
0.15485476100002415,16,QZ_DUMMY,0
0.14810764299909351,16,QZ_DUMMY,0
0.14585260999956517,16,QZ_DUMMY,0
0.1622552189983253,16,QZ_DUMMY,0
0.172639574000641,16,QZ_DUMMY,0
0.15410161099862307,16,QZ_DUMMY,0
0.17521697399934055,16,QZ_DUMMY,0
0.14196983800138696,16,QZ_DUMMY,0
0.15375313100230414,16,QZ_DUMMY,0
0.1667910780015518,16,QZ_DUMMY,0
0.13778383300086716,16,QZ_DUMMY,0
0.15517783199902624,16,QZ_DUMMY,0
0.1619918280011916,16,QZ_DUMMY,0
0.1623270269992645,16,QZ_DUMMY,0
0.16747024500000407,16,QZ_DUMMY,0
0.16083922300094855,16,QZ_DUMMY,0
0.16594301700024516,16,QZ_DUMMY,0
0.15667779500290635,16,QZ_DUMMY,0
0.14822773999912897,16,QZ_DUMMY,0
0.15335367700026836,16,QZ_DUMMY,0
0.150367861999257,16,QZ_DUMMY,0
0.14352503299960517,16,QZ_DUMMY,0
0.15953474799971445,16,QZ_DUMMY,0
0.15490282499740715,16,QZ_DUMMY,0
0.15853027000048314,16,QZ_DUMMY,0
0.14959842299867887,16,QZ_DUMMY,0
0.159724474997347,16,QZ_DUMMY,0
0.16047218500170857,16,QZ_DUMMY,0
0.16634311199959484,16,QZ_DUMMY,0
0.13092420500106527,16,QZ_DUMMY,0
0.1567900189984357,16,QZ_DUMMY,0
0.15289489399947342,16,QZ_DUMMY,0
0.14187889299864764,16,QZ_DUMMY,0
0.14051537699924666,16,QZ_DUMMY,0
0.1536292279997724,16,QZ_DUMMY,0
0.16199435599992285,16,QZ_DUMMY,0
0.1730691079974349,16,QZ_DUMMY,0
0.1741430580004817,16,QZ_DUMMY,0
0.1689850889997615,16,QZ_DUMMY,0
0.16824656300013885,16,QZ_DUMMY,0
0.12422351900022477,16,QZ_DUMMY,0
0.15552826299972367,16,QZ_DUMMY,0
0.18147804500040365,16,QZ_DUMMY,0
0.1713875770001323,16,QZ_DUMMY,0
0.16385630399963702,16,QZ_DUMMY,0
0.15761244899840676,16,QZ_DUMMY,0
0.16219147599986172,16,QZ_DUMMY,0
0.16696426199996495,16,QZ_DUMMY,0
0.17087977100163698,16,QZ_DUMMY,0
0.15626656499807723,16,QZ_DUMMY,0
0.15266443099972093,16,QZ_DUMMY,0
0.182832121001411,16,QZ_DUMMY,0
0.1425230200002261,16,QZ_DUMMY,0
0.1473793260011007,16,QZ_DUMMY,0
0.17551844600166078,16,QZ_DUMMY,0
0.16867625699887867,16,QZ_DUMMY,0
0.157838687999174,16,QZ_DUMMY,0
0.1455238430025929,16,QZ_DUMMY,0
0.14606467300109216,16,QZ_DUMMY,0
0.14445677399999113,16,QZ_DUMMY,0
0.1388574940028775,16,QZ_DUMMY,0
0.15504589600095642,16,QZ_DUMMY,0
0.15357991599739762,16,QZ_DUMMY,0
0.15644544400129234,16,QZ_DUMMY,0
0.15236199900027714,16,QZ_DUMMY,0
0.15643805199943017,16,QZ_DUMMY,0
0.16045032900001388,16,QZ_DUMMY,0
0.20323321600153577,16,QZ_DUMMY,0
0.1322828570009733,16,QZ_DUMMY,0
0.1887111450014345,16,QZ_DUMMY,0
0.18912487100169528,16,QZ_DUMMY,0
0.17252520699912566,16,QZ_DUMMY,0
0.17641767500026617,16,QZ_DUMMY,0
0.1560823090003396,16,QZ_DUMMY,0
0.16949414299961063,16,QZ_DUMMY,0
0.1632086249992426,16,QZ_DUMMY,0
0.18050051199679729,16,QZ_DUMMY,0
0.18199548400298227,16,QZ_DUMMY,0
0.16843312199853244,16,QZ_DUMMY,0
0.160843831999955,16,QZ_DUMMY,0
0.17502247999800602,16,QZ_DUMMY,0
0.19985037700098474,18,QZ_DUMMY,0
0.1447764209988236,18,QZ_DUMMY,0
0.20954935700137867,18,QZ_DUMMY,0
0.17351093099932768,18,QZ_DUMMY,0
0.20160307599871885,18,QZ_DUMMY,0
0.1548310809994291,18,QZ_DUMMY,0
0.2096202690008795,18,QZ_DUMMY,0
0.16956467099953443,18,QZ_DUMMY,0
0.21650869799850625,18,QZ_DUMMY,0
0.20080714199866634,18,QZ_DUMMY,0
0.16529076300139423,18,QZ_DUMMY,0
0.16112504700140562,18,QZ_DUMMY,0
0.1818240290012909,18,QZ_DUMMY,0
0.18766385200069635,18,QZ_DUMMY,0
0.197066224001901,18,QZ_DUMMY,0
0.21442480000041542,18,QZ_DUMMY,0
0.19359928999983822,18,QZ_DUMMY,0
0.19089158700080588,18,QZ_DUMMY,0
0.20311929599847645,18,QZ_DUMMY,0
0.19924052200076403,18,QZ_DUMMY,0
0.1728908049990423,18,QZ_DUMMY,0
0.18275042499953997,18,QZ_DUMMY,0
0.17507431899866788,18,QZ_DUMMY,0
0.1750164949989994,18,QZ_DUMMY,0
0.18463496399999713,18,QZ_DUMMY,0
0.21214515800238587,18,QZ_DUMMY,0
0.15643894800086855,18,QZ_DUMMY,0
0.16835776199877728,18,QZ_DUMMY,0
0.18282636200092384,18,QZ_DUMMY,0
0.19416997699954663,18,QZ_DUMMY,0
0.18329138400076772,18,QZ_DUMMY,0
0.19685185799971805,18,QZ_DUMMY,0
0.1789764519999153,18,QZ_DUMMY,0
0.1961178440033109,18,QZ_DUMMY,0
0.19422213700090651,18,QZ_DUMMY,0
0.20215676999941934,18,QZ_DUMMY,0
0.2007044220008538,18,QZ_DUMMY,0
0.1740062900025805,18,QZ_DUMMY,0
0.18318696800270118,18,QZ_DUMMY,0
0.1745029279991286,18,QZ_DUMMY,0
0.1705115479999222,18,QZ_DUMMY,0
0.1831230969983153,18,QZ_DUMMY,0
0.16996882900275523,18,QZ_DUMMY,0
0.1735428360007063,18,QZ_DUMMY,0
0.18064630400112947,18,QZ_DUMMY,0
0.18602798400024767,18,QZ_DUMMY,0
0.20194809900203836,18,QZ_DUMMY,0
0.24962476300061098,18,QZ_DUMMY,0
0.25091231199985486,18,QZ_DUMMY,0
0.25825005100341514,18,QZ_DUMMY,0
0.2517123100005847,18,QZ_DUMMY,0
0.23230033300205832,18,QZ_DUMMY,0
0.24220814499858534,18,QZ_DUMMY,0
0.23671894400104065,18,QZ_DUMMY,0
0.2123093499976676,18,QZ_DUMMY,0
0.20159232399964822,18,QZ_DUMMY,0
0.18086601500181132,18,QZ_DUMMY,0
0.17357851500128163,18,QZ_DUMMY,0
0.16741398899830529,18,QZ_DUMMY,0
0.16598717699889676,18,QZ_DUMMY,0
0.1715171450014168,18,QZ_DUMMY,0
0.1829471610035398,18,QZ_DUMMY,0
0.17407032199844252,18,QZ_DUMMY,0
0.15793446399766253,18,QZ_DUMMY,0
0.17224911200173665,18,QZ_DUMMY,0
0.1780296070028271,18,QZ_DUMMY,0
0.18345167200095602,18,QZ_DUMMY,0
0.19893341900024097,18,QZ_DUMMY,0
0.20017795999956434,18,QZ_DUMMY,0
0.1561380849998386,18,QZ_DUMMY,0
0.1851020989997778,18,QZ_DUMMY,0
0.1424072760019044,18,QZ_DUMMY,0
0.19339772300008917,18,QZ_DUMMY,0
0.2007245819986565,18,QZ_DUMMY,0
0.20410828500098432,18,QZ_DUMMY,0
0.19465778400262934,18,QZ_DUMMY,0
0.1793256349992589,18,QZ_DUMMY,0
0.16836429000250064,18,QZ_DUMMY,0
0.1709366350005439,18,QZ_DUMMY,0
0.19935063499724492,18,QZ_DUMMY,0
0.20276163300150074,18,QZ_DUMMY,0
0.19016656399981002,18,QZ_DUMMY,0
0.21442377499988652,18,QZ_DUMMY,0
0.1725671579988557,18,QZ_DUMMY,0
0.197601455001859,18,QZ_DUMMY,0
0.2082808169980126,18,QZ_DUMMY,0
0.2005110469981446,18,QZ_DUMMY,0
0.17851402100131963,18,QZ_DUMMY,0
0.18191055599891115,18,QZ_DUMMY,0
0.19760145499822102,18,QZ_DUMMY,0
0.17115500200088718,18,QZ_DUMMY,0
0.20113014899834525,18,QZ_DUMMY,0
0.17723620100150583,18,QZ_DUMMY,0
0.16293099399990751,18,QZ_DUMMY,0
0.16324590500153136,18,QZ_DUMMY,0
0.1832208570012881,18,QZ_DUMMY,0
0.18713674900209298,18,QZ_DUMMY,0
0.18764522800120176,18,QZ_DUMMY,0
0.19393708200004767,18,QZ_DUMMY,0
0.17760468000051333,18,QZ_DUMMY,0
0.18834564200005843,18,QZ_DUMMY,0
0.1869822850021592,18,QZ_DUMMY,0
0.18179202800092753,18,QZ_DUMMY,0
0.17608295600075508,18,QZ_DUMMY,0
0.18805332299962174,18,QZ_DUMMY,0
0.2195117930023116,18,QZ_DUMMY,0
0.17855587700250908,18,QZ_DUMMY,0
0.21399270500114653,18,QZ_DUMMY,0
0.20187529900067602,18,QZ_DUMMY,0
0.18437890099812648,18,QZ_DUMMY,0
0.18728506899788044,18,QZ_DUMMY,0
0.19612885099923005,18,QZ_DUMMY,0
0.1819995480000216,18,QZ_DUMMY,0
0.19376265100072487,18,QZ_DUMMY,0
0.20096227700196323,18,QZ_DUMMY,0
0.19271426900013466,18,QZ_DUMMY,0
0.17778787899806048,18,QZ_DUMMY,0
0.1844162450033764,18,QZ_DUMMY,0
0.1844112850012607,18,QZ_DUMMY,0
0.18980650099911145,18,QZ_DUMMY,0
0.16985180600022431,18,QZ_DUMMY,0
0.16830758699870785,18,QZ_DUMMY,0
0.17040607699891552,18,QZ_DUMMY,0
0.17113244199936162,18,QZ_DUMMY,0
0.17870662899804302,18,QZ_DUMMY,0
0.1901999080000678,18,QZ_DUMMY,0
0.18322751199957565,18,QZ_DUMMY,0
0.24229553699842654,18,QZ_DUMMY,0
0.2156035490006616,18,QZ_DUMMY,0
0.23733379099940066,18,QZ_DUMMY,0
0.24990937099937582,18,QZ_DUMMY,0
0.23146625500157825,18,QZ_DUMMY,0
0.24082040499706636,18,QZ_DUMMY,0
0.23533229299937375,18,QZ_DUMMY,0
0.20345970999915153,18,QZ_DUMMY,0
0.1961289159989974,18,QZ_DUMMY,0
0.1866354070007219,18,QZ_DUMMY,0
0.17329758800042327,18,QZ_DUMMY,0
0.18001267300132895,18,QZ_DUMMY,0
0.17800720699960948,18,QZ_DUMMY,0
0.17479681600161712,18,QZ_DUMMY,0
0.18051724800170632,18,QZ_DUMMY,0
0.17195551199984038,18,QZ_DUMMY,0
0.16712176600049133,18,QZ_DUMMY,0
0.16895251300229575,18,QZ_DUMMY,0
0.18320066500018584,18,QZ_DUMMY,0
0.1865106069999456,18,QZ_DUMMY,0
0.212726499998098,18,QZ_DUMMY,0
0.1970473769979435,18,QZ_DUMMY,0
0.19291033199988306,18,QZ_DUMMY,0
0.21322806700118235,18,QZ_DUMMY,0
0.20452537200253573,18,QZ_DUMMY,0
0.20598815099947387,18,QZ_DUMMY,0
0.2018519709999964,18,QZ_DUMMY,0
0.187745963998168,18,QZ_DUMMY,0
0.18911258300067857,18,QZ_DUMMY,0
0.1953825170021446,18,QZ_DUMMY,0
0.19773249499849044,18,QZ_DUMMY,0
0.19959543399818358,18,QZ_DUMMY,0
0.1968630250012211,18,QZ_DUMMY,0
0.1853635059997032,18,QZ_DUMMY,0
0.16807075500037172,18,QZ_DUMMY,0
0.20027955999830738,18,QZ_DUMMY,0
0.18207580399757717,18,QZ_DUMMY,0
0.1576521919996594,18,QZ_DUMMY,0
0.15832607799893594,18,QZ_DUMMY,0
0.19213219100129209,18,QZ_DUMMY,0
0.2066383900018991,18,QZ_DUMMY,0
0.1638696150002943,18,QZ_DUMMY,0
0.19683758500104886,18,QZ_DUMMY,0
0.15592234100040514,18,QZ_DUMMY,0
0.20640635900053894,18,QZ_DUMMY,0
0.14317607400153065,18,QZ_DUMMY,0
0.17004102099963347,18,QZ_DUMMY,0
0.19451739999931306,18,QZ_DUMMY,0
0.2043197719976888,18,QZ_DUMMY,0
0.18946458199934568,18,QZ_DUMMY,0
0.19313877999957185,18,QZ_DUMMY,0
0.17959149000307661,18,QZ_DUMMY,0
0.19946887400146807,18,QZ_DUMMY,0
0.19459618300243164,18,QZ_DUMMY,0
0.19286367700260598,18,QZ_DUMMY,0
0.1781754620024003,18,QZ_DUMMY,0
0.20206336300179828,18,QZ_DUMMY,0
0.22022273499896983,18,QZ_DUMMY,0
0.21222442200087244,18,QZ_DUMMY,0
0.22342045400000643,18,QZ_DUMMY,0
0.22097383700020146,18,QZ_DUMMY,0
0.18533220999961486,18,QZ_DUMMY,0
0.17828759000258287,18,QZ_DUMMY,0
0.18015628900320735,18,QZ_DUMMY,0
0.17965619399910793,18,QZ_DUMMY,0
0.18948250200264738,18,QZ_DUMMY,0
0.18987613399804104,18,QZ_DUMMY,0
0.20059424699866213,18,QZ_DUMMY,0
0.1881049060029909,18,QZ_DUMMY,0
0.17874893299813266,18,QZ_DUMMY,0
0.1693018869991647,18,QZ_DUMMY,0
0.1764931309990061,18,QZ_DUMMY,0
0.17200728700117907,18,QZ_DUMMY,0
0.19391276199894492,20,QZ_DUMMY,0
0.19470732000263524,20,QZ_DUMMY,0
0.2042715159986983,20,QZ_DUMMY,0
0.2065053660007834,20,QZ_DUMMY,0
0.21525622199987993,20,QZ_DUMMY,0
0.2140174090018263,20,QZ_DUMMY,0
0.20258051400014665,20,QZ_DUMMY,0
0.21900030599863385,20,QZ_DUMMY,0
0.21178631099974154,20,QZ_DUMMY,0
0.20648888600044302,20,QZ_DUMMY,0
0.21641404200272518,20,QZ_DUMMY,0
0.20453685900065466,20,QZ_DUMMY,0
0.2196584810008062,20,QZ_DUMMY,0
0.23678803199800313,20,QZ_DUMMY,0
0.17107263400248485,20,QZ_DUMMY,0
0.18683374200190883,20,QZ_DUMMY,0
0.18809572199825197,20,QZ_DUMMY,0
0.19564574900141452,20,QZ_DUMMY,0
0.1942900410031143,20,QZ_DUMMY,0
0.31311923900284455,20,QZ_DUMMY,0
0.1845875729995896,20,QZ_DUMMY,0
0.18786058700061403,20,QZ_DUMMY,0
0.2081592169997748,20,QZ_DUMMY,0
0.2385760270008177,20,QZ_DUMMY,0
0.1681860829994548,20,QZ_DUMMY,0
0.23457450199930463,20,QZ_DUMMY,0
0.1958799239982909,20,QZ_DUMMY,0
0.22762200999932247,20,QZ_DUMMY,0
0.23171479800294037,20,QZ_DUMMY,0
0.17853066099996795,20,QZ_DUMMY,0
0.22646860500026378,20,QZ_DUMMY,0
0.19878407600117498,20,QZ_DUMMY,0
0.21963592099928064,20,QZ_DUMMY,0
0.22636607700042077,20,QZ_DUMMY,0
0.2222108579990163,20,QZ_DUMMY,0
0.21890088299915078,20,QZ_DUMMY,0
0.22747103499932564,20,QZ_DUMMY,0
0.18468494799890323,20,QZ_DUMMY,0
0.22377914099706686,20,QZ_DUMMY,0
0.2203341909989831,20,QZ_DUMMY,0
0.22629775799941854,20,QZ_DUMMY,0
0.20233040200037067,20,QZ_DUMMY,0
0.20501935400170623,20,QZ_DUMMY,0
0.19013142900075763,20,QZ_DUMMY,0
0.20036413600246306,20,QZ_DUMMY,0
0.2062169510027161,20,QZ_DUMMY,0
0.17732359300134704,20,QZ_DUMMY,0
0.2243591070000548,20,QZ_DUMMY,0
0.20583628000167664,20,QZ_DUMMY,0
0.20540946500113932,20,QZ_DUMMY,0
0.20940682999935234,20,QZ_DUMMY,0
0.20064586200169288,20,QZ_DUMMY,0
0.2111440409971692,20,QZ_DUMMY,0
0.20997716400233912,20,QZ_DUMMY,0
0.19435989700286882,20,QZ_DUMMY,0
0.19184284799848683,20,QZ_DUMMY,0
0.1928796770007466,20,QZ_DUMMY,0
0.19481413600078668,20,QZ_DUMMY,0
0.21322963499915204,20,QZ_DUMMY,0
0.21766962200126727,20,QZ_DUMMY,0
0.20252099400022416,20,QZ_DUMMY,0
0.20231814599901554,20,QZ_DUMMY,0
0.21126144800291513,20,QZ_DUMMY,0
0.20411145300022326,20,QZ_DUMMY,0
0.1952213659969857,20,QZ_DUMMY,0
0.19648629000221263,20,QZ_DUMMY,0
0.20800302600036957,20,QZ_DUMMY,0
0.21226125300017884,20,QZ_DUMMY,0
0.22374870899875532,20,QZ_DUMMY,0
0.19781006300036097,20,QZ_DUMMY,0
0.18973549300062587,20,QZ_DUMMY,0
0.19298076500126626,20,QZ_DUMMY,0
0.19504719100223156,20,QZ_DUMMY,0
0.19421711299946764,20,QZ_DUMMY,0
0.20411858900115476,20,QZ_DUMMY,0
0.19510546199671808,20,QZ_DUMMY,0
0.21793090099890833,20,QZ_DUMMY,0
0.22079598100026487,20,QZ_DUMMY,0
0.18149430099947494,20,QZ_DUMMY,0
0.18892826299997978,20,QZ_DUMMY,0
0.27194908399906126,20,QZ_DUMMY,0
0.23830239599919878,20,QZ_DUMMY,0
0.22925544500321848,20,QZ_DUMMY,0
0.27135452600123244,20,QZ_DUMMY,0
0.2203558220026025,20,QZ_DUMMY,0
0.23863583500133245,20,QZ_DUMMY,0
0.25648784799705027,20,QZ_DUMMY,0
0.24530653599867946,20,QZ_DUMMY,0
0.2347569339981419,20,QZ_DUMMY,0
0.229739411999617,20,QZ_DUMMY,0
0.264671441000246,20,QZ_DUMMY,0
0.2571541180004715,20,QZ_DUMMY,0
0.2605160290004278,20,QZ_DUMMY,0
0.26963645100113354,20,QZ_DUMMY,0
0.22195706599814002,20,QZ_DUMMY,0
0.2671836580011586,20,QZ_DUMMY,0
0.21860043600099743,20,QZ_DUMMY,0
0.21813966899935622,20,QZ_DUMMY,0
0.22856821499954094,20,QZ_DUMMY,0
0.21984251199683058,20,QZ_DUMMY,0
0.21165280700006406,20,QZ_DUMMY,0
0.21585609100293368,20,QZ_DUMMY,0
0.22411507599827019,20,QZ_DUMMY,0
0.2033902709990798,20,QZ_DUMMY,0
0.21510044600290712,20,QZ_DUMMY,0
0.21159328700014157,20,QZ_DUMMY,0
0.25188920500295353,20,QZ_DUMMY,0
0.26094089099933626,20,QZ_DUMMY,0
0.214537374999054,20,QZ_DUMMY,0
0.17574081299972022,20,QZ_DUMMY,0
0.186057584000082,20,QZ_DUMMY,0
0.1951871259989275,20,QZ_DUMMY,0
0.16259934600020642,20,QZ_DUMMY,0
0.20865489599964349,20,QZ_DUMMY,0
0.23976760799996555,20,QZ_DUMMY,0
0.20074893399942084,20,QZ_DUMMY,0
0.22770949699770426,20,QZ_DUMMY,0
0.22539894399960758,20,QZ_DUMMY,0
0.22746418599854223,20,QZ_DUMMY,0
0.22128583599987905,20,QZ_DUMMY,0
0.21205469499909668,20,QZ_DUMMY,0
0.2219219949984108,20,QZ_DUMMY,0
0.2152197420000448,20,QZ_DUMMY,0
0.21965060900038225,20,QZ_DUMMY,0
0.20536005699977977,20,QZ_DUMMY,0
0.20431397999709588,20,QZ_DUMMY,0
0.18938979899758124,20,QZ_DUMMY,0
0.21571036400200683,20,QZ_DUMMY,0
0.23920101700059604,20,QZ_DUMMY,0
0.2496054040020681,20,QZ_DUMMY,0
0.2410942280002928,20,QZ_DUMMY,0
0.20918564699968556,20,QZ_DUMMY,0
0.21300416399753885,20,QZ_DUMMY,0
0.21136743200258934,20,QZ_DUMMY,0
0.20793777799917734,20,QZ_DUMMY,0
0.21928862599816057,20,QZ_DUMMY,0
0.2168495290025021,20,QZ_DUMMY,0
0.2074934270021913,20,QZ_DUMMY,0
0.19949537000138662,20,QZ_DUMMY,0
0.19856676500057802,20,QZ_DUMMY,0
0.19495547900078236,20,QZ_DUMMY,0
0.19403359300122247,20,QZ_DUMMY,0
0.19719720099965343,20,QZ_DUMMY,0
0.19173459200101206,20,QZ_DUMMY,0
0.2011953330002143,20,QZ_DUMMY,0
0.22985998800140806,20,QZ_DUMMY,0
0.2173039270019217,20,QZ_DUMMY,0
0.2679329359998519,20,QZ_DUMMY,0
0.24730905899923528,20,QZ_DUMMY,0
0.21387417699952493,20,QZ_DUMMY,0
0.2651556639975752,20,QZ_DUMMY,0
0.26340405299924896,20,QZ_DUMMY,0
0.2540407830019831,20,QZ_DUMMY,0
0.26067362899993896,20,QZ_DUMMY,0
0.2806367709999904,20,QZ_DUMMY,0
0.2654775829978462,20,QZ_DUMMY,0
0.26381304300230113,20,QZ_DUMMY,0
0.19566146099896287,20,QZ_DUMMY,0
0.2773755650014209,20,QZ_DUMMY,0
0.25926345599873457,20,QZ_DUMMY,0
0.21189267899899278,20,QZ_DUMMY,0
0.2598494070007291,20,QZ_DUMMY,0
0.2598108140009572,20,QZ_DUMMY,0
0.25501463600085117,20,QZ_DUMMY,0
0.2420128180019674,20,QZ_DUMMY,0
0.2354480350004451,20,QZ_DUMMY,0
0.24988373899759608,20,QZ_DUMMY,0
0.24535565499900258,20,QZ_DUMMY,0
0.25236709200180485,20,QZ_DUMMY,0
0.2670340580007178,20,QZ_DUMMY,0
0.2587262409979303,20,QZ_DUMMY,0
0.21644012199976714,20,QZ_DUMMY,0
0.29599528900143923,20,QZ_DUMMY,0
0.2787243610000587,20,QZ_DUMMY,0
0.2793673999985913,20,QZ_DUMMY,0
0.2759073460001673,20,QZ_DUMMY,0
0.1947749670034682,20,QZ_DUMMY,0
0.2663644280000881,20,QZ_DUMMY,0
0.23095524900054443,20,QZ_DUMMY,0
0.30531817299925024,20,QZ_DUMMY,0
0.2123922290011251,20,QZ_DUMMY,0
0.2717925409997406,20,QZ_DUMMY,0
0.2631401819999155,20,QZ_DUMMY,0
0.21385337699757656,20,QZ_DUMMY,0
0.2851364710004418,20,QZ_DUMMY,0
0.26478769599998486,20,QZ_DUMMY,0
0.27274354600012884,20,QZ_DUMMY,0
0.26815114299824927,20,QZ_DUMMY,0
0.22842837500138558,20,QZ_DUMMY,0
0.1941847929992946,20,QZ_DUMMY,0
0.1895338950016594,20,QZ_DUMMY,0
0.1677244200000132,20,QZ_DUMMY,0
0.2201851669997268,20,QZ_DUMMY,0
0.19786036599907675,20,QZ_DUMMY,0
0.22532768099699751,20,QZ_DUMMY,0
0.22768127400195226,20,QZ_DUMMY,0
0.21343296299892245,20,QZ_DUMMY,0
0.21180525499949,20,QZ_DUMMY,0
0.22624751799958176,20,QZ_DUMMY,0
0.2297275719975005,20,QZ_DUMMY,0
