3.291115482807037695e-01,1.132894656023101382e-02
3.314343237874969317e-01,8.649295081590631373e-03
3.337053245939312074e-01,6.045467877451501763e-03
3.359245507000069852e-01,3.517464947813601570e-03
3.380920021057240432e-01,1.065286292676953343e-03
3.402076788110823258e-01,-1.311068087958492355e-03
3.422715808160819995e-01,-3.611598194092693458e-03
3.442837081207230643e-01,-5.836304025725685095e-03
3.462440607250053537e-01,-7.985185582857431269e-03
3.481526386289290342e-01,-1.005824286548795410e-02
3.500094418324939394e-01,-1.205547587361723363e-02
3.518144703357002911e-01,-1.397688460724529590e-02
3.535677241385479230e-01,-1.582246906637210099e-02
3.552692032410367795e-01,-1.759222925099769227e-02
3.569189076431670271e-01,-1.928616516112207843e-02
3.585168373449386103e-01,-2.090427679674521783e-02
3.600629923463514181e-01,-2.244656415786712433e-02
3.615573726474055616e-01,-2.391302724448777367e-02
3.629999782481011517e-01,-2.530366605660723175e-02
3.643908091484380218e-01,-2.661848059422545348e-02
3.657298653484161721e-01,-2.785747085734241457e-02
3.670171468480356025e-01,-2.902063684595816359e-02
3.682526536472965351e-01,-3.010797856007270401e-02
3.694363857461985812e-01,-3.111949599968597685e-02
3.705683431447420184e-01,-3.205518916479805497e-02
3.716485258429268468e-01,-3.291505805540889673e-02
3.726769338407528998e-01,-3.369910267151847438e-02
3.736535671382202883e-01,-3.440732301312683650e-02
3.745784257353290680e-01,-3.503971908023398307e-02
3.754515096320790168e-01,-3.559629087283987942e-02
3.762728188284704678e-01,-3.607703839094456022e-02
3.770423533245031433e-01,-3.648196163454801855e-02
3.777601131201770990e-01,-3.681106060365023358e-02
3.784260982154924458e-01,-3.706433529825121920e-02
3.790403086104490726e-01,-3.724178571835096846e-02
3.796027443050470351e-01,-3.734341186394948137e-02
3.801134052992863332e-01,-3.736921373504678567e-02
3.805722915931669115e-01,-3.731919133164285363e-02
3.809794031866888808e-01,-3.719334465373767828e-02
3.813347400798521303e-01,-3.699167370133130128e-02
3.816383022726567709e-01,-3.671417847442366017e-02
3.818900897651025805e-01,-3.636085897301480352e-02
3.820901025571898368e-01,-3.593171519710471051e-02
3.822383406489182622e-01,-3.542674714669340197e-02
3.823348040402881898e-01,-3.484595482178085013e-02
3.823794927312993974e-01,-3.418933822236707581e-02
3.823724067219518297e-01,-3.345689734845206514e-02
3.823135460122457085e-01,-3.264863220003583200e-02
3.822029106021807565e-01,-3.176454277711836249e-02
3.820405004917572511e-01,-3.080462907969964276e-02
3.818263156809750258e-01,-2.976889110777971442e-02
3.815603561698341362e-01,-2.865732886135854973e-02
3.812426219583344156e-01,-2.746994234043616256e-02
3.808731130464762527e-01,-2.620673154501253210e-02
3.804518294342593143e-01,-2.486769647508768610e-02
3.799787711216836561e-01,-2.345283713066160375e-02
3.794539381087492780e-01,-2.196215351173428504e-02
3.788773303954563465e-01,-2.039564561830575079e-02
3.782489479818047506e-01,-1.875331345037595937e-02
3.775687908677943794e-01,-1.703515700794497323e-02
3.768368590534253437e-01,-1.524117629101273685e-02
3.760531525386976437e-01,-1.337137129957925719e-02
3.752176713236111683e-01,-1.142574203364454810e-02
3.743304154081662505e-01,-9.404288493208623478e-03
3.733913847923623908e-01,-7.307010678271483317e-03
3.724005794762000332e-01,-5.133908588833072106e-03
3.713579994596789557e-01,-2.884982224893473113e-03
3.702636447427991584e-01,-5.602315864526169475e-04
3.691175153255606967e-01,1.840343326489468634e-03
3.679196112079635150e-01,4.316742513932797509e-03
3.666699323900076690e-01,6.868965975877300290e-03
3.653684788716932141e-01,9.497013712323087997e-03
3.640152506530199839e-01,1.220088572327009124e-02
3.626102477339881447e-01,1.498058200871833778e-02
3.611534701145976411e-01,1.783610256866778598e-02
3.596449177948483622e-01,2.076744740311846360e-02
3.580845907747404744e-01,2.377461651207042614e-02
3.564724890542738667e-01,2.685760989552357647e-02
3.548086126334485391e-01,3.001642755347792846e-02
3.530929615122647136e-01,3.325106948593356537e-02
3.513255356907220572e-01,3.656153569289041783e-02
3.495063351688207365e-01,3.994782617434847194e-02
3.476353599465606958e-01,4.340994093030779710e-02
3.457126100239421018e-01,4.694787996076831005e-02
3.437380854009647879e-01,5.056164326573009404e-02
3.417117860776287541e-01,5.425123084519310745e-02
3.396337120539340004e-01,5.801664269915732253e-02
3.375038633298806934e-01,6.185787882762273926e-02
3.353222399054686109e-01,6.577493923058944092e-02
3.330888417806979196e-01,6.976782390805737200e-02
3.308036689555683973e-01,7.383653286002654637e-02
3.284667214300803773e-01,7.798106608649692240e-02
3.260779992042335262e-01,8.220142358746856948e-02
3.236375022780280664e-01,8.649760536294141822e-02
3.211452306514638866e-01,9.086961141291549637e-02
3.186011843245412090e-01,9.531744173739074844e-02
3.160053632972597004e-01,9.984109633636727155e-02
3.133577675696194720e-01,1.044405752098450241e-01
3.106583971416205792e-01,1.091158783578240338e-01
3.079072520132630775e-01,1.138670057803042590e-01
3.051043321845469114e-01,1.186939574772857275e-01
3.022496376554719699e-01,1.235967334487684255e-01
2.993568431428387244e-01,1.285396279269153397e-01
2.964613220876262667e-01,1.334302780577351633e-01
2.935648827168496067e-01,1.382639624173816473e-01
2.906675250305087999e-01,1.430406810058547362e-01
2.877692490286036797e-01,1.477604338231545689e-01
2.848700547111344128e-01,1.524232208692809509e-01
2.819699420781008881e-01,1.570290421442340489e-01
2.790689111295031610e-01,1.615778976480137241e-01
2.761669618653412872e-01,1.660697873806200597e-01
2.732640942856151556e-01,1.705047113420530558e-01
2.703603083903247106e-01,1.748826695323126845e-01
2.674556041794701744e-01,1.792036619513990015e-01
2.645499816530513804e-01,1.834676885993119511e-01
2.616434408110683840e-01,1.876747494760515333e-01
2.587359816535210744e-01,1.918248445816177761e-01
2.558276041804096734e-01,1.959179739160105682e-01
2.529183083917340147e-01,1.999541374792300763e-01
2.500080942874941536e-01,2.039333352712762726e-01
2.470969618676899793e-01,2.078555672921490460e-01
2.441849111323216581e-01,2.117208335418485909e-01
2.412719420813891347e-01,2.155291340203746853e-01
2.383580547148924089e-01,2.192804687277274123e-01
2.354432490328313976e-01,2.229748376639068552e-01
2.325275250352062673e-01,2.266122408289128198e-01
2.296108827220168513e-01,2.301926782227454726e-01
2.266933220932632054e-01,2.337161498454048136e-01
2.237748431489453849e-01,2.371826556968907873e-01
2.208554458890633065e-01,2.405921957772034214e-01
2.179351303136170259e-01,2.439447700863427437e-01
2.150138964226065152e-01,2.472403786243086710e-01
2.120917442160318578e-01,2.504790213911011199e-01
2.091686736938929425e-01,2.536606983867203957e-01
2.062446848561897972e-01,2.567854096111661932e-01
2.033197777029224773e-01,2.598531550644387900e-01
2.003939522340908996e-01,2.628639347465379639e-01
1.974672084496950641e-01,2.658177486574636594e-01
1.945395463497350819e-01,2.687145967972161542e-01
1.916109659342108418e-01,2.715544791657952817e-01
1.886814672031224549e-01,2.743373957632009308e-01
1.857510501564697825e-01,2.770633465894333236e-01
1.828197147942529077e-01,2.797323316444923491e-01
1.798874611164718029e-01,2.823443509283780628e-01
1.769542891231264958e-01,2.848994044410902982e-01
1.740201988142169864e-01,2.873974921826293882e-01
1.710851901897432192e-01,2.898386141529949445e-01
1.681492632497053330e-01,2.922227703521871334e-01
1.652124179941031334e-01,2.945499607802060660e-01
1.622746544229367316e-01,2.968201854370515758e-01
1.593359725362061552e-01,2.990334443227237737e-01
1.563963723339113210e-01,3.011897374372226599e-01
1.534558538160522567e-01,3.032890647805481232e-01
1.505144169826290179e-01,3.053314263527002193e-01
1.475720618336415213e-01,3.073168221536790590e-01
1.446287883690898779e-01,3.092452521834844759e-01
1.416845965889739489e-01,3.111167164421165254e-01
1.387394864932938454e-01,3.129312149295752077e-01
1.357934580820494841e-01,3.146887476458605226e-01
1.328465113552409482e-01,3.163893145909725813e-01
1.298986463128681546e-01,3.180329157649112726e-01
1.269498629549311308e-01,3.196195511676765411e-01
1.240001612814299881e-01,3.211492207992684422e-01
1.210495412923645459e-01,3.226219246596870871e-01
1.180980029877349291e-01,3.240376627489323091e-01
1.151455463675410684e-01,3.253964350670042194e-01
1.121921714317829777e-01,3.266982416139027623e-01
1.092378781804606847e-01,3.279430823896279379e-01
1.062826666135741893e-01,3.291309573941797462e-01
1.033265367311234639e-01,3.302618666275581871e-01
1.003694885331085085e-01,3.313358100897633163e-01
9.741152201952932299e-02,3.323527877807950226e-01
9.445263719038593520e-02,3.333127997006534726e-01
9.149283404567837286e-02,3.342158458493384998e-01
8.853211258540666373e-02,3.350619262268501597e-01
8.557047280957064128e-02,3.358510408331886188e-01
8.260791471817037490e-02,3.365831896683535995e-01
7.964443831120590622e-02,3.372583727323451019e-01
7.668004358867722137e-02,3.378765900251634591e-01
7.371473055058430646e-02,3.384378415468083934e-01
7.074849919692723088e-02,3.389421272972799604e-01
6.778134952770586974e-02,3.393894472765782155e-01
6.481328154292033406e-02,3.397798014847031034e-01
6.184429524257057526e-02,3.401131899216545684e-01
5.887439062665658640e-02,3.403896125874327216e-01
5.590356769517838831e-02,3.406090694820375075e-01
5.293182644813598792e-02,3.407715606054689816e-01
4.995916688552934359e-02,3.408770859577271439e-01
4.698558900735849697e-02,3.409256455388118834e-01
4.401109281362354519e-02,3.409172393487232555e-01
4.103567830432425234e-02,3.408518673874612603e-01
3.805934547946074331e-02,3.407295296550258978e-01
3.508209433903304586e-02,3.405502261514172790e-01
3.210392488304110448e-02,3.403139568766352929e-01
2.912483711148498855e-02,3.400207218306799395e-01
2.614483102436461481e-02,3.396705210135511632e-01
2.316390662168002490e-02,3.392633544252490196e-01
2.018206390343123269e-02,3.387992220657736753e-01
1.719930286961822430e-02,3.382781239351247971e-01
1.421562352024097198e-02,3.377000600333026625e-01
1.123102585529954511e-02,3.370650303603071607e-01
8.245509874793874316e-03,3.363730349161382915e-01
5.259075578724015099e-03,3.356240737007960551e-01
2.273694461089941117e-03,3.348250461570938530e-01
-6.970744275362199694e-04,3.340234035549935476e-01
-3.650656074583258359e-03,3.332281574116389700e-01
-6.587050480051035925e-03,3.324393077270301755e-01
-9.506257643939551583e-03,3.316568545011671088e-01
-1.240827756624881921e-02,3.308807977340499362e-01
-1.529311024697881105e-02,3.301111374256784914e-01
-1.816075568612957047e-02,3.293478735760530518e-01
-2.101121388370102636e-02,3.285910061851732289e-01
-2.384448483969327584e-02,3.278405352530391892e-01
-2.666056855410623566e-02,3.270964607796510437e-01
-2.945946502693995092e-02,3.263587827650085704e-01
-3.224117425819441468e-02,3.256275012091120469e-01
-3.500569624786958878e-02,3.249026161119612510e-01
-3.775303099596554607e-02,3.241841274735563494e-01
-4.048317850248223104e-02,3.234720352938971200e-01
-4.319613876741954656e-02,3.227663395729838403e-01
-4.589191179077770077e-02,3.220670403108162883e-01
-4.857049757255661043e-02,3.213741375073944639e-01
-5.123189611275628941e-02,3.206876311627184784e-01
-5.387610741137667525e-02,3.200075212767884425e-01
-5.650313146841783041e-02,3.193338078496041343e-01
-5.911296828387966468e-02,3.186664908811654984e-01
-6.170561785776232377e-02,3.180055703714727011e-01
-6.428108019006566198e-02,3.173510463205257981e-01
-6.683935528078978339e-02,3.167029187283247338e-01
-6.938044312993460472e-02,3.160611875948693417e-01
-7.190434373750023700e-02,3.154258529201597883e-01
-7.441105710348654145e-02,3.147969147041960181e-01
-7.690058322789358747e-02,3.141743729469780866e-01
-7.937292211072141668e-02,3.135582276485059938e-01
-8.182807375196990418e-02,3.129484788087796843e-01
-8.426603815163917488e-02,3.123451264277991579e-01
-8.668681530972924265e-02,3.117481705055644148e-01
-8.909040522624003811e-02,3.111576110420754548e-01
-9.147680790117156124e-02,3.105734480373323891e-01
-9.384602333452383982e-02,3.099956814913350511e-01
-9.619805152629681833e-02,3.094243114040835518e-01
-9.853289247649056615e-02,3.088593377755778913e-01
-1.008505461851050833e-01,3.083007606058179584e-01
-1.031510126521403004e-01,3.077485798948038087e-01
-1.054342918775962867e-01,3.072027956425354978e-01
-1.077003838614730008e-01,3.066634078490130255e-01
-1.099492886037704842e-01,3.061304165142363365e-01
-1.121810061044886814e-01,3.056038216382054307e-01
-1.143955363636276479e-01,3.050836232209203081e-01
-1.165928793811872449e-01,3.045698212623810797e-01
-1.187730351571676529e-01,3.040624157625874679e-01
-1.209360036915688719e-01,3.035614067215399170e-01
-1.230817849843907907e-01,3.030667941392379827e-01
-1.252103790356334234e-01,3.025785780156818316e-01
-1.273217858452967977e-01,3.020967583508715748e-01
-1.294160054133809967e-01,3.016213351448071012e-01
-1.314930377398858541e-01,3.011523083974884663e-01
-1.335528828248114808e-01,3.006896781089155590e-01
-1.355955406681578490e-01,3.002334442790885460e-01
-1.376210112699250143e-01,2.997836069080072607e-01
-1.396292946301128379e-01,2.993401659956717586e-01
-1.416203907487214309e-01,2.989031215420821508e-01
-1.435942996257507653e-01,2.984724735472383261e-01
-1.455510212612008414e-01,2.980482220111402292e-01
-1.474905556550716035e-01,2.976303669337879709e-01
-1.494129028073631904e-01,2.972189083151814959e-01
-1.513180627180754911e-01,2.968138461553208596e-01
-1.532060353872085612e-01,2.964151804542060065e-01
-1.550768208147623450e-01,2.960229112118369921e-01
-1.569304190007368704e-01,2.956370384282137054e-01
-1.587668299451321374e-01,2.952575621033363129e-01
-1.605860536479481460e-01,2.948844822372046481e-01
-1.623880901091849238e-01,2.945177988298188221e-01
-1.641729393288424432e-01,2.941575118811787792e-01
-1.659406013069207042e-01,2.938036213912845196e-01
-1.676910760434197067e-01,2.934561273601361542e-01
-1.694243635383394231e-01,2.931150297877335165e-01
-1.711404637916799087e-01,2.927803286740766620e-01
-1.728393768034411082e-01,2.924520240191656462e-01
-1.745211025736229937e-01,2.921301158230004691e-01
-1.761856411022257041e-01,2.918146040855810197e-01
-1.778329923892491560e-01,2.915054888069074646e-01
-1.794631564346933494e-01,2.912027699869795816e-01
-1.810761332385582290e-01,2.909064476257975373e-01
-1.826719228008439333e-01,2.906165217233613873e-01
-1.842505251215503237e-01,2.903329922796710205e-01
-1.858119402006774834e-01,2.900558592947263814e-01
-1.873561680382253847e-01,2.897851227685276365e-01
-1.888832086341940553e-01,2.895207827010746748e-01
-1.903930619885833841e-01,2.892628390923673853e-01
-1.918857281013935379e-01,2.890112919424059901e-01
-1.933612069726244331e-01,2.887661412511904890e-01
-1.948194986022760145e-01,2.885273870187206602e-01
-1.962606029903483651e-01,2.882950292449966700e-01
-1.976845201368414295e-01,2.880690679300185186e-01
-1.990912500417552355e-01,2.878495030737860949e-01
-2.004807927050898386e-01,2.876363346762995654e-01
-2.018531481268451278e-01,2.874295627375587636e-01
-2.032083163070212417e-01,2.872291872575638005e-01
-2.045462972456180417e-01,2.870352082363146207e-01
-2.058670909426355278e-01,2.868476256738112795e-01
-2.071706973980738664e-01,2.866664395700536661e-01
-2.084571166119329466e-01,2.864916499250420023e-01
-2.097263485842126851e-01,2.863232567387760108e-01
-2.109783933149131652e-01,2.861612600112558580e-01
-2.122132508040344423e-01,2.860056597424814884e-01
-2.134309210515764332e-01,2.858564559324529020e-01
-2.146314040575391657e-01,2.857136485811702098e-01
-2.158146998219226398e-01,2.855772376886332453e-01
-2.169808083447268277e-01,2.854472232548420640e-01
-2.181297296259518126e-01,2.853236052797967215e-01
-2.192614636655975113e-01,2.852063837634972177e-01
-2.203760104636639794e-01,2.850955587059434970e-01
-2.214733700201511335e-01,2.849911301071355041e-01
-2.225535423350591124e-01,2.848930979670734054e-01
-2.236165274083877774e-01,2.848014622857570899e-01
-2.246623252401372395e-01,2.847162230631865576e-01
-2.256909358303073321e-01,2.846373802993618085e-01
-2.267023591788983050e-01,2.845649339942829537e-01
-2.276965952859099085e-01,2.844988841479497710e-01
-2.286736441513422813e-01,2.844392307603624270e-01
-2.296335057751954511e-01,2.843859738315209773e-01
-2.305761801574693348e-01,2.843391133614252553e-01
-2.315016672981639601e-01,2.842986493500753165e-01
-2.324099671972792436e-01,2.842645817974712164e-01
-2.333010798548153797e-01,2.842369107036128995e-01
-2.341750052707722296e-01,2.842156360685004213e-01
-2.350317434451498211e-01,2.842007578921337263e-01
-2.358712943779481541e-01,2.841922761745128145e-01
-2.366936580691672010e-01,2.841901909156376860e-01
-2.374988345188070449e-01,2.841945021155084516e-01
-2.382868237268676026e-01,2.842052097741249450e-01
-2.390576256933488741e-01,2.842223138914872216e-01
-2.398112404182509150e-01,2.842458144675953369e-01
-2.405476679015736696e-01,2.842757115024492354e-01
-2.412669081433172491e-01,2.843120049960489726e-01
-2.419689611434814869e-01,2.843546949483944930e-01
-2.426538269020664940e-01,2.844037813594858521e-01
-2.433215054190722704e-01,2.844592642293229945e-01
-2.439719966944987606e-01,2.845211435579059200e-01
-2.446053007283460201e-01,2.845894193452346288e-01
-2.452214175206139934e-01,2.846640915913091763e-01
-2.458203470713026806e-01,2.847451602961295070e-01
-2.464020893804121370e-01,2.848326254596956764e-01
-2.469666444479423628e-01,2.849264870820075735e-01
-2.475140122738933579e-01,2.850267451630653648e-01
-2.480441928582650113e-01,2.851333997028688838e-01
-2.485571862010574062e-01,2.852464507014181860e-01
-2.490529923022705705e-01,2.853658981587133825e-01
-2.495316111619044763e-01,2.854917420747543622e-01
-2.499930427799591515e-01,2.856239824495410695e-01
-2.504372871564345404e-01,2.857626192830736711e-01
-2.508643442913306432e-01,2.859076525753520004e-01
-2.512742141846475707e-01,2.860590823263761129e-01
-2.516668968363852121e-01,2.862169085361461196e-01
-2.520423922465435673e-01,2.863811312046618540e-01
-2.524007004151226918e-01,2.865517503319234827e-01
-2.527418213421225857e-01,2.867287659179308390e-01
-2.530657550275431378e-01,2.869121779626839785e-01
-2.533725014713844592e-01,2.871019864661829568e-01
-2.536620606736465500e-01,2.872981914284277183e-01
-2.539344326343293545e-01,2.875007928494183185e-01
-2.541896173534329284e-01,2.877097907291547019e-01
-2.544276148309572716e-01,2.879251850676369795e-01
-2.546484250669022731e-01,2.881469758648649293e-01
-2.548520480612681549e-01,2.883751631208387178e-01
-2.550384838140546395e-01,2.886097468355582896e-01
-2.552077323252619490e-01,2.888507270090237000e-01
-2.553597935948899167e-01,2.890981036412348937e-01
-2.554946676229386537e-01,2.893518767321918705e-01
-2.556123544094082156e-01,2.896120462818946861e-01
-2.557128539542984358e-01,2.898786122903432849e-01
-2.557961662576094808e-01,2.901515747575377224e-01
-2.558622913193411841e-01,2.904309336834779431e-01
-2.559112291394936012e-01,2.907166890681639471e-01
-2.559429797180668986e-01,2.910088409115957897e-01
-2.559575430550607988e-01,2.913073892137734155e-01
-2.559549191504755239e-01,2.916123339746967691e-01
-2.559351080043109627e-01,2.919236751943660169e-01
-2.558981096165671154e-01,2.922414128727810478e-01
-2.558439239872440929e-01,2.925655470099418620e-01
-2.557725511163417842e-01,2.928960776058485149e-01
-2.556839910038601893e-01,2.932330046605009510e-01
-2.555782436497993637e-01,2.935763281738992259e-01
-2.554553090541592519e-01,2.939260481460432839e-01
-2.553156381328242075e-01,2.942817788443521931e-01
-2.551761011214072061e-01,2.946290887534394609e-01
-2.550452585199376454e-01,2.949606548583380006e-01
-2.549231103284153588e-01,2.952764771590477566e-01
-2.548096565468405683e-01,2.955765556555688400e-01
-2.547048971752131630e-01,2.958608903479012509e-01
-2.546088322135330873e-01,2.961294812360448225e-01
-2.545214616618004522e-01,2.963823283199997216e-01
-2.544427855200151467e-01,2.966194315997658371e-01
-2.543728037881772819e-01,2.968407910753432244e-01
-2.543115164662867467e-01,2.970464067467318836e-01
-2.542589235543437076e-01,2.972362786139319257e-01
-2.542150250523479982e-01,2.974104066769431842e-01
-2.541798209602996739e-01,2.975687909357656591e-01
-2.541533112781987347e-01,2.977114313903994613e-01
-2.541354960060451806e-01,2.978383280408444800e-01
-2.541263751438390117e-01,2.979494808871007705e-01
-2.541259486915801724e-01,2.980448899291683884e-01
-2.541342166492688293e-01,2.981245551670472227e-01
-2.541511790169048157e-01,2.981884766007373289e-01
-2.541768357944882428e-01,2.982366542302388179e-01
-2.542111869820189995e-01,2.982690880555514124e-01
-2.542542325794971969e-01,2.982857780766753897e-01
-2.543059725869227794e-01,2.982867242936106389e-01
-2.543664070042956360e-01,2.982719267063570490e-01
-2.544355358316160443e-01,2.982413853149148419e-01
-2.545133590688837266e-01,2.981951001192838513e-01
-2.545998767160988496e-01,2.981330711194641325e-01
-2.546950887732613578e-01,2.980552983154556856e-01
-2.547989952403711955e-01,2.979617817072584551e-01
-2.549115961174285294e-01,2.978525212948726075e-01
-2.550328914044331374e-01,2.977275170782979763e-01
-2.551628811013852416e-01,2.975867690575346725e-01
-2.553015652082846199e-01,2.974302772325825295e-01
-2.554489437251314943e-01,2.972580416034417139e-01
-2.556050166519256983e-01,2.970700621701121702e-01
-2.557697839886672875e-01,2.968663389325938984e-01
-2.559432457353563173e-01,2.966468718908868429e-01
-2.561254018919926767e-01,2.964116610449911149e-01
-2.563162524585764768e-01,2.961607063949066587e-01
-2.565157974351076065e-01,2.958940079406334189e-01
-2.567240368215861768e-01,2.956115656821715065e-01
-2.569409706180120767e-01,2.953133796195208660e-01
-2.571665988243854173e-01,2.949994497526814974e-01
-2.574009214407060875e-01,2.946697760816532896e-01
-2.576439384669741983e-01,2.943243586064364647e-01
-2.578956499031897498e-01,2.939631973270309118e-01
-2.581560557493525754e-01,2.935862922434365752e-01
-2.584251560054628416e-01,2.931936433556535659e-01
-2.587029506715204930e-01,2.927852506636818286e-01
-2.589894397475255849e-01,2.923611141675213632e-01
-2.592846232334780066e-01,2.919212338671720031e-01
-2.595885011293778133e-01,2.914656097626341369e-01
-2.599010734352250052e-01,2.909942418539074871e-01
-2.602223401510195822e-01,2.905071301409920537e-01
-2.605523012767615443e-01,2.900042746238878366e-01
-2.608909568124510026e-01,2.894856753025950580e-01
-2.612383067580876794e-01,2.889513321771133847e-01
-2.615943511136718524e-01,2.884012452474430388e-01
-2.619590898792034106e-01,2.878354145135839648e-01
-2.623325230546823539e-01,2.872538399755362182e-01
-2.627146506401086268e-01,2.866565216332996879e-01
-2.631054726354823403e-01,2.860434594868744296e-01
-2.635049890408034390e-01,2.854146535362603876e-01
-2.639131998560719228e-01,2.847701037814576175e-01
-2.643301050812877917e-01,2.841098102224662303e-01
-2.647557047164510458e-01,2.834337728592860040e-01
-2.651899987615616849e-01,2.827419916919171605e-01
-2.656329872166197648e-01,2.820344667203595335e-01
-2.660846700816251742e-01,2.813111979446131228e-01
-2.665450473565779688e-01,2.805721853646780395e-01
-2.670141190414782040e-01,2.798174289805542281e-01
-2.674918851363257133e-01,2.790469287922416330e-01
-2.679783456411207188e-01,2.782606847997403099e-01
-2.684735005558630538e-01,2.774586970030503141e-01
-2.689773498805528296e-01,2.766409654021715903e-01
-2.694898936151899904e-01,2.758074899971040828e-01
-2.700111317597745364e-01,2.749582707878478471e-01
-2.705410643143064120e-01,2.740933077744029944e-01
-2.710796912787857282e-01,2.732126009567693026e-01
-2.716270126532124296e-01,2.723161503349468826e-01
-2.721830284375865161e-01,2.714039559089357900e-01
-2.727477386319079322e-01,2.704760176787359693e-01
-2.733211432361767335e-01,2.695323356443473650e-01
-2.739032422503930309e-01,2.685729098057700326e-01
-2.744940356745566579e-01,2.675977401630040275e-01
-2.750935235086676700e-01,2.666068267160491834e-01
-2.757017057527261228e-01,2.656001694649056666e-01
-2.763185824067319052e-01,2.645777684095735327e-01
-2.769441534706850727e-01,2.635396235500524487e-01
-2.775784189445856809e-01,2.624857348863428030e-01
-2.782213788284336187e-01,2.614161024184443183e-01
-2.788730331222289971e-01,2.603307261463572164e-01
-2.795333818259717051e-01,2.592296060700813309e-01
-2.802024249396618538e-01,2.581127421896167173e-01
-2.808801624632993876e-01,2.569801345049633756e-01
-2.815665943968842511e-01,2.558317830161213058e-01
-2.822617207404165551e-01,2.546676877230904523e-01
-2.829655414938961888e-01,2.534878486258708707e-01
-2.836780566573233187e-01,2.522922657244626721e-01
-2.843992662306977781e-01,2.510809390188656898e-01
-2.851291702140196227e-01,2.498538685090798683e-01
-2.858677686072889079e-01,2.486110541951054853e-01
-2.866150614105055228e-01,2.473524960769422909e-01
-2.873710486236695227e-01,2.460781941545903684e-01
-2.881357302467809633e-01,2.447881484280497177e-01
-2.889091062798397336e-01,2.434823588973203390e-01
-2.896911767228459444e-01,2.421608255624022321e-01
-2.904819415757994294e-01,2.408235484232953694e-01
-2.912814008387004661e-01,2.394705274799998340e-01
-2.920895545115487768e-01,2.381017627325155706e-01
-2.929064025943444727e-01,2.367172541808424957e-01
-2.937319450870876092e-01,2.353170018249808870e-01
-2.945661819897780753e-01,2.339010056649303282e-01
-2.954091133024159821e-01,2.324692657006911523e-01
-2.962607390250013295e-01,2.310217819322632482e-01
-2.971210591575340065e-01,2.295585543596466160e-01
-2.979900737000140132e-01,2.280795829828411170e-01
-2.988677826524415160e-01,2.265848678018470008e-01
-2.997541860148162929e-01,2.250744088166641288e-01
-3.006492837871385104e-01,2.235482060272925287e-01
-3.015530759694081686e-01,2.220062594337322281e-01
-3.024655625616251564e-01,2.204485690359831440e-01
-3.033867435637895849e-01,2.188751348340454150e-01
-3.043166189759013429e-01,2.172859568279188469e-01
-3.052551887979605416e-01,2.156810350176036339e-01
-3.062024530299670699e-01,2.140603694030996096e-01
-3.071584116719210389e-01,2.124239599844069404e-01
-3.081230647238223375e-01,2.107718067615255153e-01
-3.090964121856711322e-01,2.091039097344553621e-01
-3.100784540574672010e-01,2.074202689031964808e-01
-3.110691903392106550e-01,2.057208842677488159e-01
-3.120686210309016051e-01,2.040057558281124506e-01
-3.130767461325398848e-01,2.022748835842873849e-01
-3.140935656441254942e-01,2.005282675362735356e-01
-3.151190795656585997e-01,1.987659076840710692e-01
-3.161532878971390348e-01,1.969878040276797360e-01
-3.171961906385668550e-01,1.951939565670997301e-01
-3.182477877899420604e-01,1.933843653023310238e-01
-3.193080793512647064e-01,1.915590302333735340e-01
-3.203770653225347376e-01,1.897179513602273715e-01
-3.214547457037520983e-01,1.878611286828923976e-01
-3.225411204949168997e-01,1.859885622013687789e-01
-3.236361896960289197e-01,1.841002519156565431e-01
-3.247399533070884914e-01,1.821961978257553849e-01
-3.258524113280953927e-01,1.802763999316655541e-01
-3.269735637590497346e-01,1.783408582333869674e-01
-3.281034105999514061e-01,1.763895727309196526e-01
-3.292419518508005738e-01,1.744225434242636374e-01
-3.303891875115970711e-01,1.724397703134188942e-01
-3.315451175823409535e-01,1.704412533983853673e-01
-3.327097420630321656e-01,1.684269926791631122e-01
-3.338830609536708738e-01,1.663969881557522124e-01
-3.350650742542568561e-01,1.643512398281524733e-01
-3.362557819647903345e-01,1.622897476963640895e-01
-3.374551840852711981e-01,1.602125117603869775e-01
-3.386632806156993913e-01,1.581195320202211096e-01
-3.398800715560750252e-01,1.560108084758664859e-01
-3.411055569063979886e-01,1.538863411273231618e-01
-3.423397366666683372e-01,1.517461299745910819e-01
-3.435826108368861265e-01,1.495901750176702738e-01
-3.448341794170513008e-01,1.474184762565607654e-01
-3.460944424071638048e-01,1.452310336912625011e-01
-3.473633998072236939e-01,1.430278473217755364e-01
-3.486410516172310237e-01,1.408089171480998159e-01
-3.499273978371857385e-01,1.385742431702353950e-01
-3.512224384670878941e-01,1.363238253881821904e-01
-3.525261735069373792e-01,1.340576638019403133e-01
-3.538386029567342494e-01,1.317757584115096803e-01
-3.551597268164784493e-01,1.294781092168903192e-01
-3.564895450861700898e-01,1.271647162180822022e-01
-3.578280577658091710e-01,1.248355794150853709e-01
-3.591752648553955818e-01,1.224906988078998393e-01
-3.605311663549292667e-01,1.201300743965257045e-01
-3.618957622644104477e-01,1.177537061809627028e-01
-3.632690525838390694e-01,1.153615941612109591e-01
-3.646510373132150762e-01,1.129537383372705012e-01
-3.660417164525384126e-01,1.105301387091412874e-01
-3.674410900018091342e-01,1.080907952768233315e-01
-3.688491579610273519e-01,1.056357080403167031e-01
-3.702659203301928992e-01,1.031648769996213050e-01
-3.716913771093057206e-01,1.006783021547371787e-01
-3.731255282983660382e-01,9.817598350566432430e-02
-3.745416096775118220e-01,9.564665697365495878e-02
-3.759015528483797830e-01,9.307430096573234002e-02
-3.772050741935880080e-01,9.045879611774021445e-02
-3.784521737131367747e-01,8.780014242967859595e-02
-3.796428514070258053e-01,8.509833990154742900e-02
-3.807771072752552111e-01,8.235338853334676912e-02
-3.818549413178251029e-01,7.956528832507660243e-02
-3.828763535347352032e-01,7.673403927673688729e-02
-3.838413439259858451e-01,7.385964138832770698e-02
-3.847499124915768065e-01,7.094209465984897822e-02
-3.856020592315080875e-01,6.798139909130074265e-02
-3.863977841457797990e-01,6.497755468268298640e-02
-3.871370872343919411e-01,6.193056143399574415e-02
-3.878199684973444028e-01,5.884041934523898121e-02
-3.884464279346373505e-01,5.570712841641269064e-02
-3.890164655462706178e-01,5.253068864751689326e-02
-3.895300813322442046e-01,4.931110003855158214e-02
-3.899872752925582220e-01,4.604836258951673644e-02
-3.903880474272126699e-01,4.274247630041241169e-02
-3.907323977362073819e-01,3.939344117123855932e-02
-3.910203262195425800e-01,3.600125720199545687e-02
-3.912518328772180976e-01,3.256592439268257005e-02
-3.914269177092341012e-01,2.908744274330019031e-02
-3.915455807155903689e-01,2.556581225384828987e-02
-3.916078218962870672e-01,2.200103292432689303e-02
-3.916136412513242515e-01,1.839310475473595469e-02
-3.915630387807016444e-01,1.474202774507551994e-02
-3.914560144844195788e-01,1.104780189534557491e-02
-3.912925683624777218e-01,7.310427205546095319e-03
-3.910727004148764063e-01,3.529903675677119324e-03
-3.907964106416154104e-01,-2.937686942613704222e-04
-3.904636990426947341e-01,-4.160589904269366979e-03
-3.900745656181145438e-01,-8.070559954346877285e-03
-3.896290103678746730e-01,-1.202367884449391175e-02
-3.891270332919752328e-01,-1.601994657471045302e-02
-3.885686343904162232e-01,-2.005936314499652540e-02
-3.879538136631974776e-01,-2.414192855535209070e-02
-3.872825711103191626e-01,-2.826764280577716976e-02
-3.865549067317812226e-01,-3.243650589627176256e-02
-3.857708205275836022e-01,-3.664851782683587605e-02
-3.849303124977265234e-01,-4.090367859746950330e-02
-3.840333826422096530e-01,-4.520198820817264429e-02
-3.830800309610332688e-01,-4.954344665894529209e-02
-3.820702574541972596e-01,-5.392805394978744671e-02
-3.810040621217015699e-01,-5.835581008069912201e-02
-3.798814449635463109e-01,-6.282671505168031800e-02
-3.787024059797314823e-01,-6.734076886273102081e-02
-3.774669451702570289e-01,-7.189797151385123042e-02
-3.761750625351229504e-01,-7.649832300504094684e-02
-3.748267580743291916e-01,-8.114182333630018396e-02
-3.734220317878758633e-01,-8.582847250762859481e-02
-3.719608836757629655e-01,-9.055827051902684555e-02
-3.704433137379903873e-01,-9.533121737049464473e-02
-3.688693219745581842e-01,-1.001473130620319230e-01
-3.672389083854664671e-01,-1.050065575936387496e-01
-3.655520729707150140e-01,-1.099089509653150554e-01
-3.638088157303039361e-01,-1.148544931770608957e-01
-3.620091366642332886e-01,-1.198431842288762428e-01
-3.601530357725030163e-01,-1.248750241207610828e-01
-3.582405130551131189e-01,-1.299500128527154574e-01
-3.562715685120636522e-01,-1.350681504247393250e-01
-3.542462021433545050e-01,-1.402294368368327271e-01
-3.521644139489857328e-01,-1.454338720889956360e-01
-3.500262039289573357e-01,-1.506814561812280240e-01
-3.478315720832693692e-01,-1.559721891135299743e-01
-3.455805184119218332e-01,-1.613060708859014591e-01
-3.432730429149146167e-01,-1.666831014983423953e-01
-3.409091455922477198e-01,-1.721032809508528660e-01
-3.384888264439213645e-01,-1.775666092434328436e-01
-3.360120854699352178e-01,-1.830730863760823557e-01
-3.334789226702895570e-01,-1.886227123488013746e-01
-3.308893380449842714e-01,-1.942154871615899003e-01
-3.282433315940193608e-01,-1.998514108144479606e-01
-3.255409033173947697e-01,-2.055304833073754445e-01
-3.227820532151107202e-01,-2.112527046403725461e-01
-3.199667812871669348e-01,-2.170180748134391269e-01
-3.170950875335634689e-01,-2.228265938265752144e-01
-3.141669719543006001e-01,-2.286782616797808365e-01
-3.111824345493779398e-01,-2.345730783730559377e-01
-3.081414753187956546e-01,-2.405110439064006012e-01
-3.050440942625540774e-01,-2.464921582798142718e-01
-3.018902913806523203e-01,-2.525164214932983375e-01
-2.986800666730914378e-01,-2.585838335468511051e-01
-2.954134201398705417e-01,-2.646943944404742122e-01
-2.920903517809904648e-01,-2.708481041741659934e-01
-2.887108615964503189e-01,-2.770449627479281696e-01
-2.852749495862509921e-01,-2.832849701617589089e-01
-2.817826157503915407e-01,-2.895681264156600987e-01
-2.782338600888730196e-01,-2.958944315096298516e-01
-2.746286826016943738e-01,-3.022638854436700551e-01
-2.709670832888566028e-01,-3.086764882177789326e-01
-2.672490621503587072e-01,-3.151322398319582052e-01
-2.634746191862016862e-01,-3.216311402862059854e-01
-2.596437543963845407e-01,-3.281731895805242161e-01
-2.557564677809083808e-01,-3.347583877149111209e-01
-2.518127593397725406e-01,-3.413867346893675325e-01
-2.478126290729765202e-01,-3.480582305038942836e-01
-2.437560769805214578e-01,-3.547728751584897089e-01
-2.396431030624062430e-01,-3.615306686531555846e-01
-2.354737073186319307e-01,-3.683316109878899125e-01
-2.312478897491974661e-01,-3.751757021626948019e-01
-2.269395698477392476e-01,-3.819969327035425133e-01
-2.224557339333537720e-01,-3.885598860097103091e-01
-2.177881299708253615e-01,-3.948436762710553771e-01
-2.129367579601526284e-01,-4.008483034875794382e-01
-2.079016179013370158e-01,-4.065737676592807714e-01
-2.026827097943771361e-01,-4.120200687861612088e-01
-1.972800336392743770e-01,-4.171872068682189738e-01
-1.916935894360272674e-01,-4.220751819054557319e-01
-1.859233771846373895e-01,-4.266839938978699287e-01
-1.799693968851030501e-01,-4.310136428454629520e-01
-1.738316485374259701e-01,-4.350641287482335806e-01
-1.675101321416044287e-01,-4.388354516061828692e-01
-1.610048476976402021e-01,-4.423276114193098185e-01
-1.543157952055314586e-01,-4.455406081876154833e-01
-1.474429746652800577e-01,-4.484744419110988090e-01
-1.403863860768841121e-01,-4.511291125897607945e-01
-1.331460294403455369e-01,-4.535046202236005519e-01
-1.257219047556623337e-01,-4.556009648126187472e-01
-1.181140120228366397e-01,-4.574181463568149364e-01
-1.103223512418662344e-01,-4.589561648561895080e-01
-1.023469224127533661e-01,-4.602150203107420179e-01
-9.418772553549574489e-02,-4.611947127204729102e-01
-8.584476061009571612e-02,-4.618952420853818519e-01
-7.731802763655087896e-02,-4.623166084054690095e-01
-6.860752661486370363e-02,-4.624588116807343829e-01
-5.971325754503294114e-02,-4.623218519111779168e-01
-5.063522042705728698e-02,-4.619057290967995555e-01
-4.137341526093937794e-02,-4.612104432375994656e-01
-3.192784204667650783e-02,-4.602359943335774251e-01
-2.229850078427145221e-02,-4.589823823847337669e-01
-1.248539147372136615e-02,-4.574496073910681027e-01
-2.488514115029136220e-03,-4.556376693525808208e-01
7.692131291808138038e-03,-4.535465682692714218e-01
1.805654474678752841e-02,-4.511763041411404607e-01
2.860472624991206025e-02,-4.485268769681874379e-01
3.933667580117859719e-02,-4.455982867504128531e-01
5.025239340059033111e-02,-4.423905334878160955e-01
6.135187904814405624e-02,-4.389036171803979425e-01
7.263513274384297835e-02,-4.351375378281574502e-01
8.410215448768387780e-02,-4.310922954310957289e-01
9.574877887175196889e-02,-4.267703787446675556e-01
1.072865513977212526e-01,-4.223441340841971869e-01
1.185394835810586883e-01,-4.179187113676964827e-01
1.295075754217610842e-01,-4.134941105951666640e-01
1.401908269198315626e-01,-4.090703317666065097e-01
1.505892380752671122e-01,-4.046473748820172411e-01
1.607028088880706473e-01,-4.002252399413975814e-01
1.705315393582393091e-01,-3.958039269447488073e-01
1.800754294857758731e-01,-3.913834358920697531e-01
1.893344792706776747e-01,-3.869637667833615291e-01
1.983086887129472953e-01,-3.825449196186229139e-01
2.069980578125822923e-01,-3.781268943978553509e-01
2.154025865695849418e-01,-3.737096911210573413e-01
2.235222749839530509e-01,-3.692933097882302729e-01
2.313571230556876746e-01,-3.648777503993734239e-01
2.389071307847899228e-01,-3.604630129544862394e-01
2.461722981712577141e-01,-3.560490974535698849e-01
2.531526252150930745e-01,-3.516360038966232504e-01
2.598481119162939779e-01,-3.472237322836474460e-01
2.662587582748623394e-01,-3.428122826146413615e-01
2.723845642907963827e-01,-3.384016548896062182e-01
2.782255299640978286e-01,-3.339918491085405727e-01
2.837816552947650117e-01,-3.295828652714459794e-01
2.890529402827994865e-01,-3.251747033783209950e-01
2.940393849281998095e-01,-3.207673634291668407e-01
2.987409892309673132e-01,-3.163608454239823509e-01
3.031577531911007761e-01,-3.119551493627688021e-01
3.072896768086013641e-01,-3.075502752455248068e-01
3.111367600834679115e-01,-3.031462230722518081e-01
3.146990030157015839e-01,-2.987429928429483628e-01
3.179764056053012711e-01,-2.943405845576158586e-01
3.209689678522679723e-01,-2.899389982162530188e-01
3.236766897566007439e-01,-2.855382338188610647e-01
3.260995713183005296e-01,-2.811382913654387750e-01
3.282376125373664966e-01,-2.767391708559873709e-01
3.300908134137993111e-01,-2.723408722905056312e-01
3.316591739475984180e-01,-2.679433956689947216e-01
3.329426941387643168e-01,-2.635467409914535319e-01
3.339413739872965081e-01,-2.591509082578831724e-01
3.346552134931954359e-01,-2.547558974682825328e-01
3.350842126564607670e-01,-2.503617086226526678e-01
3.352837845703317554e-01,-2.459767442128203974e-01
3.354610573067294821e-01,-2.416324118327303760e-01
3.356356976221500643e-01,-2.373316936252484188e-01
3.358077055165932245e-01,-2.330745895903757747e-01
3.359770809900591848e-01,-2.288610997281117498e-01
3.361438240425478896e-01,-2.246912240384558168e-01
3.363079346740592834e-01,-2.205649625214091414e-01
3.364694128845934218e-01,-2.164823151769705301e-01
3.366282586741503047e-01,-2.124432820051412041e-01
3.367844720427298766e-01,-2.084478630059199422e-01
3.369380529903321375e-01,-2.044960581793078824e-01
3.370890015169573095e-01,-2.005878675253039978e-01
3.372373176226049485e-01,-1.967232910439092597e-01
3.373830013072754430e-01,-1.929023287351226967e-01
3.375260525709686821e-01,-1.891249805989453081e-01
3.376664714136846102e-01,-1.853912466353760669e-01
3.378042578354232828e-01,-1.817011268444160277e-01
3.379394118361846444e-01,-1.780546212260640804e-01
3.380719334159687506e-01,-1.744517297803214184e-01
3.382018225747755458e-01,-1.708924525071867651e-01
3.383290793126050855e-01,-1.673767894066614248e-01
3.384537036294574253e-01,-1.639047404787441209e-01
3.385756955253323430e-01,-1.604763057234360468e-01
3.386950550002300608e-01,-1.570914851407362034e-01
3.388117820541504677e-01,-1.537502787306454233e-01
3.389258766870937856e-01,-1.504526864931628738e-01
3.390373388990596260e-01,-1.471987084282894154e-01
3.391461686900482109e-01,-1.439883445360242153e-01
3.392523660600595958e-01,-1.408215948163681619e-01
3.393559310090936698e-01,-1.376984592693202558e-01
3.394568635371504883e-01,-1.346189378948814686e-01
3.395551636442299959e-01,-1.315830306930509119e-01
3.396508313303321924e-01,-1.285907376638293909e-01
3.397438665954571890e-01,-1.256420588072162114e-01
3.398342694396048191e-01,-1.227369941232121092e-01
3.399220398627752493e-01,-1.198755436118166262e-01
3.400071778649684240e-01,-1.170577072730294432e-01
3.400896834461842877e-01,-1.142834851068512958e-01
3.401695566064229515e-01,-1.115528771132813929e-01
3.402467973456841377e-01,-1.088658832923205672e-01
3.403214056639682350e-01,-1.062225036439680553e-01
3.403933815612749658e-01,-1.036227381682245652e-01
3.404627250376043857e-01,-1.010665868650893195e-01
3.405294360929566611e-01,-9.855404973456322049e-02
3.405935147273315700e-01,-9.608512677664532431e-02
3.406549609407292234e-01,-9.365981799133647756e-02
3.407137747331496214e-01,-9.127812337863594472e-02
3.407699561045927639e-01,-8.894004293854441967e-02
3.408235050550585954e-01,-8.664557667106125016e-02
3.408744215845470604e-01,-8.439472457618704682e-02
3.409227056930584365e-01,-8.218748665392119901e-02
3.409683573805923351e-01,-8.002386290426433124e-02
3.410113766471490893e-01,-7.790385332721583289e-02
3.410517634927285324e-01,-7.582745792277630070e-02
3.410895179173308311e-01,-7.379467669094512405e-02
3.411246399209556524e-01,-7.180550963172287193e-02
3.411571295036032736e-01,-6.985995674510903086e-02
3.411869866652736949e-01,-6.795801803110415595e-02
3.412142114059667497e-01,-6.609969348970765046e-02
3.412388037256824935e-01,-6.428498312092008338e-02
3.412607636244210374e-01,-6.251388692474091346e-02
3.412800911021822148e-01,-6.078640490117066808e-02
3.412967861589662477e-01,-5.910253705020885456e-02
3.413108487947729697e-01,-5.746228337185593088e-02
3.413222790096023807e-01,-5.586564386611165417e-02
3.413310768034545362e-01,-5.431261853297584402e-02
3.413372421763293807e-01,-5.280320737244888901e-02
3.413407751282269698e-01,-5.133741038453041444e-02
3.413416756591473034e-01,-4.991522756922080195e-02
3.413399437690903260e-01,-4.853665892651964908e-02
3.413355794580560376e-01,-4.720170445642739993e-02
3.413285827260445493e-01,-4.591036415894354794e-02
3.413189535730557500e-01,-4.466263803406860661e-02
3.413066919990896397e-01,-4.345852608180213877e-02
3.412917980041463850e-01,-4.229802830214449139e-02
3.412742715882257083e-01,-4.118114469509537301e-02
3.412541127513278871e-01,-4.010787526065506120e-02
3.412313214934526995e-01,-3.907821999882325065e-02
3.412058978146002008e-01,-3.809217890960024666e-02
3.411778417147705023e-01,-3.714975199298579250e-02
3.411471531939634927e-01,-3.625093924898015185e-02
3.411138322521792277e-01,-3.539574067758300552e-02
3.410778788894177627e-01,-3.458415627879467269e-02
3.410392931056788757e-01,-3.381618605261488275e-02
3.409980749009627887e-01,-3.309182999904387856e-02
3.409542242752694463e-01,-3.241108811808143808e-02
3.409077412285987929e-01,-3.177396040972772090e-02
3.408586257609508285e-01,-3.118044687398261600e-02
3.408068778723256087e-01,-3.063054751084625521e-02
3.407524975627231889e-01,-3.012426232031849282e-02
3.406954848321434026e-01,-2.966159130239945374e-02
3.406358396805863609e-01,-2.924253445708899224e-02
3.405735621080520636e-01,-2.886709178438731649e-02
3.405086521145405110e-01,-2.853526328429419057e-02
3.404411097000516473e-01,-2.824704895680979488e-02
3.403709348645854726e-01,-2.800244880193407393e-02
3.402981276081420425e-01,-2.780146281966699995e-02
3.402226879307214125e-01,-2.764409101000858682e-02
3.401446158323234714e-01,-2.753033337295880678e-02
3.400639113129482194e-01,-2.746018990851774311e-02
3.399805743725956009e-01,-2.743366061668531253e-02
3.398946050112659489e-01,-2.745074549746155668e-02
3.398060032289588750e-01,-2.751144455084646168e-02
3.397147690256745456e-01,-2.761575777684004140e-02
3.396209024014129052e-01,-2.776368517544226810e-02
3.395244033561740649e-01,-2.795522674665318341e-02
3.394252718899578580e-01,-2.819038249047275957e-02
3.393235080027644512e-01,-2.846915240690101045e-02
3.392191116945937335e-01,-2.879153649593792219e-02
3.391120829654457047e-01,-2.915753475758346702e-02
3.390024218153204205e-01,-2.956714719183774209e-02
3.388901282442179363e-01,-3.002037379870059475e-02
3.387752022521380302e-01,-3.051721457817221927e-02
3.386576438390809796e-01,-3.105766953025239363e-02
3.385374530050466180e-01,-3.164173865494133986e-02
3.384146297500350009e-01,-3.226942195223884979e-02
3.382891740740460174e-01,-3.294071942214513160e-02
3.381610859770798339e-01,-3.365563106465997711e-02
3.380303654591363949e-01,-3.441415687978360838e-02
3.378970125202155894e-01,-3.521629686751576171e-02
3.377610271603175840e-01,-3.606205102785671468e-02
3.376224093794422121e-01,-3.695141936080621747e-02
3.374811591775896957e-01,-3.788440186636449214e-02
3.373372765547598684e-01,-3.886099854453131663e-02
3.371907615109527301e-01,-3.988120939530680198e-02
3.370416140461683363e-01,-4.094503441869107307e-02
3.368898341604066315e-01,-4.205247361468389400e-02
3.367354218536676713e-01,-4.320352698328550067e-02
3.365783771259514001e-01,-4.439819452449564330e-02
3.364186999772578734e-01,-4.563647623831462719e-02
3.362563904075872023e-01,-4.691837212474204988e-02
3.360914484169391647e-01,-4.824388218377835547e-02
3.359238740053138161e-01,-4.961300641542315537e-02
3.357536671727111566e-01,-5.102574481967682429e-02
3.355808279191312971e-01,-5.248209739653886263e-02
3.354053562445741266e-01,-5.398206414600983938e-02
3.352272521490397006e-01,-5.552564506808928269e-02
3.350465156325279081e-01,-5.711284016277759501e-02
3.348631466950389157e-01,-5.874364943007436002e-02
3.346771453365726123e-01,-6.041807286998002180e-02
3.344885115571291645e-01,-6.213611048249409463e-02
3.342972453567083502e-01,-6.389776226761707811e-02
3.341033467353102804e-01,-6.570302822534850040e-02
3.339068156929348996e-01,-6.755190835568883334e-02
3.337076522295822079e-01,-6.944440265863752182e-02
3.335058563452523162e-01,-7.138051113419519034e-02
3.333014280399451135e-01,-7.336023378236124215e-02
3.330943673136605998e-01,-7.538357060313627400e-02
3.328846741663989417e-01,-7.745052159651963364e-02
3.326723485981598616e-01,-7.956108676251197331e-02
3.324573906089435815e-01,-8.171526610111268241e-02
3.322398001987499905e-01,-8.391305961232237154e-02
3.320195773675791440e-01,-8.615446729614037458e-02
3.317967221154310420e-01,-8.843948915256738541e-02
3.315712344423056290e-01,-9.076812518160271015e-02
3.313431143482029606e-01,-9.314037538324675125e-02
3.311123618331230367e-01,-9.555623975749977239e-02
3.308789768970658018e-01,-9.801571830436106580e-02
3.306429595400312560e-01,-1.005188110238314364e-01
3.304043097620195102e-01,-1.030655179159101348e-01
3.301630275630303979e-01,-1.056558389805977993e-01
3.299191129430640856e-01,-1.082897742178937917e-01
3.296725659021204624e-01,-1.109673236277988334e-01
3.294233864401995837e-01,-1.136884872103121197e-01
3.291715745573013940e-01,-1.164532649654344970e-01
3.289171302534260599e-01,-1.192616568931651466e-01
3.286600535285733038e-01,-1.221136629935048179e-01
3.284003443827433477e-01,-1.250092832664527753e-01
3.281380028159360807e-01,-1.279485177120098238e-01
3.278730288281515581e-01,-1.309313663301751307e-01
3.276054224193896691e-01,-1.339578291209495009e-01
3.273351835896506357e-01,-1.370279060843321295e-01
3.270623123389342357e-01,-1.401415972203238214e-01
3.267868086672406358e-01,-1.432989025289237439e-01
3.265086725745696139e-01,-1.464998220101327853e-01
3.262279040609215031e-01,-1.497443556639500573e-01
3.259445031262959702e-01,-1.530325034903765036e-01
3.256584697706932929e-01,-1.563642654894110695e-01
3.253698039941131936e-01,-1.597396416610547265e-01
3.250785057965559499e-01,-1.631586320053066697e-01
3.247845751780213952e-01,-1.666212365221677316e-01
3.244880121385095295e-01,-1.701274552116369687e-01
3.241888166780204084e-01,-1.736772880737153801e-01
3.238869887965540317e-01,-1.772707351084019389e-01
3.235825284941103996e-01,-1.809077963156971447e-01
3.232754357706894011e-01,-1.845884716956015248e-01
3.229657106262911470e-01,-1.883127612481140800e-01
3.226533530609156375e-01,-1.920806649732358373e-01
3.223383630745629280e-01,-1.958921828709656865e-01
3.220207406672327966e-01,-1.997473149413047655e-01
3.217004858389255206e-01,-2.036460611842519919e-01
3.213775985896409337e-01,-2.075884215998084203e-01
3.210520789193790359e-01,-2.115743961879729129e-01
3.207239268281398825e-01,-2.156039849487467186e-01
3.203931423159234182e-01,-2.196771878821285329e-01
3.200597253827296984e-01,-2.237940049881195770e-01
3.197236760285586676e-01,-2.279544362667187407e-01
3.193849942534103814e-01,-2.321584817179271898e-01
3.190436800572849507e-01,-2.364061413417437030e-01
3.186997334401821536e-01,-2.406974151381695015e-01
3.183531544021019899e-01,-2.450323031072032254e-01
3.180039429430446818e-01,-2.494108052488463734e-01
3.176517426001501110e-01,-2.538323866758219194e-01
3.172487073279152137e-01,-2.582252524164647123e-01
3.167611986719677808e-01,-2.625389265776634784e-01
3.161892166323075903e-01,-2.667734091594193835e-01
3.155327612089349198e-01,-2.709287001617310953e-01
3.147918324018495473e-01,-2.750047995845999460e-01
3.139664302110515837e-01,-2.790017074280248255e-01
3.130565546365409735e-01,-2.829194236920067329e-01
3.120622056783178278e-01,-2.867579483765446136e-01
3.109833833363820355e-01,-2.905172814816395777e-01
3.098200876107337076e-01,-2.941974230072905705e-01
3.085723185013725667e-01,-2.977983729534984803e-01
3.072400760082990012e-01,-3.013201313202624743e-01
3.058233601315128447e-01,-3.047626981075829411e-01
3.043221708710139306e-01,-3.081260733154606024e-01
3.027365082268025365e-01,-3.114102569438941259e-01
3.010663721988783292e-01,-3.146152489928847329e-01
2.993117627872417530e-01,-3.177410494624313131e-01
2.974726799918923081e-01,-3.207876583525349212e-01
2.955491238128304943e-01,-3.237550756631946136e-01
2.935410942500558673e-01,-3.266433013944112784e-01
2.914485913035688713e-01,-3.294523355461839720e-01
2.892716149733688957e-01,-3.321821781185136380e-01
2.870101652594566621e-01,-3.348328291113994437e-01
2.846642421618314489e-01,-3.374042885248421109e-01
2.822338456804940332e-01,-3.398965563588409178e-01
2.797189758154436379e-01,-3.423096326133967526e-01
2.771196325666809845e-01,-3.446435172885086162e-01
2.744358159342052961e-01,-3.468982103841773412e-01
2.716675259180174606e-01,-3.490737119004023725e-01
2.688147625181165901e-01,-3.511700218371841542e-01
2.658775257345035725e-01,-3.531871401945221867e-01
2.628558155671773533e-01,-3.551250669724169695e-01
2.597496320161389871e-01,-3.569838021708679476e-01
2.565589750813876968e-01,-3.587633457898758982e-01
2.532838447629241485e-01,-3.604636978294399885e-01
2.499242410607475651e-01,-3.620848582895608847e-01
2.464801639748588069e-01,-3.636268271702380317e-01
2.429516135052569581e-01,-3.650896044714719846e-01
2.393385896519429901e-01,-3.664731901932621327e-01
2.356410924149159869e-01,-3.677775843356092533e-01
2.318591217941767535e-01,-3.690027868985123471e-01
2.279926777897249845e-01,-3.701487978819721913e-01
2.240417604015600417e-01,-3.712156172859886749e-01
2.200063696296830629e-01,-3.722032451105615758e-01
2.158865054740928546e-01,-3.731116813556911160e-01
2.116821679347906660e-01,-3.739409260213770181e-01
2.073933570117752756e-01,-3.746909791076196150e-01
2.030200727050478215e-01,-3.753618406144185737e-01
1.985623150146071936e-01,-3.759535105417741718e-01
1.940200839404545019e-01,-3.764659888896861317e-01
1.893933794825886086e-01,-3.768992756581547865e-01
1.846822016410107348e-01,-3.772533708471798031e-01
1.798865504157196038e-01,-3.775282744567615145e-01
1.750064258067165479e-01,-3.777239864868995878e-01
1.700418278140001238e-01,-3.778405069375943004e-01
1.649927564375718858e-01,-3.778778358088455414e-01
1.598592116774302518e-01,-3.778359731006531996e-01
1.546411935335767485e-01,-3.777149188130174418e-01
1.493387020060098491e-01,-3.775146729459382122e-01
1.439517370947311914e-01,-3.772352354994155110e-01
1.384802987997391099e-01,-3.768766064734493382e-01
1.329243871210351591e-01,-3.764387858680396381e-01
1.272840020586177845e-01,-3.759217736831864110e-01
1.215591436124886793e-01,-3.753255699188898786e-01
1.157498117826460532e-01,-3.746501745751496526e-01
1.098560065690917242e-01,-3.738955876519661770e-01
1.038777279718238467e-01,-3.730618091493390076e-01
9.781497599084434946e-02,-3.721488390672685886e-01
9.166775062615123426e-02,-3.711566774057544205e-01
8.543605187774644394e-02,-3.700853241647970582e-01
7.911987974562814663e-02,-3.689347793443959467e-01
7.271923422979817420e-02,-3.677050429445515300e-01
6.623411533025555520e-02,-3.663961149652636973e-01
5.966452304699940146e-02,-3.650079954065322263e-01
5.301045738003151708e-02,-3.635406842683573947e-01
4.627191832935015348e-02,-3.619941815507389249e-01
3.944890589495708699e-02,-3.603684872536772055e-01
3.254142007685045801e-02,-3.586636013771717368e-01
2.554946087503223717e-02,-3.568795239212230186e-01
1.847302828950031506e-02,-3.550162548858306066e-01
1.131212232025685660e-02,-3.530737942709948896e-01
4.066742967299696865e-03,-3.510521420767155898e-01
-3.263109769368943702e-03,-3.489512983029930404e-01
-1.067743588975131330e-02,-3.467712629498266308e-01
-1.817623539384519149e-02,-3.445120360172170826e-01
-2.575950828165279871e-02,-3.421736175051638407e-01
-3.342725455317188676e-02,-3.397560074136673491e-01
-4.117947420840484263e-02,-3.372592057427269974e-01
-4.901616724734914055e-02,-3.346832124923435625e-01
-5.693733367000725076e-02,-3.320280276625162674e-01
-6.494297347637678630e-02,-3.292936512532459448e-01
-7.303308666646010638e-02,-3.264800832645317064e-01
-8.120767324025487954e-02,-3.235873236963744404e-01
-8.946673319776343725e-02,-3.206153725487732031e-01
-9.781026653898336476e-02,-3.175642298217289938e-01
-1.062382732639172156e-01,-3.144338955152408133e-01
-1.147507533725623807e-01,-3.112243696293096051e-01
-1.233477068649214414e-01,-3.079356521639344813e-01
-1.320291337409918164e-01,-3.045677431191162743e-01
-1.407950340007761703e-01,-3.011206424948542071e-01
-1.496454076442718106e-01,-2.975943502911491123e-01
-1.585011418160128804e-01,-2.940025814039112229e-01
-1.672132927763960719e-01,-2.903711565151680940e-01
-1.757783823587800998e-01,-2.867006785951087267e-01
-1.841964105631662962e-01,-2.829911476437327877e-01
-1.924673773895521356e-01,-2.792425636610410544e-01
-2.005912828379399215e-01,-2.754549266470327495e-01
-2.085681269083273504e-01,-2.716282366017086503e-01
-2.163979096007168645e-01,-2.677624935250679794e-01
-2.240806309151060216e-01,-2.638576974171115697e-01
-2.316162908514971808e-01,-2.599138482778384773e-01
-2.390048894098880383e-01,-2.559309461072498126e-01
-2.462464265902808147e-01,-2.519089909053444098e-01
-2.533409023926734283e-01,-2.478479826721232959e-01
-2.602883168170678219e-01,-2.437479214075854994e-01
-2.670886698634621359e-01,-2.396088071117321305e-01
-2.737419615318582022e-01,-2.354306397845619403e-01
-2.802481918222541335e-01,-2.312134194260762332e-01
-2.866073607346519281e-01,-2.269571460362737325e-01
-2.928194682690495321e-01,-2.226618196151556317e-01
-2.988845144254489994e-01,-2.183274401627207650e-01
-3.048024992038483871e-01,-2.139540076789703538e-01
-3.105734226042494162e-01,-2.095415221639031211e-01
-3.161972846266505877e-01,-2.050899836175203717e-01
-3.216740852710532894e-01,-2.005993920398207730e-01
-3.270038245374559671e-01,-1.960697474308056854e-01
-3.321865024258603416e-01,-1.915010497904737208e-01
-3.372221189362648586e-01,-1.868932991188262394e-01
-3.421106740686708503e-01,-1.822464954158619643e-01
-3.468521678230770955e-01,-1.775606386815821724e-01
-3.514466001994847599e-01,-1.728357289159855315e-01
-3.558939711978925668e-01,-1.680717661190733736e-01
-3.601942808183012379e-01,-1.632687502908450328e-01
-3.643475290607114947e-01,-1.584266814312998706e-01
-3.683537159251218940e-01,-1.535455595404391915e-01
-3.722128414115337680e-01,-1.486253846182616911e-01
-3.759249055199458955e-01,-1.436661566647686739e-01
-3.794899082503593868e-01,-1.386678756799587797e-01
-3.829078496027732426e-01,-1.336305416638334242e-01
-3.861787295771882955e-01,-1.285541546163911641e-01
-3.893025481736038240e-01,-1.234387145376334843e-01
-3.922793053920206607e-01,-1.182842214275588444e-01
-3.951090012324379175e-01,-1.130906752861688402e-01
-3.977916356948563159e-01,-1.078580761134618621e-01
-4.003272087792753009e-01,-1.025864239094394781e-01
-4.027157204856953721e-01,-9.727571867410013395e-02
-4.049571708141159743e-01,-9.192596040744543950e-02
-4.070515597645377182e-01,-8.653714910947372940e-02
-4.089988873369601041e-01,-8.110928478018668286e-02
-4.107991535313835207e-01,-7.564236741958264842e-02
-4.124523583478074684e-01,-7.013639702766323591e-02
-4.139585017862326133e-01,-6.459137360442686326e-02
-4.153175838466582892e-01,-5.900729714987508479e-02
-4.165296045290850513e-01,-5.338416766400633229e-02
-4.175945638335124555e-01,-4.772198514682222947e-02
-4.185124617599408348e-01,-4.202074959832112488e-02
-4.192832983083700227e-01,-3.628046101850466998e-02
-4.199070734788000192e-01,-3.050111940737124105e-02
-4.203837872712308243e-01,-2.468272476492244794e-02
-4.207134396856624381e-01,-1.882527709115662529e-02
-4.208960307220950270e-01,-1.292877638607546620e-02
-4.209315603805283690e-01,-6.993222649677305336e-03
-4.208200286609626306e-01,-1.018615881963794156e-03
-4.205614355633977008e-01,4.995043917065816741e-03
-4.201557810878335242e-01,1.104775674741255431e-02
-4.196030652342702671e-01,1.713952260907453118e-02
-4.189032880027078187e-01,2.327034150205360696e-02
-4.180564493931462344e-01,2.944021342634793592e-02
-4.170625494055854032e-01,3.564913838195933604e-02
-4.159215880400256582e-01,4.189711636888604485e-02
-4.146335652964664442e-01,4.818414738712981094e-02
-4.131984811749083164e-01,5.451023143668884408e-02
-4.116163356753508307e-01,6.087536851756496226e-02
-4.098871287977944311e-01,6.727955862975634749e-02
-4.080108605422384516e-01,7.372280177326484552e-02
-4.059875309086837247e-01,8.020509794808855508e-02
-4.038171398971295289e-01,8.672644715422939132e-02
-4.014996875075765304e-01,9.328684939168548074e-02
-3.990351737400239518e-01,9.988630466045864131e-02
-3.964235985944725704e-01,1.065248129605470828e-01
-3.936649620709216091e-01,1.132023742919526232e-01
-3.907592641693720115e-01,1.199189886546733891e-01
-3.877697033722539155e-01,1.266103888061438365e-01
-3.848208253585971295e-01,1.331499228544655300e-01
-3.819159590460456943e-01,1.395342055861108765e-01
-3.790551044346006648e-01,1.457632370010780443e-01
-3.762382615242608752e-01,1.518370170993687540e-01
-3.734654303150273247e-01,1.577555458809812849e-01
-3.707366108068992361e-01,1.635188233459174689e-01
-3.680518029998773311e-01,1.691268494941754463e-01
-3.654110068939608880e-01,1.745796243257570213e-01
-3.628142224891505729e-01,1.798771478406604452e-01
-3.602614497854460529e-01,1.850194200388866339e-01
-3.577526887828470503e-01,1.900064409204362537e-01
-3.552879394813541758e-01,1.948382104853078889e-01
-3.528672018809668187e-01,1.995147287335029829e-01
-3.504904759816855342e-01,2.040359956650200368e-01
-3.481577617835097671e-01,2.084020112798604663e-01
-3.458690592864401836e-01,2.126127755780229667e-01
-3.436243684904760065e-01,2.166682885595087871e-01
-3.414236893956180130e-01,2.205685502243167340e-01
-3.392670220018654814e-01,2.243135605724479453e-01
-3.371543663092190779e-01,2.279033196039013387e-01
-3.350857223176782473e-01,2.313378273186779133e-01
-3.330610900272434893e-01,2.346170837167768641e-01
-3.310804694379141933e-01,2.377410887981988297e-01
-3.291438605496910252e-01,2.407098425629430327e-01
-3.272512633625734302e-01,2.435233450110105002e-01
-3.254026778765619077e-01,2.461815961424001775e-01
-3.235981040916559026e-01,2.486845959571130082e-01
-3.218375420078560811e-01,2.510323444551482153e-01
-3.201209916251616105e-01,2.532248416365063259e-01
-3.184484529435733235e-01,2.552620875011869517e-01
-3.168199259630906095e-01,2.571440820491905366e-01
-3.152354106837140235e-01,2.588708252805166365e-01
-3.136949071054428995e-01,2.604423171951655847e-01
-3.121984152282777369e-01,2.618585577931370478e-01
-3.107459350522183139e-01,2.631195470744315257e-01
-3.093374665772649079e-01,2.642252850390484631e-01
-3.079730098034170749e-01,2.651757716869881931e-01
-3.066525647306752589e-01,2.659710070182506048e-01
-3.053761313590390714e-01,2.666109910328357535e-01
-3.041437096885087898e-01,2.670957237307435284e-01
-3.029552997190844699e-01,2.674252051119740958e-01
-3.018109014507656673e-01,2.675994351765273449e-01
-3.007105148835529373e-01,2.676184139244033311e-01
-2.996541400174457248e-01,2.674821413556019989e-01
-2.986417768524445848e-01,2.671906174701234593e-01
-2.976734253885491288e-01,2.667438422679675458e-01
-2.967490856257595233e-01,2.661418157491343695e-01
-2.958687575640756573e-01,2.653845379136238747e-01
-2.950324412034977528e-01,2.644720087614361725e-01
-2.942401365440255323e-01,2.634042282925709855e-01
-2.934918435856591623e-01,2.621811965070287576e-01
-2.927875623283986428e-01,2.608029134048090447e-01
-2.921272927722439738e-01,2.592693789859122910e-01
-2.915110349171949888e-01,2.575805932503378859e-01
-2.909387887632518543e-01,2.557365561980865509e-01
-2.904105543104145704e-01,2.537372678291576200e-01
-2.899263315586831369e-01,2.515827281435516483e-01
-2.894861205080573874e-01,2.492729371412681361e-01
-2.890899211585375994e-01,2.468078948223076940e-01
-2.887377335101234954e-01,2.441876011866695173e-01
-2.884295575628152974e-01,2.414120562343544107e-01
-2.881653933166128390e-01,2.384812599653617082e-01
-2.879452407715162865e-01,2.353952123796920759e-01
-2.877690999275254735e-01,2.321539134773447643e-01
-2.876369707846404555e-01,2.287573632583204675e-01
-2.875488533428612881e-01,2.252055617226186301e-01
-2.875047476021879156e-01,2.214985088702398075e-01
-2.875046535626203936e-01,2.176362047011833611e-01
-2.875485712241586111e-01,2.136186492154499850e-01
-2.876365005868027347e-01,2.094458424130395402e-01
-2.877684416505525977e-01,2.051177842939510276e-01
-2.879443944154082557e-01,2.006344748581859183e-01
-2.881643588813697088e-01,1.959959141057428245e-01
-2.884283350484370123e-01,1.912021020366231894e-01
-2.887363229166102219e-01,1.862530386508254865e-01
-2.890883224858891154e-01,1.811487239483512979e-01
-2.894843337562739150e-01,1.758891579291990137e-01
-2.899243567277644540e-01,1.704743405933701883e-01
-2.904083914003608990e-01,1.649042719408633784e-01
-2.909364377740630836e-01,1.591789519716800272e-01
-2.915084958488711186e-01,1.532983806858186082e-01
-2.921245656247848377e-01,1.472625580832806480e-01
-2.927846471018045738e-01,1.410714841640645922e-01
-2.934887402799299938e-01,1.347251589281721063e-01
-2.942368451591612644e-01,1.282235823756014970e-01
-2.950289617394982189e-01,1.215667545063543742e-01
-2.958650900209411905e-01,1.147546753204291559e-01
-2.967452300034897905e-01,1.077873448178275073e-01
-2.976693816871444076e-01,1.006647629985476800e-01
-2.986375450719046531e-01,9.338692986259150564e-02
-2.996497201577708602e-01,8.595384540995704148e-02
-3.007059069447427513e-01,7.836550964064625813e-02
-3.018061054328206039e-01,7.062192255465721269e-02
-3.029503156220040294e-01,6.272308415199190357e-02
-3.041385375122935275e-01,5.466899443264822134e-02
-3.053707711036885986e-01,4.645965339662841420e-02
-3.066470163961896866e-01,3.809506104393012293e-02
-3.079672733897964587e-01,2.957521737455573452e-02
-3.093315420845091368e-01,2.090012238850286197e-02
-3.107398224803274989e-01,1.206977608577389227e-02
-3.121698748915422983e-01,3.124360637676501951e-03
-3.135103950493417502e-01,-5.735021869400736168e-03
-3.147460890354150109e-01,-1.448073872276477679e-02
-3.158769568497624691e-01,-2.311278992241799085e-02
-3.169029984923836807e-01,-3.163117546835800264e-02
-3.178242139632790897e-01,-4.003589536058724946e-02
-3.186406032624481965e-01,-4.832694959910314308e-02
-3.193521663898915008e-01,-5.650433818390831336e-02
-3.199589033456086695e-01,-6.456806111500028311e-02
-3.204608141295998136e-01,-7.251811839238128665e-02
-3.208578987418649331e-01,-8.035451001604926313e-02
-3.211501571824040280e-01,-8.807723598600630810e-02
-3.213375894512170983e-01,-9.568629630225021498e-02
-3.214201955483041440e-01,-1.031816909647831765e-01
-3.213979754736650540e-01,-1.105634199736029860e-01
-3.212709292273001060e-01,-1.178314833287119889e-01
-3.210390568092090224e-01,-1.249858810301078260e-01
-3.207023582193918587e-01,-1.320266130777926761e-01
-3.202608334578488369e-01,-1.389536794717645130e-01
-3.197144825245796240e-01,-1.457670802120253628e-01
-3.190633054195844420e-01,-1.524668152985731162e-01
-3.183073021428632354e-01,-1.590528847314098826e-01
-3.174464726944160042e-01,-1.655252885105336358e-01
-3.164808170742426929e-01,-1.718840266359463742e-01
-3.154103352823434681e-01,-1.781290991076461272e-01
-3.142350273187180520e-01,-1.842605059256347821e-01
-3.129548931833667225e-01,-1.902782470899104794e-01
-3.115699328762891462e-01,-1.961823226004751064e-01
-3.100801463974858785e-01,-2.019727324573268035e-01
-3.084855337469565306e-01,-2.076494766604665698e-01
-3.067860949247009361e-01,-2.132125552098950716e-01
-3.049818299307195946e-01,-2.186619681056107267e-01
-3.030727387650118398e-01,-2.239977153476152005e-01
-3.010588214275784491e-01,-2.292197969359068555e-01
-2.989400779184187007e-01,-2.343282128704873291e-01
-2.967165082375331497e-01,-2.393229631513548727e-01
-2.943881123849213521e-01,-2.442040477785112351e-01
-2.919548903605838630e-01,-2.489714667519548896e-01
-2.894168421645199052e-01,-2.536252200716871408e-01
-2.867739677967303114e-01,-2.581653077377067396e-01
-2.840262672572143043e-01,-2.625917297500149905e-01
-2.811737405459726058e-01,-2.669044861086105613e-01
-2.782163876630046051e-01,-2.711035768134947843e-01
-2.751542086083109684e-01,-2.751890018646663272e-01
-2.719872033818908075e-01,-2.791607612621264112e-01
-2.687153719837451216e-01,-2.830188550058739261e-01
-2.653387144138728004e-01,-2.867632830959100376e-01
-2.618572306722750098e-01,-2.903940455322335246e-01
-2.582709207589508060e-01,-2.939111423148454971e-01
-2.545797846739009662e-01,-2.973145734437450116e-01
-2.507838224171246022e-01,-3.006043389189330117e-01
-2.468830339886227132e-01,-3.037804387404084983e-01
-2.428774193883942445e-01,-3.068428729081724149e-01
-2.387669786164403340e-01,-3.097916414222238179e-01
-2.345517116727598439e-01,-3.126267442825636511e-01
-2.302316185573538565e-01,-3.153481814891910817e-01
-2.258066992702211784e-01,-3.179559530421068314e-01
-2.212769538113631973e-01,-3.204500589413102341e-01
-2.166423821807785532e-01,-3.228304991868019558e-01
-2.119029843784685507e-01,-3.250972737785813860e-01
-2.070587604044324959e-01,-3.272503827166488022e-01
-2.021097102586703609e-01,-3.292898260010040934e-01
-1.970558339411807580e-01,-3.312156036316479812e-01
-1.918971314519666571e-01,-3.330277156085793555e-01
-1.866336027910264761e-01,-3.347261619317987158e-01
-1.812652479583602982e-01,-3.363109426013060621e-01
-1.757920669539664860e-01,-3.377820576171016720e-01
-1.702140597778483699e-01,-3.391395069791850458e-01
-1.645312264300040628e-01,-3.403832906875564057e-01
-1.587435669104337865e-01,-3.415134087422156406e-01
-1.528510812191358204e-01,-3.425298611431631390e-01
-1.468537693561135227e-01,-3.434326478903984015e-01
-1.407516313213650894e-01,-3.442217689839215944e-01
-1.345446671148907425e-01,-3.448972244237328288e-01
-1.282328767366885669e-01,-3.454590142098322159e-01
-1.218162601867621153e-01,-3.459071383422194224e-01
-1.152948174651097224e-01,-3.462415968208946704e-01
-1.086685485717313049e-01,-3.464623896458578489e-01
-1.019374535066247811e-01,-3.465695168171090135e-01
-9.510153226979434216e-02,-3.465629783346481640e-01
-8.816078486123782310e-02,-3.464427741984753006e-01
-8.111521128095522393e-02,-3.462089044085904233e-01
-7.396481152894460176e-02,-3.458613689649934764e-01
-6.670958560520998115e-02,-3.454001678676845710e-01
-5.934953350974936370e-02,-3.448253011166636517e-01
-5.188465524256274941e-02,-3.441367687119307739e-01
-4.431495080364783457e-02,-3.433345706534856601e-01
-3.664042019300911557e-02,-3.424187069413286988e-01
-2.886106341064442748e-02,-3.413891775754597235e-01
-2.097688045655368705e-02,-3.402459825558787898e-01
-1.298787133073697753e-02,-3.389891218825858976e-01
-4.894036033191856427e-03,-3.376185955555805474e-01
3.304625436076985556e-03,-3.361344035748634607e-01
1.160811307707176887e-02,-3.345365459404345265e-01
2.001642688979263229e-02,-3.328250226522935229e-01
2.852956687424193505e-02,-3.309998337104400057e-01
3.714753303041490318e-02,-3.290609791148749186e-01
4.587032535831378488e-02,-3.270084588655979285e-01
5.469794385793869118e-02,-3.248422729626089245e-01
6.363038852929223110e-02,-3.225624214059071848e-01
7.266765937236924211e-02,-3.201689041954940973e-01
8.180078560100424723e-02,-3.176658339017117694e-01
9.086920845051725537e-02,-3.151268171406948482e-01
9.981361088584070340e-02,-3.125790472347089732e-01
1.086339929069695398e-01,-3.100225241837556989e-01
1.173303545139063875e-01,-3.074572479878342479e-01
1.259026957066511354e-01,-3.048832186469445094e-01
1.343510164852062816e-01,-3.023004361610858171e-01
1.426753168495668578e-01,-2.997089005302597808e-01
1.508755967997355285e-01,-2.971086117544654570e-01
1.589518563357120995e-01,-2.944995698337030121e-01
1.669040954574989299e-01,-2.918817747679715024e-01
1.747323141650914680e-01,-2.892552265572727044e-01
1.824365124584918785e-01,-2.866199252016056187e-01
1.900166903377002725e-01,-2.839758707009702454e-01
1.974728478027187872e-01,-2.813230630553660849e-01
2.048049848535430650e-01,-2.786615022647944140e-01
2.120131014901753541e-01,-2.759911883292545109e-01
2.190971977126155990e-01,-2.733121212487464868e-01
2.260572735208656869e-01,-2.706243010232694535e-01
2.328933289149218988e-01,-2.679277276528250207e-01
2.396053638947859277e-01,-2.652224011374124113e-01
2.461933784604580233e-01,-2.625083214770315143e-01
2.526573726119379359e-01,-2.597854886716824407e-01
2.589973463492277195e-01,-2.570539027213644134e-01
2.652132996723235991e-01,-2.543135636260789867e-01
2.713052325812274623e-01,-2.515644713858253834e-01
2.772731450759393090e-01,-2.488066260006035202e-01
2.831170371564608046e-01,-2.460400274704127033e-01
2.888369088227885073e-01,-2.432646757952545424e-01
2.944327600749242491e-01,-2.404805709751281217e-01
2.999045909128678633e-01,-2.376877130100334967e-01
3.052524013366210154e-01,-2.348861018999698902e-01
3.104761913461804301e-01,-2.320757376449388287e-01
3.155759609415479949e-01,-2.292566202449396462e-01
3.205517101227234877e-01,-2.264287496999722593e-01
3.254034388897082963e-01,-2.235921260100358354e-01
3.301311472424996452e-01,-2.207467491751320954e-01
3.347348351810990330e-01,-2.178926191952600677e-01
3.392145027055062378e-01,-2.150297360704198912e-01
3.435701498157227585e-01,-2.121580998006106777e-01
3.478017765117458748e-01,-2.092777103858340926e-01
3.519093827935769747e-01,-2.063885678260893031e-01
3.558929686612161691e-01,-2.034906721213763370e-01
3.597525341146642908e-01,-2.005840232716943061e-01
3.634880791539193412e-01,-1.976686212770449591e-01
3.670996037789822086e-01,-1.947444661374274077e-01
3.705871079898531706e-01,-1.918115578528416520e-01
3.739505917865330042e-01,-1.888698964232868593e-01
3.771900551690198777e-01,-1.859194818487646950e-01
3.803054981373145682e-01,-1.829603141292743262e-01
3.832969206914172422e-01,-1.799923932648157532e-01
3.861643228313280107e-01,-1.770157192553890591e-01
3.889077045570474844e-01,-1.740302921009932446e-01
3.915270658685741090e-01,-1.710361118016301418e-01
3.940224067659087170e-01,-1.680331783572988347e-01
3.963937272490511976e-01,-1.650214917679992954e-01
3.986410273180022723e-01,-1.620010520337306914e-01
4.007643069727607199e-01,-1.589718591544947712e-01
4.027635662133270400e-01,-1.559339131302906467e-01
4.046388050397014546e-01,-1.528872139611183456e-01
4.063900234518842414e-01,-1.498317616469769797e-01
4.080172214498744010e-01,-1.467675561878682422e-01
4.095203990336727107e-01,-1.436945975837913836e-01
4.108995562032787818e-01,-1.406128858347462096e-01
4.121546929586933361e-01,-1.375224209407320819e-01
4.132858092999153743e-01,-1.344232029017506103e-01
4.142929052269453405e-01,-1.313152317178008788e-01
4.151759807397833457e-01,-1.281985073888829985e-01
4.159350358384295010e-01,-1.250730299149959979e-01
4.165700705228833622e-01,-1.219387992961417644e-01
4.170810847931451515e-01,-1.187958155323192710e-01
4.174680786492149798e-01,-1.156440786235285734e-01
4.177310520910927916e-01,-1.124835885697688109e-01
4.178700051187785314e-01,-1.093143453710417601e-01
4.178849377322721992e-01,-1.061363490273465049e-01
4.177758499315737950e-01,-1.029495995386830454e-01
4.175427417166833188e-01,-9.975409690505046556e-02
4.171856130876008262e-01,-9.654984112645059735e-02
4.167044640443262615e-01,-9.333683220288255256e-02
4.160992945868597359e-01,-9.011507013434633118e-02
4.153701047152011383e-01,-8.688455492084189158e-02
4.145168944293501911e-01,-8.364528656236830395e-02
4.135396637293075606e-01,-8.039726505892749731e-02
4.124384126150727470e-01,-7.714049041051844469e-02
4.112131410866459724e-01,-7.387496261714121548e-02
4.098638491440267928e-01,-7.060068167879486600e-02
4.083905367872159298e-01,-6.731764759548125587e-02
4.067932040162129947e-01,-6.402586036719942753e-02
4.050718508310180432e-01,-6.072531999394942953e-02
4.032264772316305201e-01,-5.741602647573026269e-02
4.012570832180514246e-01,-5.409797981254385602e-02
3.991636687902803682e-01,-5.077118000438927276e-02
3.969462339483171842e-01,-4.743562705126645740e-02
3.946047786921613731e-01,-4.409132095317452871e-02
3.921393030218141007e-01,-4.073826171011530467e-02
3.895498069372747563e-01,-3.737644932208792486e-02
3.868362904385435064e-01,-3.400588378909236154e-02
3.839987535256192408e-01,-3.062656511112757385e-02
3.810371961985038469e-01,-2.723849328819560878e-02
3.779516184571963811e-01,-2.384166832029545324e-02
3.747420203016968987e-01,-2.043609020742707949e-02
3.714084190569387212e-01,-1.702176646031609147e-02
3.680508315690323440e-01,-1.364205650340708127e-02
3.647641291785779227e-01,-1.033808907535271188e-02
3.615483118855754019e-01,-7.109864176152981552e-03
3.584033796900237268e-01,-3.957381805807022937e-03
3.553293325919250623e-01,-8.806419643166050158e-04
3.523261705912782982e-01,2.120355348319117456e-03
3.493938936880834345e-01,5.045610132100213432e-03
3.465325018823403602e-01,7.895122387026670338e-03
3.437419951740484647e-01,1.066889211309926012e-02
3.410223735632091913e-01,1.336691931031636256e-02
3.383736370498219848e-01,1.598920397867883980e-02
3.357957856338866232e-01,1.853574611818664675e-02
3.332888193154023848e-01,2.100654572884052065e-02
3.308527380943708796e-01,2.340160281063901129e-02
3.284875419707911637e-01,2.572091736358286806e-02
3.261932309446635148e-01,2.796448938767204934e-02
3.239698050159870446e-01,3.013231888290721430e-02
3.218172641847630855e-01,3.222440584928708968e-02
3.197356084509910823e-01,3.424075028681228955e-02
3.177248378146709795e-01,3.618135219548285902e-02
3.157849522758022220e-01,3.804621157529930464e-02
3.139159518343859756e-01,3.983532842626055087e-02
3.121178364904215741e-01,4.154870274836713895e-02
3.103906062439091285e-01,4.318633454161908275e-02
3.087342610948480837e-01,4.474822380601681943e-02
3.071488010432393834e-01,4.623437054155943304e-02
3.056342260890826945e-01,4.764477474824740932e-02
3.041905362323778506e-01,4.897943642608071357e-02
3.028177314731245184e-01,5.023835557505974825e-02
3.015158118113234753e-01,5.142153219518372231e-02
3.002847772469743881e-01,5.252896628645308680e-02
2.991246277800771458e-01,5.356065784886776537e-02
2.980353634106315264e-01,5.451660688242807029e-02
2.970169841386381959e-01,5.539681338713345338e-02
2.960694899640967104e-01,5.620127736298415055e-02
2.951928808870071252e-01,5.692999880998021733e-02
2.943871569073692740e-01,5.758297772812182719e-02
2.936523180251834897e-01,5.816021411740855684e-02
2.929883642404496058e-01,5.866170797784066998e-02
2.923952955531677333e-01,5.908745930941811109e-02
2.918731119633376503e-01,5.943746811214088710e-02
2.914218134709594121e-01,5.971173438600910210e-02
2.910414000760331854e-01,5.991025813102256181e-02
2.907318717785589146e-01,6.003303934718136337e-02
2.904932285785364887e-01,6.008007803448553452e-02
2.903254704759659632e-01,6.005137419293504752e-02
2.902285974708473937e-01,5.994692782252988156e-02
2.902026095631807245e-01,5.976673892327008519e-02
2.902475067529659558e-01,5.951080749515561680e-02
2.903632890402030875e-01,5.917913353818639310e-02
2.905499564248922306e-01,5.877171705236261534e-02
2.908075089070331631e-01,5.828855803768417249e-02
2.911359464866259961e-01,5.772965649415110617e-02
2.915352691636709515e-01,5.709501242176316660e-02
2.920054769381675852e-01,5.638462582052077010e-02
2.925465698101162304e-01,5.559849669042370157e-02
2.931585477795166650e-01,5.473662503147197489e-02
2.938414108463692775e-01,5.379901084366535413e-02
2.945951590106736240e-01,5.278565412700432502e-02
2.954197922724298708e-01,5.169655488148862388e-02
2.963153106316379626e-01,5.053171310711828540e-02
2.972817140882983433e-01,4.929112880389294182e-02
2.983190026424102914e-01,4.797480197181328704e-02
2.994271762939741399e-01,4.658273261087896022e-02
3.006062350429898888e-01,4.511492072108999607e-02
3.018561788894579268e-01,4.357136630244595743e-02
3.031770078333775320e-01,4.195206935494766309e-02
3.045687218747490377e-01,4.025702987859473836e-02
3.060313210135724438e-01,3.848624787338714853e-02
3.075648052498477503e-01,3.663972333932490055e-02
3.091691745835755123e-01,3.471745627640746013e-02
3.108444290147546196e-01,3.271944668463589584e-02
3.125905685433855719e-01,3.064569456400968034e-02
3.144075931694685355e-01,2.849619991452882056e-02
3.162955028930039547e-01,2.627096273619265038e-02
3.182542977139907192e-01,2.396998302900246736e-02
3.202839776324293841e-01,2.159326079295763312e-02
3.223845426483199494e-01,1.914079602805814767e-02
3.245559927616630813e-01,1.661258873430327548e-02
3.267983279724574475e-01,1.400863891169445291e-02
3.291115482807037695e-01,1.132894656023101382e-02
